observation_date,pig_id,pen_id,age_days,weight_kg,activity_minutes,distance_m,mean_speed_m_s,lying_ratio,feeding_visits,feeding_minutes,drinking_visits,social_contacts,posture_changes,cough_events,ambient_temp_c,humidity_pct,camera_coverage_pct,vitality_score,valid,qc_note
2026-03-01,P001,PEN01,80,45.84,88.7,859.7,0.162,0.597,11,45.5,10,17,38,0,22.5,68.2,90.0,44.1,True,
2026-03-02,P001,PEN01,81,46.16,88.9,1140.6,0.214,0.592,10,50.0,6,17,38,1,23.6,70.2,91.4,48.7,True,
2026-03-03,P001,PEN01,82,47.68,116.4,1087.2,0.156,,9,49.0,6,24,31,0,24.2,73.5,91.7,52.3,True,
2026-03-04,P001,PEN01,83,48.83,97.9,1097.3,0.187,0.567,12,47.1,8,26,33,2,26.2,72.8,89.6,48.1,True,
2026-03-05,P001,PEN01,84,48.56,110.3,995.8,0.15,0.545,7,47.0,7,26,37,0,26.0,67.5,83.9,53.2,True,
2026-03-06,P001,PEN01,85,49.65,78.1,1287.0,0.275,0.617,8,51.3,6,26,38,0,26.4,66.9,99.0,49.2,True,
2026-03-07,P001,PEN01,86,50.03,103.9,1119.2,0.179,0.526,12,44.2,8,21,43,0,26.0,73.2,91.0,52.8,True,
2026-03-08,P001,PEN01,87,50.49,89.2,850.6,0.159,0.632,12,44.3,9,24,35,0,25.1,72.1,92.4,41.0,True,
2026-03-09,P001,PEN01,88,51.32,100.7,993.8,0.164,0.617,12,51.5,9,17,45,1,26.4,62.4,85.6,48.5,True,
2026-03-10,P001,PEN01,89,52.15,103.4,965.6,0.156,0.575,10,52.6,7,16,38,0,27.0,72.0,87.6,53.5,True,
2026-03-11,P001,PEN01,90,53.02,106.9,1134.7,0.177,0.532,11,,7,23,29,1,26.4,58.3,90.9,51.6,True,
2026-03-12,P001,PEN01,91,53.31,98.8,975.7,0.165,0.563,13,47.3,9,23,33,0,25.9,60.6,98.6,50.3,True,
2026-03-13,P001,PEN01,92,53.39,77.2,812.8,0.175,0.576,11,48.2,6,17,27,0,25.5,62.3,93.0,44.9,True,
2026-03-14,P001,PEN01,93,54.71,103.7,1119.2,0.18,0.565,10,47.8,7,20,31,0,25.6,60.9,88.6,52.6,True,
2026-03-15,P001,PEN01,94,55.8,92.9,1053.9,0.189,0.57,11,43.0,8,17,28,1,25.9,59.5,88.6,45.4,True,
2026-03-16,P001,PEN01,95,55.29,93.3,939.8,0.168,0.589,12,34.6,10,18,28,1,25.1,57.7,91.3,37.6,True,
2026-03-17,P001,PEN01,96,56.75,92.8,1001.1,0.18,0.546,10,53.6,7,24,39,0,23.3,59.0,95.3,54.8,True,
2026-03-18,P001,PEN01,97,58.07,104.0,969.5,0.155,0.589,11,44.3,8,15,31,1,23.8,55.4,95.4,46.0,True,
2026-03-19,P001,PEN01,98,58.44,97.8,1150.0,0.196,0.627,11,43.9,7,21,43,0,23.0,59.1,100.0,45.4,True,
2026-03-20,P001,PEN01,99,59.48,100.2,877.7,0.146,0.553,13,47.7,8,16,38,1,23.6,57.9,91.5,48.9,True,
2026-03-21,P001,PEN01,100,59.87,100.3,1035.7,0.172,0.545,12,54.5,9,21,37,0,23.2,52.6,99.4,56.9,True,
2026-03-22,P001,PEN01,101,60.59,98.2,1028.8,0.175,0.575,13,45.5,7,14,30,0,22.8,52.5,96.0,48.7,True,
2026-03-23,P001,PEN01,102,61.13,88.5,965.6,0.182,0.579,11,42.4,8,20,23,1,20.8,63.2,96.1,42.8,True,
2026-03-24,P001,PEN01,103,62.27,85.8,867.9,0.169,0.603,10,46.5,7,20,43,0,21.5,55.1,95.3,43.9,True,
2026-03-25,P001,PEN01,104,62.07,90.0,1148.4,0.213,0.63,12,51.8,8,20,28,1,20.1,58.9,89.5,47.7,True,
2026-03-26,P001,PEN01,105,64.11,99.3,922.6,0.155,0.52,11,48.1,6,16,31,0,21.3,57.2,96.6,53.1,True,
2026-03-27,P001,PEN01,106,64.83,107.1,1084.5,0.169,0.618,9,52.6,9,22,35,0,21.3,63.8,95.7,52.5,True,
2026-03-28,P001,PEN01,107,64.71,90.1,1007.8,0.186,0.493,13,49.2,6,23,31,0,20.6,65.5,96.1,54.9,True,
2026-03-29,P001,PEN01,108,65.52,107.9,1344.7,0.208,0.627,11,37.0,9,20,35,2,20.6,61.8,89.4,41.8,True,
2026-03-30,P001,PEN01,109,66.38,106.5,736.0,0.115,0.606,11,45.2,11,21,34,1,20.9,64.4,91.1,43.5,True,
2026-03-31,P001,PEN01,110,66.48,80.0,925.9,0.193,0.566,12,47.4,6,23,29,3,21.6,65.6,95.1,42.4,True,
2026-04-01,P001,PEN01,111,67.45,99.1,1130.3,0.19,0.561,11,50.0,8,19,41,1,23.1,64.7,100.0,52.3,True,
2026-04-02,P001,PEN01,112,69.03,97.8,1078.9,0.184,0.551,8,45.9,8,16,45,1,21.8,65.2,97.2,49.6,True,
2026-04-03,P001,PEN01,113,69.54,90.5,1043.2,0.192,0.58,11,39.5,7,10,44,2,22.6,64.9,96.9,40.6,True,
2026-04-04,P001,PEN01,114,70.09,101.6,818.3,0.134,0.584,10,52.0,8,21,40,1,24.0,70.1,91.8,49.3,True,
2026-04-05,P001,PEN01,115,71.01,106.8,899.2,0.14,,13,49.8,10,18,34,0,25.0,72.4,92.5,51.5,True,
2026-04-06,P001,PEN01,116,71.54,91.6,1014.3,0.185,0.63,12,50.3,8,23,30,0,25.1,71.3,96.7,47.0,True,
2026-04-07,P001,PEN01,117,72.74,92.8,1101.3,0.198,0.573,11,38.8,9,21,35,0,25.5,75.6,91.2,44.3,True,
2026-04-08,P001,PEN01,118,73.07,84.4,925.8,0.183,0.563,12,49.2,5,17,41,0,25.6,69.2,87.9,48.7,True,
2026-04-09,P001,PEN01,119,73.61,90.9,953.9,0.175,0.573,12,44.7,10,23,34,0,25.8,68.0,90.8,46.4,True,
2026-04-10,P001,PEN01,120,73.92,94.8,894.4,0.157,0.527,9,38.5,8,20,38,0,27.5,71.9,89.1,45.4,True,
2026-04-11,P001,PEN01,121,74.5,90.2,1115.4,0.206,0.611,12,42.4,6,19,37,0,25.1,67.9,95.7,43.9,True,
2026-03-01,P002,PEN02,85,38.83,73.9,714.0,0.161,0.582,11,47.4,7,21,27,1,22.6,72.2,91.4,41.1,True,
2026-03-02,P002,PEN02,86,39.86,84.2,856.8,0.17,0.623,7,,7,25,26,0,22.7,76.0,94.4,37.1,True,
2026-03-03,P002,PEN02,87,39.53,83.5,800.0,0.16,0.616,9,33.1,10,18,36,0,23.3,67.5,90.2,33.3,True,
2026-03-04,P002,PEN02,88,39.97,75.6,913.8,0.202,0.571,12,42.0,8,19,25,0,23.5,70.4,92.3,41.9,True,
2026-03-05,P002,PEN02,89,41.53,90.9,732.8,0.134,0.591,9,47.0,9,20,25,0,23.9,70.1,96.0,44.5,True,
2026-03-06,P002,PEN02,90,42.21,84.2,976.5,0.193,0.65,9,38.2,7,9,22,0,23.9,70.8,95.2,36.3,True,
2026-03-07,P002,PEN02,91,43.26,81.3,968.2,0.198,0.627,7,36.4,8,17,28,1,25.0,69.1,92.6,34.7,True,
2026-03-08,P002,PEN02,92,43.91,76.3,725.4,0.158,0.662,8,42.7,7,7,37,1,25.9,72.9,88.4,33.3,True,
2026-03-09,P002,PEN02,93,43.54,87.9,809.7,0.154,0.613,11,31.5,8,13,28,0,25.5,67.9,94.2,33.3,True,
2026-03-10,P002,PEN02,94,45.64,83.3,1014.5,0.203,0.668,9,37.5,8,17,27,0,26.7,62.8,93.6,34.9,True,
2026-03-11,P002,PEN02,95,46.03,65.4,796.0,0.203,0.581,11,43.1,8,22,32,1,25.0,66.4,100.0,37.8,True,
2026-03-12,P002,PEN02,96,46.89,81.1,792.8,0.163,0.624,12,55.0,8,26,20,2,25.0,65.3,97.9,43.8,True,
2026-03-13,P002,PEN02,97,47.91,85.3,694.4,0.136,0.586,11,41.1,9,18,28,0,24.7,55.4,97.9,39.7,True,
2026-03-14,P002,PEN02,98,48.14,82.3,800.1,0.162,0.59,8,42.7,9,17,23,0,24.6,59.5,100.0,41.1,True,
2026-03-15,P002,PEN02,99,48.69,74.8,601.5,0.134,0.616,8,35.9,8,19,29,0,24.7,56.6,93.9,31.7,True,
2026-03-16,P002,PEN02,100,50.0,67.8,897.3,0.221,0.599,9,49.2,8,20,29,0,23.5,51.0,85.2,43.4,True,
2026-03-17,P002,PEN02,101,50.73,75.8,872.9,0.192,0.628,9,35.9,7,16,30,0,23.2,51.7,94.9,33.9,True,
2026-03-18,P002,PEN02,102,51.77,98.2,814.5,0.138,0.606,10,35.5,6,20,36,0,21.8,56.2,93.9,38.1,True,
2026-03-19,P002,PEN02,103,52.75,71.6,449.6,0.105,0.577,11,25.4,7,17,24,0,21.7,53.1,98.0,25.5,True,
2026-03-20,P002,PEN02,104,52.93,90.0,868.2,0.161,0.647,8,40.3,9,23,30,0,22.1,57.2,88.4,37.7,True,
2026-03-21,P002,PEN02,105,53.46,70.9,574.6,0.135,0.613,9,32.1,7,15,35,0,21.8,54.7,95.5,28.6,True,
2026-03-22,P002,PEN02,106,54.01,91.6,823.3,0.15,0.565,10,42.4,10,18,26,0,20.9,54.1,99.8,44.2,True,
2026-03-23,P002,PEN02,107,54.54,83.4,533.9,0.107,0.643,10,39.6,6,17,31,0,20.3,56.6,89.5,33.1,True,
2026-03-24,P002,PEN02,108,55.07,86.4,846.8,0.163,0.523,8,36.3,7,24,17,0,20.0,53.5,96.2,42.4,True,
2026-03-25,P002,PEN02,109,55.71,78.7,699.0,0.148,0.642,9,43.2,7,17,27,0,18.5,56.4,95.6,36.4,True,
2026-03-26,P002,PEN02,110,56.71,,810.0,0.159,0.643,8,33.7,8,19,26,0,19.7,52.9,100.0,32.3,True,
2026-03-27,P002,PEN02,111,56.63,81.7,662.4,0.135,0.665,9,46.1,8,20,30,0,19.8,55.8,98.2,37.0,True,
2026-03-28,P002,PEN02,112,58.43,63.2,733.1,0.193,0.609,10,39.4,8,17,34,2,20.3,60.5,92.0,31.1,True,
2026-03-29,P002,PEN02,113,59.08,71.6,812.0,0.189,0.602,13,45.2,7,23,40,0,20.0,62.4,88.7,40.3,True,
2026-03-30,P002,PEN02,114,59.23,94.8,837.1,0.147,0.575,9,41.5,10,19,20,1,21.3,61.6,93.0,42.2,True,
2026-03-31,P002,PEN02,115,60.77,77.3,705.4,0.152,,10,43.2,9,22,32,0,20.2,61.8,89.3,37.7,True,
2026-04-01,P002,PEN02,116,61.84,79.0,617.9,0.13,0.668,10,32.5,7,19,36,0,21.5,67.8,85.9,27.0,True,
2026-04-02,P002,PEN02,117,61.93,90.2,730.1,0.135,0.59,11,38.5,7,18,23,1,22.1,67.7,97.3,37.5,True,
2026-04-03,P002,PEN02,118,62.48,84.8,856.9,0.168,0.58,11,36.5,9,15,25,1,24.0,71.1,89.3,37.3,True,
2026-04-04,P002,PEN02,119,64.06,66.5,692.0,0.174,0.626,10,32.8,8,16,27,1,22.8,71.0,82.2,27.3,True,
2026-04-05,P002,PEN02,120,64.32,64.2,671.2,0.174,0.585,11,37.7,7,10,31,0,24.0,67.6,88.4,34.0,True,
2026-04-06,P002,PEN02,121,65.01,66.5,895.0,0.224,0.652,9,40.4,12,17,37,2,24.0,68.8,95.2,31.2,True,
2026-04-07,P002,PEN02,122,65.03,79.7,1009.1,0.211,0.569,12,46.7,8,23,28,0,24.7,68.3,93.8,46.7,True,
2026-04-08,P002,PEN02,123,66.56,73.5,804.3,0.182,0.592,8,34.3,8,14,25,0,23.6,67.8,92.5,34.2,True,
2026-04-09,P002,PEN02,124,66.8,79.7,783.6,0.164,,11,40.0,10,21,34,0,25.2,71.9,88.4,36.1,True,
2026-04-10,P002,PEN02,125,67.92,88.6,837.1,0.158,0.664,9,39.8,7,18,26,0,24.3,66.0,88.2,35.7,True,
2026-04-11,P002,PEN02,126,67.68,73.1,1021.4,0.233,0.654,10,45.5,5,12,27,0,24.8,66.0,92.9,39.4,True,
2026-03-01,P003,PEN03,88,41.58,100.6,1076.8,0.178,0.508,12,48.3,8,17,41,0,22.2,66.0,89.0,55.7,True,
2026-03-02,P003,PEN03,89,43.18,97.6,997.9,0.17,0.578,12,42.3,10,26,40,0,22.9,69.0,99.4,46.0,True,
2026-03-03,P003,PEN03,90,42.29,103.8,1060.8,0.17,0.61,11,50.9,7,15,41,0,24.0,72.5,95.1,51.1,True,
2026-03-04,P003,PEN03,91,44.27,94.1,973.0,0.172,0.582,12,42.2,5,19,42,0,23.7,68.0,90.1,44.9,True,
2026-03-05,P003,PEN03,92,44.37,110.1,1311.1,0.198,0.584,13,43.0,9,17,40,0,24.1,65.3,88.8,51.2,True,
2026-03-06,P003,PEN03,93,45.16,107.2,1159.6,0.18,0.599,11,42.2,7,18,41,0,23.5,70.7,87.8,47.8,True,
2026-03-07,P003,PEN03,94,45.36,90.9,1084.9,0.199,0.542,11,53.4,7,28,34,0,25.5,62.7,89.6,55.4,True,
2026-03-08,P003,PEN03,95,45.84,101.9,882.9,0.144,0.562,12,45.3,8,16,46,0,25.2,66.5,94.3,48.6,True,
2026-03-09,P003,PEN03,96,46.65,84.7,1042.6,0.205,0.609,11,51.8,9,20,37,0,30.3,69.6,95.4,48.6,True,
2026-03-10,P003,PEN03,97,48.69,87.5,723.9,0.138,0.613,12,42.1,10,30,35,0,30.5,66.1,86.1,39.3,True,
2026-03-11,P003,PEN03,98,49.42,83.9,1079.9,0.214,0.642,13,52.2,10,27,39,1,30.5,69.4,100.0,45.5,True,
2026-03-12,P003,PEN03,99,49.84,82.4,812.8,0.164,0.611,11,55.6,11,21,34,1,31.3,64.4,94.2,46.9,True,
2026-03-13,P003,PEN03,100,50.66,110.0,1041.2,0.158,0.522,12,55.1,10,26,29,1,24.0,63.8,84.5,59.0,True,
2026-03-14,P003,PEN03,101,51.31,99.3,1056.7,0.177,0.617,11,48.0,7,24,31,0,25.0,62.8,97.9,48.0,True,
2026-03-15,P003,PEN03,102,51.72,111.2,1044.2,0.157,0.518,13,56.8,7,24,33,2,24.5,59.6,100.0,59.2,True,
2026-03-16,P003,PEN03,103,52.34,100.7,1052.3,0.174,0.536,11,42.9,9,29,35,0,23.9,60.0,96.1,50.2,True,
2026-03-17,P003,PEN03,104,52.68,108.1,1221.3,0.188,0.571,11,56.0,7,22,28,0,22.5,57.4,84.8,59.3,True,
2026-03-18,P003,PEN03,105,54.05,104.5,,0.198,0.513,12,47.8,9,23,40,0,23.5,54.7,96.4,57.4,True,
2026-03-19,P003,PEN03,106,54.53,109.0,1154.4,0.177,0.566,10,41.2,8,20,37,4,21.4,53.1,100.0,43.9,True,
2026-03-20,P003,PEN03,107,55.89,104.7,940.3,0.15,0.636,12,40.4,8,27,32,2,23.2,54.6,97.8,38.8,True,
2026-03-21,P003,PEN03,108,56.23,95.0,1168.4,0.205,0.565,11,50.7,7,18,40,0,20.4,50.7,93.8,53.6,True,
2026-03-22,P003,PEN03,109,56.58,109.4,977.3,0.149,0.551,11,46.4,8,19,38,1,21.6,52.1,96.9,50.7,True,
2026-03-23,P003,PEN03,110,57.32,117.6,1195.0,0.169,0.533,9,38.4,8,22,33,0,19.7,55.9,94.7,51.6,True,
2026-03-24,P003,PEN03,111,58.41,75.8,1341.0,0.295,0.603,12,32.8,8,19,29,0,19.9,55.9,95.6,38.1,True,
2026-03-25,P003,PEN03,112,58.76,99.9,1148.8,0.192,0.573,13,50.1,6,15,38,1,20.0,57.8,90.5,51.9,True,
2026-03-26,P003,PEN03,113,60.14,102.3,1133.6,0.185,0.587,14,53.1,8,21,27,2,20.0,62.3,91.8,51.8,True,
2026-03-27,P003,PEN03,114,60.29,117.1,905.8,0.129,0.553,11,,7,24,35,1,20.5,56.7,95.7,52.6,True,
2026-03-28,P003,PEN03,115,61.05,95.2,1012.0,0.177,0.548,12,48.7,8,22,40,0,21.0,60.3,84.8,51.9,True,
2026-03-29,P003,PEN03,116,61.5,115.6,854.3,0.123,0.58,13,53.3,8,28,35,1,20.5,60.3,93.5,53.1,True,
2026-03-30,P003,PEN03,117,62.29,99.0,1139.7,0.192,0.564,12,42.9,7,28,42,0,21.9,65.0,100.0,49.0,True,
2026-03-31,P003,PEN03,118,63.16,100.5,910.4,0.151,0.489,11,42.5,9,25,41,1,21.2,68.1,95.0,50.1,True,
2026-04-01,P003,PEN03,119,64.27,122.6,1035.3,0.141,0.559,10,54.4,8,15,31,0,21.5,67.0,93.2,59.5,True,
2026-04-02,P003,PEN03,120,64.57,107.7,925.5,0.143,0.536,10,47.2,9,26,37,0,22.3,68.2,88.9,52.8,True,
2026-04-03,P003,PEN03,121,65.77,108.4,1040.2,0.16,0.528,14,48.6,8,21,40,0,23.2,63.6,100.0,55.6,True,
2026-04-04,P003,PEN03,122,66.28,111.2,1336.0,0.2,0.501,11,45.6,6,12,45,3,22.0,64.9,89.4,54.5,True,
2026-04-05,P003,PEN03,123,66.86,111.7,998.5,0.149,0.596,11,44.4,7,30,41,0,23.1,72.5,90.7,48.5,True,
2026-04-06,P003,PEN03,124,67.57,112.8,1069.0,0.158,0.587,12,43.3,5,23,43,1,25.1,71.1,88.2,47.8,True,
2026-04-07,P003,PEN03,125,68.43,106.4,1066.1,0.167,0.566,13,46.5,8,15,41,0,25.5,67.4,86.1,51.6,True,
2026-04-08,P003,PEN03,126,69.04,92.5,859.1,0.155,0.509,10,54.7,9,19,39,0,24.8,69.5,93.4,56.4,True,
2026-04-09,P003,PEN03,127,70.4,101.3,1207.8,0.199,0.552,12,39.6,10,24,35,1,25.0,75.1,94.1,47.3,True,
2026-04-10,P003,PEN03,128,69.57,112.3,1039.7,0.154,0.572,11,52.9,8,20,41,0,24.4,72.8,93.1,56.1,True,
2026-04-11,P003,PEN03,129,71.59,110.0,1032.5,0.156,0.637,12,58.9,6,22,40,0,24.2,75.8,93.0,55.3,True,
2026-03-01,P004,PEN04,82,38.09,95.4,1031.4,0.18,0.575,11,49.9,8,19,28,1,24.6,75.1,87.1,49.7,True,
2026-03-02,P004,PEN04,83,39.43,85.5,790.1,0.154,0.593,15,35.7,7,14,22,2,24.1,71.1,96.4,34.0,True,
2026-03-03,P004,PEN04,84,39.11,88.9,1051.4,0.197,0.569,10,43.2,9,13,34,1,26.6,78.2,84.9,44.9,True,
2026-03-04,P004,PEN04,85,39.82,87.7,1103.4,0.21,0.61,10,40.4,8,26,31,1,25.6,68.6,98.6,40.8,True,
2026-03-05,P004,PEN04,86,39.93,78.3,1028.9,0.219,0.563,9,41.7,7,21,37,1,25.7,67.6,100.0,42.5,True,
2026-03-06,P004,PEN04,87,40.96,85.0,987.2,0.193,0.567,9,47.5,10,27,36,1,25.0,63.5,93.1,46.6,True,
2026-03-07,P004,PEN04,88,43.05,93.4,1223.3,0.218,0.556,11,53.9,7,21,29,0,25.9,65.0,96.1,56.6,True,
2026-03-08,P004,PEN04,89,43.19,92.4,863.9,0.156,0.605,9,39.4,8,12,40,1,26.0,68.9,100.0,38.8,True,
2026-03-09,P004,PEN04,90,44.24,89.8,1062.1,0.197,0.69,11,44.7,11,15,32,1,32.1,69.4,94.4,38.3,True,
2026-03-10,P004,PEN04,91,44.42,81.3,848.9,0.174,0.629,10,37.3,9,21,31,0,31.7,65.5,95.3,35.3,True,
2026-03-11,P004,PEN04,92,45.04,75.3,977.6,0.216,0.649,10,50.0,8,15,26,0,31.4,63.9,96.7,42.6,True,
2026-03-12,P004,PEN04,93,45.28,77.1,675.5,0.146,0.687,9,48.9,10,22,25,0,32.4,67.7,96.4,36.7,True,
2026-03-13,P004,PEN04,94,46.64,101.7,944.8,0.155,0.545,12,44.9,10,20,36,1,26.7,59.5,92.3,48.6,True,
2026-03-14,P004,PEN04,95,46.63,91.3,1049.0,0.192,0.516,11,53.1,9,17,30,1,27.3,57.6,87.2,55.2,True,
2026-03-15,P004,PEN04,96,47.58,100.5,1001.6,0.166,0.58,11,42.0,8,21,35,0,26.7,61.0,92.3,46.2,True,
2026-03-16,P004,PEN04,97,48.93,94.0,1094.8,0.194,0.598,12,43.7,5,26,35,1,24.7,59.5,90.6,44.6,True,
2026-03-17,P004,PEN04,98,49.8,86.2,956.5,0.185,0.567,11,42.8,7,24,36,0,24.3,57.6,97.9,44.8,True,
2026-03-18,P004,PEN04,99,50.44,108.2,1168.2,0.18,0.589,10,40.4,8,20,29,0,24.5,51.5,87.0,47.4,True,
2026-03-19,P004,PEN04,100,51.44,107.8,1069.7,0.165,0.6,12,46.0,8,18,29,0,24.3,56.7,94.0,49.4,True,
2026-03-20,P004,PEN04,101,51.53,91.4,889.4,0.162,0.565,10,40.0,10,26,32,0,23.2,62.1,92.0,43.3,True,
2026-03-21,P004,PEN04,102,52.22,96.4,1268.5,0.219,0.625,12,40.6,7,22,37,2,22.9,53.9,87.0,41.6,True,
2026-03-22,P004,PEN04,103,53.85,82.2,924.0,0.187,0.628,11,46.4,9,15,30,1,22.4,55.3,89.2,40.9,True,
2026-03-23,P004,PEN04,104,53.68,,1012.0,0.2,0.536,13,36.3,6,20,36,0,21.6,58.2,97.0,42.9,True,
2026-03-24,P004,PEN04,105,55.33,91.7,1061.7,0.193,0.568,9,47.0,9,20,32,0,21.9,58.7,95.4,49.5,True,
2026-03-25,P004,PEN04,106,56.04,96.7,972.2,0.168,0.585,11,48.6,9,14,43,1,21.1,59.3,90.9,47.9,True,
2026-03-26,P004,PEN04,107,56.35,82.9,898.7,0.181,0.57,11,44.8,8,18,38,0,20.3,60.1,95.2,44.8,True,
2026-03-27,P004,PEN04,108,56.8,98.0,1067.9,0.182,0.648,11,51.7,7,18,31,0,21.6,60.9,92.7,48.3,True,
2026-03-28,P004,PEN04,109,56.81,93.5,1097.6,0.196,0.564,8,47.8,7,20,25,0,21.5,58.2,98.0,50.8,True,
2026-03-29,P004,PEN04,110,58.47,94.0,817.2,0.145,0.562,10,53.9,6,19,35,1,21.0,56.4,92.0,50.9,True,
2026-03-30,P004,PEN04,111,58.57,94.7,865.3,0.152,0.63,12,41.8,6,13,37,1,21.7,67.7,94.7,39.1,True,
2026-03-31,P004,PEN04,112,59.19,93.0,1006.1,0.18,0.655,11,52.1,9,20,24,0,21.4,64.4,96.1,46.8,True,
2026-04-01,P004,PEN04,113,60.5,74.9,1019.3,0.227,0.601,14,41.1,10,21,26,1,21.9,64.2,89.7,38.9,True,
2026-04-02,P004,PEN04,114,61.38,90.6,804.1,0.148,0.574,10,47.8,9,19,25,0,22.8,67.1,90.8,46.8,True,
2026-04-03,P004,PEN04,115,61.86,81.5,1054.0,0.216,0.562,9,43.8,8,19,27,1,23.8,62.4,95.2,44.6,True,
2026-04-04,P004,PEN04,116,63.05,101.4,953.1,0.157,0.571,13,46.0,9,23,41,0,24.4,65.1,90.1,49.0,True,
2026-04-05,P004,PEN04,117,63.11,100.3,854.3,0.142,0.609,11,43.5,10,16,37,0,24.6,66.7,97.4,43.8,True,
2026-04-06,P004,PEN04,118,63.11,76.7,844.9,0.184,0.573,11,53.7,8,18,37,1,25.6,70.5,79.9,47.5,True,
2026-04-07,P004,PEN04,119,64.75,86.1,1176.1,0.228,0.624,13,49.3,6,18,30,0,25.9,69.9,90.2,47.5,True,
2026-04-08,P004,PEN04,120,65.8,83.4,1036.1,0.207,0.551,11,41.2,6,23,38,0,24.9,68.4,98.7,45.2,True,
2026-04-09,P004,PEN04,121,66.29,70.6,1043.1,0.246,0.613,10,32.8,7,17,34,0,27.4,68.9,99.1,33.7,True,
2026-04-10,P004,PEN04,122,66.5,95.1,890.2,0.156,0.543,8,46.1,9,17,38,0,26.2,65.3,91.1,49.2,True,
2026-04-11,P004,PEN04,123,68.19,82.8,709.3,0.143,0.571,13,44.5,8,16,33,1,28.0,70.8,100.0,41.2,True,
2026-03-01,P005,PEN05,81,37.19,52.3,711.9,0.227,0.696,10,23.1,8,5,25,1,22.9,74.4,94.5,14.3,True,
2026-03-02,P005,PEN05,82,37.33,70.2,845.1,0.201,0.682,8,36.8,9,12,29,0,23.4,73.8,97.3,29.8,True,
2026-03-03,P005,PEN05,83,38.44,57.7,721.9,0.209,0.585,9,34.9,6,11,24,0,24.5,76.8,98.6,31.6,True,
2026-03-04,P005,PEN05,84,38.35,57.1,785.5,0.229,0.644,8,21.5,9,14,26,0,25.1,70.3,95.0,19.6,True,
2026-03-05,P005,PEN05,85,39.97,40.0,508.1,0.212,0.667,9,24.8,9,15,25,0,25.6,71.2,93.5,14.7,True,
2026-03-06,P005,PEN05,86,40.94,68.4,697.3,0.17,0.728,9,39.5,9,11,37,0,24.4,73.1,95.7,26.8,True,
2026-03-07,P005,PEN05,87,41.23,66.8,555.7,0.139,0.612,6,19.3,7,8,19,0,25.8,69.9,90.0,19.5,True,
2026-03-08,P005,PEN05,88,41.78,55.0,525.8,0.159,0.637,9,40.5,7,9,32,0,24.6,65.8,94.7,29.5,True,
2026-03-09,P005,PEN05,89,42.99,59.9,679.2,0.189,0.693,9,30.2,8,13,16,0,26.6,68.2,92.4,21.5,True,
2026-03-10,P005,PEN05,90,43.93,43.4,601.5,0.231,0.617,7,30.2,6,11,20,1,26.7,60.7,94.0,21.6,True,
2026-03-11,P005,PEN05,91,44.15,65.8,903.3,0.229,0.62,9,33.0,8,11,21,0,24.9,59.8,98.4,31.2,True,
2026-03-12,P005,PEN05,92,45.28,64.8,506.0,0.13,0.711,9,37.9,11,16,19,0,25.6,65.1,86.9,24.3,True,
2026-03-13,P005,PEN05,93,46.07,61.3,599.5,0.163,,8,35.8,5,15,25,0,25.1,63.2,87.4,26.0,True,
2026-03-14,P005,PEN05,94,46.42,67.5,852.0,0.21,0.684,10,33.0,10,10,28,0,24.5,57.5,84.7,26.8,True,
2026-03-15,P005,PEN05,95,47.61,55.1,644.4,0.195,0.673,9,29.8,7,11,20,0,24.1,62.7,89.2,21.4,True,
2026-03-16,P005,PEN05,96,47.27,58.5,725.0,0.206,0.687,7,31.9,9,17,32,3,24.9,56.5,100.0,19.0,True,
2026-03-17,P005,PEN05,97,48.66,47.1,591.9,0.209,0.668,6,38.3,9,14,26,2,23.7,52.2,86.8,22.6,True,
2026-03-18,P005,PEN05,98,48.87,37.8,486.3,0.214,0.72,8,22.5,8,5,20,1,23.1,55.7,94.4,7.9,True,
2026-03-19,P005,PEN05,99,50.3,36.8,197.3,0.089,0.716,7,26.5,9,10,19,1,21.3,53.3,100.0,7.7,True,
2026-03-20,P005,PEN05,100,50.58,42.6,327.3,0.128,0.806,9,31.5,9,5,18,0,21.4,52.9,89.6,8.7,True,
2026-03-21,P005,PEN05,101,50.98,34.9,343.4,0.164,0.805,9,26.3,8,13,20,1,21.6,59.2,90.4,2.9,True,
2026-03-22,P005,PEN05,102,50.92,21.0,474.0,0.376,0.783,5,20.2,6,12,5,1,19.4,61.2,95.1,0.0,True,
2026-03-23,P005,PEN05,103,51.09,36.5,111.7,0.051,0.832,6,19.5,6,10,7,0,20.7,58.5,92.0,0.0,True,
2026-03-24,P005,PEN05,104,52.73,23.3,97.7,0.07,0.842,7,23.5,7,8,19,2,19.6,60.6,93.2,0.0,True,
2026-03-25,P005,PEN05,105,53.54,22.2,80.0,0.06,0.785,6,28.0,8,12,11,0,19.2,56.0,85.0,2.1,True,
2026-03-26,P005,PEN05,106,54.38,12.2,132.1,0.181,0.801,6,22.2,7,1,18,0,20.7,54.8,90.9,0.0,True,
2026-03-27,P005,PEN05,107,55.16,12.8,367.9,0.478,0.863,6,29.8,7,11,21,2,20.4,58.6,88.8,0.0,True,
2026-03-28,P005,PEN05,108,55.88,8.0,305.8,0.637,0.799,7,26.5,6,14,9,1,20.7,61.6,85.5,0.0,True,
2026-03-29,P005,PEN05,109,57.0,59.6,415.1,0.116,0.715,6,40.2,8,11,29,0,21.6,63.1,87.4,23.8,True,
2026-03-30,P005,PEN05,110,57.7,63.5,470.4,0.124,0.709,6,22.5,11,11,22,0,20.6,65.3,91.3,13.9,True,
2026-03-31,P005,PEN05,111,58.26,53.8,564.4,0.175,0.75,8,34.3,8,14,18,0,18.6,60.2,91.0,18.3,True,
2026-04-01,P005,PEN05,112,59.1,49.7,601.0,0.202,0.701,9,31.6,8,11,16,1,21.8,63.2,94.8,18.0,True,
2026-04-02,P005,PEN05,113,59.57,46.8,508.7,0.181,0.678,9,37.8,9,16,20,0,21.1,68.2,94.8,23.5,True,
2026-04-03,P005,PEN05,114,60.06,46.2,392.4,0.142,0.68,6,32.6,9,12,15,0,22.3,66.5,89.8,18.8,True,
2026-04-04,P005,PEN05,115,61.4,41.9,793.0,0.315,0.677,9,29.9,8,15,20,1,23.4,67.5,95.1,19.2,True,
2026-04-05,P005,PEN05,116,61.16,55.8,443.8,0.133,0.691,7,37.1,6,6,25,0,24.4,69.9,92.4,23.0,True,
2026-04-06,P005,PEN05,117,62.87,31.3,453.3,0.241,0.707,8,17.6,7,13,20,1,24.0,72.0,96.6,4.1,True,
2026-04-07,P005,PEN05,118,63.7,48.6,447.9,0.154,0.734,9,31.8,8,5,22,1,23.7,67.2,96.6,14.4,True,
2026-04-08,P005,PEN05,119,64.29,48.3,391.4,0.135,0.725,11,28.8,6,9,19,0,25.6,73.1,93.9,13.7,True,
2026-04-09,P005,PEN05,120,64.15,47.9,534.2,0.186,0.679,8,26.7,9,4,25,0,25.4,68.5,98.9,16.7,True,
2026-04-10,P005,PEN05,121,65.7,40.5,564.2,0.232,0.723,7,22.8,8,5,34,0,25.5,71.7,95.8,10.5,True,
2026-04-11,P005,PEN05,122,66.44,44.3,616.7,0.232,0.693,8,23.4,8,16,20,0,25.7,74.4,89.5,13.9,True,
2026-03-01,P006,PEN06,84,32.02,99.5,1178.4,0.197,0.564,11,49.0,7,27,36,1,22.4,74.1,93.4,52.0,True,
2026-03-02,P006,PEN06,85,33.18,102.2,1201.2,0.196,0.541,12,52.8,8,17,40,0,23.8,75.2,96.6,58.0,True,
2026-03-03,P006,PEN06,86,33.05,98.9,1132.0,0.191,0.49,13,60.7,8,25,34,0,25.3,71.1,93.7,65.3,True,
2026-03-04,P006,PEN06,87,34.75,98.8,970.4,0.164,0.461,11,60.1,8,25,40,0,23.6,70.3,100.0,65.1,True,
2026-03-05,P006,PEN06,88,35.14,96.5,1105.7,0.191,0.608,12,54.9,7,26,35,2,25.7,67.3,90.4,50.3,True,
2026-03-06,P006,PEN06,89,35.19,104.8,1090.4,0.173,0.593,11,61.3,10,14,39,0,26.0,67.4,90.2,59.5,True,
2026-03-07,P006,PEN06,90,36.27,104.3,1133.4,0.181,0.592,10,40.4,8,14,38,1,25.7,63.8,93.4,44.9,True,
2026-03-08,P006,PEN06,91,36.99,109.1,1148.4,0.175,0.638,9,51.8,9,24,34,2,25.8,67.6,91.9,48.9,True,
2026-03-09,P006,PEN06,92,37.3,117.2,1037.6,0.148,0.537,10,50.6,9,26,31,0,28.1,66.6,98.2,57.6,True,
2026-03-10,P006,PEN06,93,38.5,113.9,1162.3,0.17,0.603,12,53.7,9,23,35,0,25.5,61.5,98.4,56.0,True,
2026-03-11,P006,PEN06,94,39.75,87.9,1205.6,0.229,0.553,13,53.2,7,25,36,0,25.1,64.7,100.0,55.2,True,
2026-03-12,P006,PEN06,95,40.32,104.3,934.1,0.149,0.546,13,51.8,8,18,40,0,25.7,59.3,94.9,54.7,True,
2026-03-13,P006,PEN06,96,41.56,82.2,1032.1,0.209,0.525,14,48.2,7,25,39,1,25.7,71.0,94.3,49.8,True,
2026-03-14,P006,PEN06,97,41.43,111.6,1396.3,0.209,0.535,12,52.9,9,24,38,0,25.9,60.5,99.1,62.0,True,
2026-03-15,P006,PEN06,98,42.6,89.0,956.5,0.179,0.587,12,46.0,7,32,37,0,24.5,54.6,91.6,46.0,True,
2026-03-16,P006,PEN06,99,42.65,120.3,1171.4,0.162,0.554,12,45.8,8,24,34,1,24.3,58.6,94.3,53.8,True,
2026-03-17,P006,PEN06,100,43.57,110.4,1070.8,0.162,0.569,11,58.6,9,25,36,0,23.8,58.2,97.8,60.0,True,
2026-03-18,P006,PEN06,101,43.97,106.7,1173.4,0.183,0.564,12,54.9,5,25,42,0,23.6,55.6,97.9,58.3,True,
2026-03-19,P006,PEN06,102,44.99,115.2,1064.2,0.154,0.557,13,47.7,11,23,45,0,21.7,52.9,88.6,54.4,True,
2026-03-20,P006,PEN06,103,45.51,103.9,879.2,0.141,0.563,14,35.9,8,20,42,0,20.8,54.3,87.6,42.6,True,
2026-03-21,P006,PEN06,104,46.91,114.1,1039.0,0.152,0.544,10,40.0,6,30,31,1,20.1,55.2,100.0,48.4,True,
2026-03-22,P006,PEN06,105,47.8,98.5,1220.2,0.206,0.587,11,42.8,7,20,31,1,22.0,57.7,90.2,46.7,True,
2026-03-23,P006,PEN06,106,48.88,,996.0,0.168,0.539,13,39.3,6,23,28,0,22.8,54.3,92.4,46.8,True,
2026-03-24,P006,PEN06,107,48.7,86.7,1071.5,0.206,0.585,11,45.3,9,25,40,0,20.5,56.7,87.3,46.4,True,
2026-03-25,P006,PEN06,108,49.57,111.8,1121.0,0.167,0.551,9,44.3,8,23,34,0,20.4,50.1,92.8,52.6,True,
2026-03-26,P006,PEN06,109,50.0,87.5,1217.2,0.232,0.524,10,51.7,11,22,25,1,20.3,58.7,92.1,54.8,True,
2026-03-27,P006,PEN06,110,50.65,89.5,1146.8,0.214,0.559,13,47.2,8,28,33,1,20.9,56.0,89.6,49.2,True,
2026-03-28,P006,PEN06,111,52.12,100.3,1199.5,0.199,0.527,14,47.8,7,22,37,0,20.4,57.8,92.3,55.3,True,
2026-03-29,P006,PEN06,112,52.25,110.0,1172.4,0.178,0.542,11,42.9,6,16,37,0,19.8,64.6,97.5,52.5,True,
2026-03-30,P006,PEN06,113,53.27,109.6,,0.191,0.518,14,54.1,7,26,43,0,21.8,63.7,93.9,62.0,True,
2026-03-31,P006,PEN06,114,54.09,96.5,1073.5,0.185,0.545,12,41.1,9,19,38,0,21.9,66.4,98.9,48.0,True,
2026-04-01,P006,PEN06,115,54.35,100.6,988.0,0.164,0.562,11,49.5,7,26,36,0,21.2,64.7,85.6,52.1,True,
2026-04-02,P006,PEN06,116,55.24,97.5,983.5,0.168,0.552,11,44.0,9,25,32,0,22.0,61.8,94.4,48.6,True,
2026-04-03,P006,PEN06,117,55.78,86.7,901.2,0.173,0.628,9,49.7,8,24,36,3,22.7,74.6,97.9,40.7,True,
2026-04-04,P006,PEN06,118,55.69,89.7,816.0,0.152,0.678,11,34.9,6,18,39,2,23.6,65.5,99.6,28.8,True,
2026-04-05,P006,PEN06,119,56.02,79.6,690.5,0.145,0.695,10,54.8,7,17,29,2,23.5,67.5,96.4,37.8,True,
2026-04-06,P006,PEN06,120,57.11,79.5,1002.8,0.21,0.717,10,37.7,8,13,26,3,23.4,68.9,100.0,27.0,True,
2026-04-07,P006,PEN06,121,57.78,67.8,984.8,0.242,0.672,8,36.9,9,14,32,2,25.7,68.2,92.1,28.7,True,
2026-04-08,P006,PEN06,122,58.1,94.5,676.8,0.119,0.669,11,40.3,6,17,23,2,25.5,69.3,100.0,32.3,True,
2026-04-09,P006,PEN06,123,59.1,63.8,888.2,0.232,0.697,8,38.4,7,15,25,4,25.2,71.9,92.7,23.7,True,
2026-04-10,P006,PEN06,124,60.26,103.6,847.9,0.136,0.675,10,35.2,8,15,38,5,26.7,72.7,92.8,27.6,True,
2026-04-11,P006,PEN06,125,60.38,83.6,823.7,0.164,0.691,6,45.3,8,19,33,3,26.4,71.5,98.2,32.4,True,
2026-03-01,P007,PEN07,88,41.31,138.3,1369.3,0.165,0.497,13,58.4,5,27,44,0,21.8,72.4,98.4,72.0,True,
2026-03-02,P007,PEN07,89,42.33,131.3,1285.4,0.163,0.494,13,59.6,8,28,37,0,22.4,70.3,95.8,71.0,True,
2026-03-03,P007,PEN07,90,43.06,143.1,1286.3,0.15,0.516,14,68.0,7,25,49,0,24.1,71.4,96.5,76.9,True,
2026-03-04,P007,PEN07,91,44.28,124.9,1404.8,0.187,0.463,12,54.0,9,31,37,2,24.7,72.6,95.8,66.8,True,
2026-03-05,P007,PEN07,92,44.68,129.7,1387.4,0.178,0.463,12,57.2,11,20,40,1,24.5,72.9,95.0,70.8,True,
2026-03-06,P007,PEN07,93,46.26,124.2,1538.3,0.206,0.479,14,44.2,8,37,45,0,24.4,70.2,86.4,63.4,True,
2026-03-07,P007,PEN07,94,45.93,131.4,1397.1,0.177,0.503,13,62.9,8,28,49,0,25.5,68.9,94.0,73.7,True,
2026-03-08,P007,PEN07,95,47.3,140.5,1537.0,0.182,,12,54.9,10,32,47,1,25.9,58.0,86.7,71.4,True,
2026-03-09,P007,PEN07,96,46.87,126.2,1329.4,0.176,0.494,13,56.0,8,25,45,0,26.8,64.0,97.7,68.2,True,
2026-03-10,P007,PEN07,97,48.33,143.1,1368.2,0.159,0.53,13,60.1,7,31,36,1,27.5,67.0,86.0,70.3,True,
2026-03-11,P007,PEN07,98,48.65,154.9,1174.6,0.126,0.524,11,58.6,6,28,47,0,23.8,63.3,100.0,71.0,True,
2026-03-12,P007,PEN07,99,50.01,129.8,1529.5,0.196,0.491,13,69.2,10,31,50,0,25.7,59.3,91.6,79.7,True,
2026-03-13,P007,PEN07,100,51.15,128.5,1284.7,0.167,0.493,15,54.3,9,33,50,0,24.4,63.2,99.0,67.1,True,
2026-03-14,P007,PEN07,101,51.04,142.8,1361.0,0.159,0.492,11,65.4,8,31,46,1,24.9,56.1,100.0,76.1,True,
2026-03-15,P007,PEN07,102,51.88,137.0,1415.3,0.172,0.496,15,50.5,9,28,49,0,23.6,55.6,98.2,67.2,True,
2026-03-16,P007,PEN07,103,52.06,114.5,1172.6,0.171,0.501,15,61.8,10,20,45,3,23.8,47.5,87.5,64.0,True,
2026-03-17,P007,PEN07,104,52.86,112.2,1177.1,0.175,0.525,13,52.3,9,27,44,1,23.2,56.5,86.9,58.7,True,
2026-03-18,P007,PEN07,105,53.43,113.9,1362.7,0.199,0.598,11,55.6,6,32,47,1,22.0,60.4,89.5,58.3,True,
2026-03-19,P007,PEN07,106,53.87,111.6,1076.3,0.161,0.615,12,48.4,10,17,25,1,21.8,54.3,87.7,49.2,True,
2026-03-20,P007,PEN07,107,55.13,110.9,1068.0,0.161,0.558,8,38.1,8,25,40,1,22.0,58.6,90.1,46.0,True,
2026-03-21,P007,PEN07,108,55.37,101.6,1335.6,0.219,0.541,9,48.3,7,19,32,2,21.0,58.6,96.8,53.5,True,
2026-03-22,P007,PEN07,109,55.53,115.2,1174.8,0.17,0.58,12,47.2,11,23,44,2,20.7,52.5,100.0,50.9,True,
2026-03-23,P007,PEN07,110,56.17,102.9,1299.9,0.211,0.647,12,40.1,9,28,34,0,20.8,52.2,95.0,44.0,True,
2026-03-24,P007,PEN07,111,57.38,106.1,1283.8,0.202,0.525,9,44.3,8,23,40,1,20.3,51.7,91.9,53.6,True,
2026-03-25,P007,PEN07,112,57.79,107.4,976.0,0.151,0.558,13,47.4,8,28,36,1,20.4,54.7,100.0,50.6,True,
2026-03-26,P007,PEN07,113,59.93,125.7,1350.5,0.179,0.554,12,64.6,8,27,37,0,20.4,56.5,100.0,70.1,True,
2026-03-27,P007,PEN07,114,59.55,124.9,1459.5,0.195,0.457,10,55.0,10,24,43,1,20.7,61.6,83.0,69.7,True,
2026-03-28,P007,PEN07,115,60.51,120.1,1253.0,0.174,0.472,12,54.6,6,22,43,2,20.4,58.0,97.7,64.2,True,
2026-03-29,P007,PEN07,116,61.67,134.8,1399.4,0.173,0.576,12,51.6,6,31,46,0,21.0,63.3,87.6,62.1,True,
2026-03-30,P007,PEN07,117,62.25,117.6,1075.9,0.152,0.545,11,59.7,7,27,39,0,19.0,64.8,90.7,63.5,True,
2026-03-31,P007,PEN07,118,63.55,129.3,1363.4,0.176,0.495,12,62.7,6,25,44,0,22.0,67.5,83.0,73.4,True,
2026-04-01,P007,PEN07,119,64.27,126.0,1459.8,0.193,0.498,12,53.8,9,33,40,0,20.7,65.2,96.2,67.8,True,
2026-04-02,P007,PEN07,120,65.29,125.6,1412.6,0.187,0.518,13,61.6,11,26,48,0,21.4,64.1,91.3,71.1,True,
2026-04-03,P007,PEN07,121,65.8,127.1,1087.4,0.143,0.56,15,62.7,6,25,43,2,22.4,65.7,96.1,63.3,True,
2026-04-04,P007,PEN07,122,65.6,122.1,1307.3,0.178,0.583,14,66.0,10,31,47,2,23.3,70.1,94.5,65.3,True,
2026-04-05,P007,PEN07,123,66.64,126.3,1527.9,0.202,0.562,12,58.4,9,26,48,2,23.0,70.2,100.0,64.6,True,
2026-04-06,P007,PEN07,124,67.43,109.4,1383.6,0.211,0.52,14,54.9,9,32,39,0,23.5,71.7,94.1,63.7,True,
2026-04-07,P007,PEN07,125,69.44,117.7,1270.3,0.18,0.523,12,61.0,7,35,42,3,23.2,76.8,93.3,63.5,True,
2026-04-08,P007,PEN07,126,69.53,133.2,1654.1,0.207,0.552,11,56.0,6,30,43,1,25.1,71.2,93.9,67.5,True,
2026-04-09,P007,PEN07,127,69.5,136.0,1284.8,0.157,0.572,11,59.6,12,35,35,0,26.4,68.1,93.0,66.7,True,
2026-04-10,P007,PEN07,128,70.51,120.8,1188.9,0.164,0.49,13,48.8,7,31,47,0,23.4,65.0,100.0,61.6,True,
2026-04-11,P007,PEN07,129,71.5,135.9,1279.1,0.157,0.476,11,59.4,9,31,43,0,25.9,75.5,94.9,72.7,True,
2026-03-01,P008,PEN08,87,43.48,112.4,1027.0,0.152,0.567,10,44.5,9,23,24,2,26.4,73.6,87.9,48.0,True,
2026-03-02,P008,PEN08,88,44.23,94.9,1082.4,0.19,0.521,10,44.6,10,20,42,0,23.4,70.1,89.6,51.6,True,
2026-03-03,P008,PEN08,89,44.84,91.5,1068.6,0.195,0.583,9,52.8,9,19,38,1,25.5,75.8,89.7,50.9,True,
2026-03-04,P008,PEN08,90,46.5,99.2,1060.9,0.178,0.519,12,44.2,7,17,33,0,25.6,69.2,99.3,52.0,True,
2026-03-05,P008,PEN08,91,46.39,106.6,1111.3,0.174,0.559,10,48.0,8,22,30,1,24.7,69.4,97.8,52.1,True,
2026-03-06,P008,PEN08,92,48.15,84.9,1024.5,0.201,0.529,12,43.9,10,18,41,0,26.3,76.1,91.4,48.5,True,
2026-03-07,P008,PEN08,93,47.63,93.4,1039.3,0.186,0.581,14,49.8,8,30,32,1,27.8,67.8,94.7,49.1,True,
2026-03-08,P008,PEN08,94,49.12,99.3,935.2,0.157,0.528,11,45.0,5,25,36,2,26.7,64.6,96.2,47.9,True,
2026-03-09,P008,PEN08,95,49.53,100.1,1072.6,0.179,0.501,11,48.9,10,21,30,0,27.7,69.1,92.3,56.5,True,
2026-03-10,P008,PEN08,96,50.44,102.0,1063.3,0.174,0.588,12,46.3,7,20,32,0,27.0,63.4,97.7,49.3,True,
2026-03-11,P008,PEN08,97,51.14,102.3,1122.6,0.183,0.625,12,51.3,9,24,42,0,26.4,64.3,85.7,50.9,True,
2026-03-12,P008,PEN08,98,51.68,87.6,1116.5,0.213,0.575,12,39.8,7,22,36,0,28.3,60.2,92.9,44.1,True,
2026-03-13,P008,PEN08,99,53.06,98.2,812.4,0.138,0.539,10,45.2,8,25,32,0,25.7,61.2,90.7,48.7,True,
2026-03-14,P008,PEN08,100,53.22,84.7,957.4,0.188,0.534,10,48.8,9,24,34,2,25.4,53.9,96.5,47.8,True,
2026-03-15,P008,PEN08,101,53.45,102.1,1187.2,0.194,0.599,12,33.4,7,26,30,0,25.9,56.5,87.9,41.5,True,
2026-03-16,P008,PEN08,102,54.58,93.9,1114.3,0.198,0.524,11,45.9,8,25,26,0,25.5,59.1,83.5,52.4,True,
2026-03-17,P008,PEN08,103,56.19,89.1,1067.8,0.2,0.62,12,48.3,8,20,38,1,24.7,55.0,93.9,45.2,True,
2026-03-18,P008,PEN08,104,55.64,92.0,1134.6,0.205,0.587,12,40.1,10,25,37,0,23.2,57.3,86.8,44.4,True,
2026-03-19,P008,PEN08,105,56.69,103.6,1187.8,0.191,0.572,14,50.1,10,17,33,1,23.5,53.8,98.1,53.0,True,
2026-03-20,P008,PEN08,106,56.24,102.3,1073.9,0.175,0.567,11,,8,26,33,0,22.7,48.7,87.9,52.1,True,
2026-03-21,P008,PEN08,107,57.93,88.2,1040.5,0.197,0.511,12,47.9,7,21,32,1,23.5,61.1,91.1,51.6,True,
2026-03-22,P008,PEN08,108,58.96,83.4,1089.3,0.218,0.617,11,42.8,8,26,31,0,22.2,56.9,98.8,42.5,True,
2026-03-23,P008,PEN08,109,59.97,102.0,797.9,0.13,0.611,10,49.8,7,20,29,0,22.7,59.2,99.7,47.4,True,
2026-03-24,P008,PEN08,110,60.21,114.5,818.1,0.119,0.576,11,46.2,7,15,34,0,22.8,59.3,98.2,49.6,True,
2026-03-25,P008,PEN08,111,60.92,100.5,1047.7,0.174,0.566,11,40.4,8,25,29,0,22.9,54.3,90.3,46.6,True,
2026-03-26,P008,PEN08,112,62.49,124.5,936.6,0.125,0.606,10,56.5,7,20,42,0,22.3,60.6,91.7,57.1,True,
2026-03-27,P008,PEN08,113,62.79,94.5,1071.6,0.189,0.558,10,52.6,8,19,31,0,21.2,61.8,93.6,54.3,True,
2026-03-28,P008,PEN08,114,62.29,102.6,1076.9,0.175,0.543,13,52.9,7,15,43,0,22.1,62.5,85.6,56.8,True,
2026-03-29,P008,PEN08,115,63.76,92.5,821.1,0.148,0.605,12,42.9,9,18,37,0,22.9,65.9,96.9,42.1,True,
2026-03-30,P008,PEN08,116,65.19,98.5,957.3,0.162,0.554,12,42.1,10,26,38,2,22.1,63.3,94.8,44.3,True,
2026-03-31,P008,PEN08,117,65.77,109.9,1069.2,0.162,0.531,9,48.3,8,17,49,0,22.5,70.9,96.3,55.7,True,
2026-04-01,P008,PEN08,118,66.29,110.1,969.9,0.147,0.514,9,47.2,7,18,34,0,23.6,64.0,89.7,55.1,True,
2026-04-02,P008,PEN08,119,67.5,102.9,969.7,0.157,0.598,10,48.5,7,22,41,0,23.8,60.4,100.0,49.3,True,
2026-04-03,P008,PEN08,120,67.96,105.9,893.7,0.141,0.582,9,49.7,9,17,37,0,24.5,73.0,88.4,50.8,True,
2026-04-04,P008,PEN08,121,68.56,95.1,994.9,0.174,0.658,11,50.5,5,24,36,1,24.5,65.1,100.0,44.3,True,
2026-04-05,P008,PEN08,122,68.5,105.2,1060.1,0.168,0.567,10,45.0,9,22,36,0,25.3,65.8,90.3,50.3,True,
2026-04-06,P008,PEN08,123,70.01,91.6,1005.4,0.183,0.56,12,41.6,10,19,33,0,24.8,67.4,97.7,45.9,True,
2026-04-07,P008,PEN08,124,69.52,93.2,1070.8,0.192,0.564,11,45.8,6,28,42,0,25.4,74.7,92.8,49.2,True,
2026-04-08,P008,PEN08,125,70.93,100.5,1062.4,0.176,0.59,12,44.4,8,18,39,1,26.2,75.6,88.6,46.3,True,
2026-04-09,P008,PEN08,126,71.68,108.1,1247.5,0.192,0.603,10,45.9,8,10,41,0,28.5,77.5,91.9,50.9,True,
2026-04-10,P008,PEN08,127,72.08,87.6,1021.2,0.194,0.528,13,44.7,5,13,27,0,26.2,70.3,86.1,49.5,True,
2026-04-11,P008,PEN08,128,73.74,73.4,1037.0,0.235,0.566,7,51.5,8,23,34,0,26.3,73.4,80.7,49.3,True,
2026-03-01,P009,PEN01,78,36.82,123.9,1418.0,0.191,0.558,12,55.4,9,27,47,0,24.4,71.3,99.8,64.2,True,
2026-03-02,P009,PEN01,79,38.57,142.3,1372.2,0.161,0.467,14,66.7,8,31,51,1,24.3,71.2,100.0,78.6,True,
2026-03-03,P009,PEN01,80,37.99,142.2,1388.0,0.163,0.5,15,69.6,7,26,47,0,24.0,72.5,84.9,79.9,True,
2026-03-04,P009,PEN01,81,39.77,144.1,1465.3,0.169,0.492,14,64.2,7,23,41,0,24.8,72.7,100.0,77.9,True,
2026-03-05,P009,PEN01,82,40.09,146.9,1402.5,0.159,0.483,11,61.5,9,25,56,0,25.1,71.4,93.6,76.6,True,
2026-03-06,P009,PEN01,83,40.15,132.6,1496.5,0.188,0.461,12,51.7,7,23,38,0,27.8,62.5,93.8,70.3,True,
2026-03-07,P009,PEN01,84,40.59,138.6,1282.0,0.154,0.522,14,66.8,7,30,44,1,26.4,63.8,88.6,73.6,True,
2026-03-08,P009,PEN01,85,42.31,128.0,1440.6,0.188,0.494,13,67.7,9,37,45,1,26.9,71.3,95.2,75.9,True,
2026-03-09,P009,PEN01,86,41.92,142.0,1407.5,0.165,0.497,14,59.5,9,21,48,0,27.2,63.7,99.6,73.7,True,
2026-03-10,P009,PEN01,87,43.03,135.5,1400.2,0.172,0.497,13,59.1,7,29,50,1,26.7,66.5,89.8,70.9,True,
2026-03-11,P009,PEN01,88,43.82,149.8,1344.9,0.15,0.44,14,56.8,10,28,51,1,25.8,66.0,92.6,74.8,True,
2026-03-12,P009,PEN01,89,44.49,139.1,1310.0,0.157,0.502,11,51.8,8,37,47,0,25.0,61.4,94.2,66.9,True,
2026-03-13,P009,PEN01,90,45.84,133.7,1327.4,0.165,0.494,10,56.5,8,29,45,1,24.6,58.7,94.8,68.4,True,
2026-03-14,P009,PEN01,91,45.98,139.8,1365.4,0.163,0.467,14,65.7,8,29,47,2,25.7,60.5,100.0,76.1,True,
2026-03-15,P009,PEN01,92,46.99,127.3,1315.5,0.172,0.53,15,60.5,9,32,55,0,25.4,59.6,92.7,68.9,True,
2026-03-16,P009,PEN01,93,47.67,126.9,1491.4,0.196,0.488,12,59.9,9,32,40,0,25.5,56.2,95.4,73.0,True,
2026-03-17,P009,PEN01,94,47.69,,1447.9,0.172,0.484,11,53.6,7,35,49,0,25.1,56.3,82.2,70.8,True,
2026-03-18,P009,PEN01,95,49.4,144.4,1396.3,0.161,0.448,13,54.2,8,26,43,0,24.1,58.7,100.0,73.7,True,
2026-03-19,P009,PEN01,96,49.6,148.6,1439.8,0.162,0.452,13,63.5,9,34,51,2,23.0,57.3,87.7,77.8,True,
2026-03-20,P009,PEN01,97,51.01,142.6,1496.1,0.175,0.491,13,68.8,8,27,38,0,22.5,56.4,91.1,81.1,True,
2026-03-21,P009,PEN01,98,51.18,140.5,1363.8,0.162,0.484,14,60.1,9,29,39,1,22.2,54.5,94.9,72.8,True,
2026-03-22,P009,PEN01,99,52.9,138.7,1435.6,0.172,0.521,13,,11,26,43,0,22.6,52.2,88.5,78.4,True,
2026-03-23,P009,PEN01,100,52.8,135.5,1425.4,0.175,0.535,15,57.1,6,29,49,0,22.6,54.0,91.5,68.8,True,
2026-03-24,P009,PEN01,101,53.26,131.9,1333.8,0.168,0.478,14,59.0,8,29,40,0,21.4,56.3,100.0,72.3,True,
2026-03-25,P009,PEN01,102,54.11,137.2,1528.5,0.186,0.498,14,63.9,10,34,43,0,21.6,57.8,90.4,76.9,True,
2026-03-26,P009,PEN01,103,54.19,139.6,1358.7,0.162,0.563,15,63.8,9,29,53,0,21.7,55.9,85.2,71.3,True,
2026-03-27,P009,PEN01,104,55.45,121.0,1132.0,0.156,0.442,13,59.0,8,22,39,1,21.0,57.8,91.1,69.4,True,
2026-03-28,P009,PEN01,105,56.73,138.2,1346.5,0.162,0.484,13,64.5,8,32,43,1,22.0,55.5,90.4,75.1,True,
2026-03-29,P009,PEN01,106,56.96,136.1,1723.0,0.211,0.5,12,59.1,6,33,53,0,20.4,60.9,96.9,75.4,True,
2026-03-30,P009,PEN01,107,58.22,131.1,1419.8,0.181,0.499,14,67.2,10,32,52,0,22.2,60.3,83.7,76.9,True,
2026-03-31,P009,PEN01,108,58.23,124.1,1429.8,0.192,0.525,13,59.7,8,32,47,1,21.6,64.6,95.8,67.9,True,
2026-04-01,P009,PEN01,109,59.61,125.6,1616.2,0.214,0.436,10,60.9,8,27,53,0,22.5,61.0,100.0,78.0,True,
2026-04-02,P009,PEN01,110,60.09,134.1,1380.1,0.172,0.491,12,65.7,12,32,46,1,20.7,68.0,93.5,75.1,True,
2026-04-03,P009,PEN01,111,61.04,117.4,1270.0,0.18,0.466,10,69.4,8,32,50,0,23.1,66.3,94.8,76.8,True,
2026-04-04,P009,PEN01,112,61.75,155.7,1424.3,0.152,0.476,12,60.9,8,27,50,0,23.9,68.3,100.0,78.3,True,
2026-04-05,P009,PEN01,113,62.1,144.8,1393.4,0.16,0.53,13,69.6,7,26,44,2,24.9,71.0,85.7,75.6,True,
2026-04-06,P009,PEN01,114,62.8,125.7,1385.8,0.184,0.466,14,67.5,8,32,49,0,25.3,65.1,91.2,78.1,True,
2026-04-07,P009,PEN01,115,63.5,134.6,1459.8,0.181,0.436,12,56.0,9,31,48,0,25.9,71.2,92.7,74.7,True,
2026-04-08,P009,PEN01,116,63.79,123.0,1497.9,0.203,0.409,14,67.1,8,30,43,0,26.1,70.0,90.7,82.2,True,
2026-04-09,P009,PEN01,117,65.05,139.9,1181.4,0.141,0.503,14,66.0,7,28,50,0,26.9,73.3,87.3,74.9,True,
2026-04-10,P009,PEN01,118,66.09,140.0,1452.4,0.173,0.469,12,58.2,10,28,52,0,26.5,72.4,96.8,74.8,True,
2026-04-11,P009,PEN01,119,66.05,138.2,1409.2,0.17,0.494,10,60.4,7,25,46,0,26.9,66.2,100.0,73.9,True,
2026-03-01,P010,PEN02,80,44.26,149.4,1576.6,0.176,0.385,14,67.4,9,35,49,0,22.6,72.2,85.4,88.9,True,
2026-03-02,P010,PEN02,81,45.28,143.6,1681.8,0.195,0.476,10,69.4,9,27,56,1,22.6,69.3,93.4,83.1,True,
2026-03-03,P010,PEN02,82,45.71,137.8,1231.6,0.149,0.438,14,67.2,7,29,47,0,22.5,74.6,100.0,80.1,True,
2026-03-04,P010,PEN02,83,46.3,127.0,1258.2,0.165,0.464,14,60.7,8,32,45,1,26.6,69.0,94.0,71.3,True,
2026-03-05,P010,PEN02,84,47.1,135.3,1518.1,0.187,0.414,13,60.5,8,31,43,0,24.9,73.8,99.7,79.7,True,
2026-03-06,P010,PEN02,85,48.91,140.6,1369.7,0.162,0.506,13,,6,31,46,1,25.0,66.3,91.7,69.0,True,
2026-03-07,P010,PEN02,86,48.81,144.4,1325.1,0.153,0.499,16,64.0,5,28,46,1,23.9,67.3,92.2,74.6,True,
2026-03-08,P010,PEN02,87,49.34,123.1,,0.206,0.477,15,66.5,9,23,55,0,24.7,68.2,98.5,77.6,True,
2026-03-09,P010,PEN02,88,50.36,152.8,1700.9,0.186,0.503,15,60.9,7,32,49,0,24.8,65.3,96.5,78.8,True,
2026-03-10,P010,PEN02,89,50.34,145.3,1401.3,0.161,0.564,13,56.6,10,29,35,1,25.7,62.8,100.0,66.5,True,
2026-03-11,P010,PEN02,90,52.04,139.7,1499.5,0.179,0.456,13,57.4,8,24,54,0,25.1,61.1,86.8,75.5,True,
2026-03-12,P010,PEN02,91,52.39,129.3,1497.8,0.193,0.438,15,52.5,6,32,37,0,26.5,59.5,93.4,71.8,True,
2026-03-13,P010,PEN02,92,53.07,160.0,1412.9,0.147,0.445,13,61.6,8,37,32,1,25.2,65.5,86.3,79.9,True,
2026-03-14,P010,PEN02,93,53.35,147.4,1057.1,0.119,0.526,11,66.6,8,26,41,0,25.0,60.4,92.1,73.8,True,
2026-03-15,P010,PEN02,94,55.07,135.9,1214.2,0.149,0.515,13,66.9,8,32,40,0,22.9,57.5,88.0,74.4,True,
2026-03-16,P010,PEN02,95,55.31,113.1,1414.7,0.209,0.459,16,65.7,8,35,49,0,23.6,55.6,85.8,75.6,True,
2026-03-17,P010,PEN02,96,56.06,,1469.3,0.177,0.481,12,68.6,7,26,43,0,22.6,52.1,94.2,80.7,True,
2026-03-18,P010,PEN02,97,56.51,132.1,1397.1,0.176,0.512,13,52.7,9,35,47,0,22.1,53.4,91.5,66.6,True,
2026-03-19,P010,PEN02,98,57.49,,1462.0,0.179,,14,65.5,7,26,48,0,22.9,63.2,98.0,78.5,True,
2026-03-20,P010,PEN02,99,58.46,151.3,1327.1,0.146,0.509,12,60.9,8,24,44,1,21.5,57.0,95.6,73.1,True,
2026-03-21,P010,PEN02,100,58.51,139.4,1475.3,0.176,0.501,11,58.5,7,30,48,1,22.1,51.9,91.6,71.6,True,
2026-03-22,P010,PEN02,101,59.36,124.7,1436.9,0.192,0.477,14,60.5,8,34,50,1,21.0,59.3,93.4,71.7,True,
2026-03-23,P010,PEN02,102,61.3,146.7,1565.7,0.178,0.502,11,54.4,8,33,49,0,20.1,59.1,100.0,72.4,True,
2026-03-24,P010,PEN02,103,61.39,139.8,1341.2,0.16,0.468,13,59.6,8,37,53,1,19.0,58.4,96.1,73.2,True,
2026-03-25,P010,PEN02,104,60.87,125.2,1286.6,0.171,0.472,14,64.3,9,35,43,0,19.1,52.2,99.8,74.5,True,
2026-03-26,P010,PEN02,105,62.94,144.1,1478.2,0.171,0.468,14,58.3,9,34,44,0,20.6,56.9,93.1,75.8,True,
2026-03-27,P010,PEN02,106,63.21,153.3,1476.1,0.16,0.452,11,65.0,7,30,46,0,20.6,56.4,93.8,82.6,True,
2026-03-28,P010,PEN02,107,64.38,131.3,1522.9,0.193,0.483,14,69.1,8,29,50,0,19.9,65.6,96.5,80.2,True,
2026-03-29,P010,PEN02,108,64.91,127.7,1347.0,0.176,0.508,12,71.5,8,26,39,0,20.7,64.1,93.4,77.9,True,
2026-03-30,P010,PEN02,109,65.0,140.5,1564.0,0.186,0.46,12,58.4,8,31,53,1,20.6,59.4,91.9,75.3,True,
2026-03-31,P010,PEN02,110,66.04,139.6,,0.194,0.428,12,73.9,7,25,44,1,20.2,65.8,92.9,87.9,True,
2026-04-01,P010,PEN02,111,66.34,129.2,1129.6,0.146,0.502,15,69.6,10,35,48,0,21.8,69.0,100.0,75.1,True,
2026-04-02,P010,PEN02,112,67.64,131.9,1469.2,0.186,0.523,11,57.8,9,29,60,1,21.9,68.5,100.0,68.4,True,
2026-04-03,P010,PEN02,113,68.42,147.8,1334.1,0.15,0.45,12,54.8,7,32,42,0,22.1,68.0,89.8,73.9,True,
2026-04-04,P010,PEN02,114,69.13,139.4,1615.3,0.193,0.56,15,55.2,7,30,40,0,23.5,67.2,93.0,68.4,True,
2026-04-05,P010,PEN02,115,69.88,140.3,1653.7,0.196,0.51,15,61.0,9,36,47,0,23.7,71.1,96.5,76.0,True,
2026-04-06,P010,PEN02,116,70.45,129.0,1235.5,0.16,0.51,15,60.6,7,18,41,0,24.4,69.6,88.4,69.7,True,
2026-04-07,P010,PEN02,117,71.2,133.0,1350.2,0.169,0.482,14,66.8,7,30,47,0,23.1,65.1,92.8,77.4,True,
2026-04-08,P010,PEN02,118,71.89,122.1,1300.1,0.177,0.561,14,66.8,6,25,51,0,24.9,68.1,91.5,70.0,True,
2026-04-09,P010,PEN02,119,72.35,137.0,1497.4,0.182,0.537,10,66.2,6,27,51,1,25.2,68.6,90.7,74.1,True,
2026-04-10,P010,PEN02,120,72.59,137.6,1503.8,0.182,0.484,14,57.9,8,26,49,0,25.5,70.0,88.8,73.7,True,
2026-04-11,P010,PEN02,121,74.12,146.0,1569.2,0.179,0.513,13,59.4,8,24,48,0,25.7,67.0,92.6,74.8,True,
2026-03-01,P011,PEN03,88,46.37,88.4,1013.4,0.191,0.619,8,47.6,7,19,38,1,22.3,72.1,96.4,44.1,True,
2026-03-02,P011,PEN03,89,48.31,84.4,925.6,0.183,0.546,11,36.8,7,20,23,1,22.7,73.1,98.8,40.3,True,
2026-03-03,P011,PEN03,90,49.36,100.5,902.5,0.15,0.62,12,39.7,7,22,35,1,25.5,71.0,100.0,39.8,True,
2026-03-04,P011,PEN03,91,49.53,94.0,746.1,0.132,0.618,12,44.0,7,15,28,0,24.4,69.2,98.1,41.5,True,
2026-03-05,P011,PEN03,92,49.93,79.5,891.5,0.187,0.56,7,38.4,10,16,28,0,25.0,67.8,100.0,40.7,True,
2026-03-06,P011,PEN03,93,50.81,88.7,827.7,0.156,0.647,12,39.7,6,19,43,0,24.4,71.7,95.5,36.7,True,
2026-03-07,P011,PEN03,94,51.59,86.9,874.1,0.168,0.629,12,32.4,9,13,25,0,25.1,66.1,83.3,33.3,True,
2026-03-08,P011,PEN03,95,52.65,83.5,700.1,0.14,0.555,9,41.5,8,18,32,0,26.4,64.9,96.4,41.8,True,
2026-03-09,P011,PEN03,96,52.4,85.2,736.4,0.144,0.651,10,42.9,10,17,32,1,31.8,68.7,87.4,35.7,True,
2026-03-10,P011,PEN03,97,52.78,72.6,723.2,0.166,0.681,10,36.2,13,17,37,1,31.9,75.3,94.9,27.2,True,
2026-03-11,P011,PEN03,98,54.32,71.2,808.2,0.189,0.706,8,39.9,9,24,34,0,30.0,70.3,95.4,30.0,True,
2026-03-12,P011,PEN03,99,54.84,77.2,717.9,0.155,0.747,9,40.5,13,21,28,1,29.2,68.4,100.0,26.4,True,
2026-03-13,P011,PEN03,100,55.93,89.6,1006.0,0.187,0.591,9,37.1,7,13,32,0,24.5,59.6,93.7,40.5,True,
2026-03-14,P011,PEN03,101,56.35,84.4,959.1,0.189,0.588,9,46.7,7,24,28,0,24.3,59.6,86.8,45.7,True,
2026-03-15,P011,PEN03,102,57.69,85.5,909.0,0.177,0.568,8,48.2,8,22,36,0,24.4,49.1,92.5,47.7,True,
2026-03-16,P011,PEN03,103,57.75,93.9,849.4,0.151,0.619,11,41.3,9,20,32,1,24.9,59.0,89.4,39.3,True,
2026-03-17,P011,PEN03,104,59.36,90.2,882.5,0.163,0.576,8,37.5,7,18,33,2,24.0,55.1,86.7,37.9,True,
2026-03-18,P011,PEN03,105,60.04,89.2,848.8,0.159,0.578,10,37.9,7,15,30,1,22.9,55.2,92.4,39.0,True,
2026-03-19,P011,PEN03,106,59.64,86.4,774.9,0.15,0.597,12,41.0,9,12,33,0,21.6,54.6,99.9,39.9,True,
2026-03-20,P011,PEN03,107,60.54,90.9,779.2,0.143,0.642,13,49.4,10,20,38,0,21.4,51.2,97.4,43.2,True,
2026-03-21,P011,PEN03,108,61.58,69.2,1039.8,0.25,0.62,11,47.2,8,27,29,1,21.8,56.7,93.3,40.9,True,
2026-03-22,P011,PEN03,109,62.08,88.7,935.0,0.176,0.562,7,41.5,9,18,28,0,22.5,53.1,86.2,44.5,True,
2026-03-23,P011,PEN03,110,63.14,84.0,945.8,0.188,0.565,9,43.3,7,22,34,0,20.5,55.6,91.2,44.8,True,
2026-03-24,P011,PEN03,111,63.85,80.0,875.8,0.182,0.612,13,45.6,8,11,32,0,21.0,57.6,88.2,41.9,True,
2026-03-25,P011,PEN03,112,64.94,82.2,914.6,0.185,0.587,8,45.3,7,23,33,1,20.7,58.6,96.7,42.7,True,
2026-03-26,P011,PEN03,113,65.79,107.7,873.8,0.135,0.576,8,42.1,9,10,39,0,19.9,56.7,96.2,46.4,True,
2026-03-27,P011,PEN03,114,65.68,65.3,981.1,0.25,0.565,11,39.8,8,12,32,0,20.0,59.7,94.2,39.9,True,
2026-03-28,P011,PEN03,115,67.02,94.8,1001.9,0.176,0.616,10,42.2,9,15,36,0,21.0,55.6,90.9,43.1,True,
2026-03-29,P011,PEN03,116,67.21,98.2,1005.1,0.171,0.641,10,45.1,10,21,33,1,18.7,66.8,93.4,42.5,True,
2026-03-30,P011,PEN03,117,68.13,71.9,920.1,0.213,0.592,9,44.2,9,21,28,0,22.2,60.8,98.2,41.4,True,
2026-03-31,P011,PEN03,118,68.8,,1044.0,0.198,0.599,9,41.8,7,19,30,0,21.7,62.2,86.3,43.2,True,
2026-04-01,P011,PEN03,119,68.78,92.4,838.5,0.151,0.643,8,48.6,7,20,32,1,22.0,67.4,88.7,42.0,True,
2026-04-02,P011,PEN03,120,70.18,90.3,1046.5,0.193,0.577,11,30.3,6,21,31,1,21.4,64.7,94.0,36.2,True,
2026-04-03,P011,PEN03,121,71.15,68.3,744.2,0.182,0.623,11,40.3,9,15,23,1,23.2,66.2,94.0,33.1,True,
2026-04-04,P011,PEN03,122,72.06,88.8,1090.4,0.205,0.606,11,39.1,7,19,29,0,23.2,73.8,87.9,41.7,True,
2026-04-05,P011,PEN03,123,72.56,92.6,,0.147,0.604,10,45.7,8,18,20,0,23.5,66.9,93.5,43.9,True,
2026-04-06,P011,PEN03,124,72.71,65.5,962.1,0.245,0.594,10,47.4,9,23,24,0,24.1,65.3,97.2,42.7,True,
2026-04-07,P011,PEN03,125,74.01,76.5,,0.201,0.616,11,39.8,8,14,27,0,25.6,70.2,96.5,37.8,True,
2026-04-08,P011,PEN03,126,74.86,90.5,781.1,0.144,0.58,9,36.7,7,17,31,1,24.0,68.4,89.7,37.6,True,
2026-04-09,P011,PEN03,127,74.69,77.9,933.5,0.2,0.584,11,41.8,7,18,32,1,24.9,71.3,90.0,40.1,True,
2026-04-10,P011,PEN03,128,76.7,94.3,1085.2,0.192,0.67,11,46.5,7,19,29,0,26.4,63.8,100.0,43.2,True,
2026-04-11,P011,PEN03,129,77.3,85.5,1121.2,0.219,0.604,12,36.2,6,21,28,0,25.9,66.9,90.9,39.7,True,
2026-03-01,P012,PEN04,83,53.83,121.3,1142.1,0.157,0.585,14,47.9,6,30,41,0,24.2,73.8,91.9,54.5,True,
2026-03-02,P012,PEN04,84,53.61,98.6,1144.9,0.194,0.497,13,63.6,7,24,49,2,23.3,69.6,86.2,64.0,True,
2026-03-03,P012,PEN04,85,53.98,122.2,1360.5,0.185,0.527,13,59.5,9,19,39,2,25.2,73.3,95.3,65.3,True,
2026-03-04,P012,PEN04,86,54.72,125.2,1243.1,0.165,0.503,14,65.9,9,29,47,0,26.1,71.3,97.2,73.1,True,
2026-03-05,P012,PEN04,87,56.31,131.4,1199.7,0.152,0.578,12,,6,26,37,0,26.4,64.5,92.6,62.9,True,
2026-03-06,P012,PEN04,88,56.98,121.8,1101.1,0.151,0.523,13,59.5,10,29,43,1,26.3,67.0,96.3,64.3,True,
2026-03-07,P012,PEN04,89,57.05,118.8,1331.7,0.187,0.534,12,54.5,9,22,41,1,25.5,65.9,89.3,62.2,True,
2026-03-08,P012,PEN04,90,58.09,110.2,1490.8,0.226,0.531,11,59.7,9,31,46,1,27.6,68.5,96.1,65.9,True,
2026-03-09,P012,PEN04,91,58.53,100.7,1107.5,0.183,0.569,12,60.8,10,26,41,0,33.4,66.8,92.8,60.3,True,
2026-03-10,P012,PEN04,92,59.87,100.5,1235.6,0.205,0.61,12,45.6,8,19,44,1,32.8,67.9,86.7,47.5,True,
2026-03-11,P012,PEN04,93,60.28,107.2,1158.2,0.18,0.618,14,48.7,11,30,44,0,31.5,63.0,89.8,50.8,True,
2026-03-12,P012,PEN04,94,61.8,110.7,1202.5,0.181,0.609,10,50.8,9,30,43,0,31.7,68.6,100.0,53.7,True,
2026-03-13,P012,PEN04,95,62.27,110.8,1215.6,0.183,0.558,12,50.3,8,26,34,0,27.9,57.2,87.5,56.8,True,
2026-03-14,P012,PEN04,96,61.62,121.6,1516.6,0.208,0.546,13,54.4,6,27,38,0,25.8,62.2,79.6,65.0,True,
2026-03-15,P012,PEN04,97,63.67,117.8,1207.8,0.171,0.466,14,46.1,7,26,37,0,25.5,53.6,94.9,61.1,True,
2026-03-16,P012,PEN04,98,64.4,117.8,1327.8,0.188,0.53,15,54.3,7,18,45,0,26.2,53.9,87.1,63.5,True,
2026-03-17,P012,PEN04,99,64.64,122.3,1282.3,0.175,0.56,12,48.9,6,24,40,2,24.9,55.9,93.1,55.5,True,
2026-03-18,P012,PEN04,100,65.01,128.6,1541.3,0.2,0.514,14,61.4,7,28,44,0,24.8,54.1,92.6,73.0,True,
2026-03-19,P012,PEN04,101,66.17,116.0,1114.5,0.16,0.539,13,52.8,8,17,36,0,23.9,52.1,100.0,59.5,True,
2026-03-20,P012,PEN04,102,66.89,137.0,1307.3,0.159,0.514,14,49.5,9,25,43,0,24.6,52.8,87.1,64.3,True,
2026-03-21,P012,PEN04,103,66.87,124.9,1279.4,0.171,0.563,13,49.9,8,24,46,0,22.1,51.5,94.4,59.1,True,
2026-03-22,P012,PEN04,104,68.48,120.5,1465.0,0.203,0.487,14,54.2,9,31,53,0,21.9,61.6,96.7,68.0,True,
2026-03-23,P012,PEN04,105,68.61,113.3,992.3,0.146,0.59,12,50.1,9,19,39,0,23.1,56.7,89.4,52.8,True,
2026-03-24,P012,PEN04,106,69.05,128.4,1306.1,0.17,0.607,10,53.7,5,25,28,1,19.7,58.0,99.4,58.2,True,
2026-03-25,P012,PEN04,107,70.7,125.3,1425.4,0.19,0.508,13,56.3,7,22,44,0,20.6,57.2,97.1,68.4,True,
2026-03-26,P012,PEN04,108,71.35,118.3,1397.1,0.197,0.557,14,59.0,8,26,33,0,20.4,59.2,95.1,65.6,True,
2026-03-27,P012,PEN04,109,72.44,123.9,1322.7,0.178,0.522,15,51.2,6,25,41,0,21.6,57.8,94.8,62.9,True,
2026-03-28,P012,PEN04,110,71.54,105.7,1290.3,0.204,0.541,13,55.3,8,24,28,1,21.8,57.4,89.0,59.7,True,
2026-03-29,P012,PEN04,111,73.37,124.1,1326.3,0.178,0.533,13,55.6,6,33,42,1,20.3,66.0,100.0,63.8,True,
2026-03-30,P012,PEN04,112,74.59,128.0,1395.0,0.182,0.537,12,49.8,9,25,36,0,21.9,66.1,96.4,62.4,True,
2026-03-31,P012,PEN04,113,75.0,138.6,1179.9,0.142,0.563,14,55.9,10,31,38,0,21.6,58.9,86.7,64.2,True,
2026-04-01,P012,PEN04,114,75.25,121.4,1204.0,0.165,0.517,10,59.3,8,27,37,0,21.8,63.4,89.4,66.9,True,
2026-04-02,P012,PEN04,115,76.04,125.8,1194.7,0.158,0.531,13,59.8,8,29,39,0,23.2,67.2,87.0,67.0,True,
2026-04-03,P012,PEN04,116,77.0,112.1,1130.6,0.168,0.548,13,55.7,9,22,36,0,24.4,68.5,100.0,60.3,True,
2026-04-04,P012,PEN04,117,77.41,119.2,1198.7,0.168,0.509,13,61.5,7,34,35,1,25.3,66.8,100.0,67.0,True,
2026-04-05,P012,PEN04,118,78.29,115.4,1118.0,0.162,0.513,12,47.4,12,25,41,0,24.9,68.8,89.9,57.6,True,
2026-04-06,P012,PEN04,119,78.79,133.1,1193.5,0.149,0.571,13,67.7,7,29,42,0,25.8,66.9,95.6,70.6,True,
2026-04-07,P012,PEN04,120,79.96,114.7,1293.1,0.188,0.516,14,58.9,11,28,45,0,26.3,68.2,96.4,66.5,True,
2026-04-08,P012,PEN04,121,80.37,102.1,1112.9,0.182,0.569,12,51.7,10,22,48,0,26.7,71.5,91.3,54.6,True,
2026-04-09,P012,PEN04,122,80.93,134.2,1306.3,0.162,0.515,12,50.7,7,25,36,0,25.9,70.5,100.0,64.5,True,
2026-04-10,P012,PEN04,123,81.19,119.8,1498.1,0.208,0.555,13,60.0,9,24,43,0,26.9,72.6,89.0,67.5,True,
2026-04-11,P012,PEN04,124,81.3,120.2,1277.1,0.177,0.545,10,54.9,7,32,44,0,27.2,68.9,96.9,62.7,True,
2026-03-01,P013,PEN05,85,48.78,133.0,1172.3,0.147,0.482,15,61.2,9,31,38,0,24.3,71.6,91.7,71.9,True,
2026-03-02,P013,PEN05,86,49.22,133.6,1319.2,0.165,0.457,12,55.9,10,33,52,0,24.4,70.0,93.4,71.7,True,
2026-03-03,P013,PEN05,87,49.36,137.0,1330.6,0.162,0.496,15,66.0,9,26,44,0,24.2,74.5,96.2,76.4,True,
2026-03-04,P013,PEN05,88,51.11,148.5,1357.8,0.152,0.482,13,61.2,8,30,44,0,25.2,65.7,90.8,76.3,True,
2026-03-05,P013,PEN05,89,51.39,129.4,1236.2,0.159,0.433,14,61.2,6,28,47,0,25.4,70.3,100.0,75.2,True,
2026-03-06,P013,PEN05,90,52.62,140.5,1508.8,0.179,0.504,14,61.4,7,34,40,1,26.1,69.6,95.3,73.9,True,
2026-03-07,P013,PEN05,91,53.28,127.5,1177.1,0.154,0.486,14,56.9,8,32,40,0,25.0,68.2,89.2,68.1,True,
2026-03-08,P013,PEN05,92,53.02,118.0,1281.1,0.181,0.49,12,63.1,9,29,48,0,25.9,64.9,84.6,71.4,True,
2026-03-09,P013,PEN05,93,54.29,133.0,1383.5,0.173,0.513,12,68.7,9,27,46,1,24.6,65.3,99.1,75.5,True,
2026-03-10,P013,PEN05,94,54.64,131.4,1271.1,0.161,0.558,14,69.5,7,29,43,2,25.9,64.6,93.5,70.4,True,
2026-03-11,P013,PEN05,95,56.7,119.2,1547.9,0.216,0.439,12,48.0,9,33,47,3,24.7,56.4,86.5,63.5,True,
2026-03-12,P013,PEN05,96,56.81,144.1,1522.8,0.176,0.469,12,70.2,7,35,50,1,25.9,63.2,94.2,82.5,True,
2026-03-13,P013,PEN05,97,56.97,132.5,1504.4,0.189,0.488,15,57.8,10,32,48,0,25.6,63.7,94.2,72.6,True,
2026-03-14,P013,PEN05,98,58.05,135.2,1631.5,0.201,0.507,13,55.1,8,30,40,0,24.3,58.3,95.7,71.3,True,
2026-03-15,P013,PEN05,99,57.67,141.5,1307.8,0.154,0.437,14,61.6,9,31,42,3,23.7,55.7,97.2,73.6,True,
2026-03-16,P013,PEN05,100,59.39,114.5,1536.2,0.224,0.511,12,66.1,7,31,40,0,24.8,54.8,94.6,74.0,True,
2026-03-17,P013,PEN05,101,59.79,128.6,1140.6,0.148,0.551,13,60.6,8,25,44,0,23.5,57.4,92.5,66.0,True,
2026-03-18,P013,PEN05,102,61.4,125.1,1308.1,0.174,0.436,14,65.2,8,25,48,1,21.8,53.6,96.8,76.2,True,
2026-03-19,P013,PEN05,103,61.47,129.1,1363.9,0.176,0.528,11,59.7,7,29,37,0,21.3,56.9,98.2,69.3,True,
2026-03-20,P013,PEN05,104,61.06,140.2,1446.3,0.172,0.458,12,56.2,8,31,46,1,22.0,53.9,98.4,72.7,True,
2026-03-21,P013,PEN05,105,62.13,123.9,1312.0,0.176,0.462,12,58.6,9,28,52,0,20.2,54.5,95.6,71.5,True,
2026-03-22,P013,PEN05,106,64.21,137.4,1383.3,0.168,0.456,12,65.3,7,25,40,0,21.1,53.1,92.8,79.2,True,
2026-03-23,P013,PEN05,107,65.28,118.2,1213.7,0.171,0.432,13,65.8,8,30,50,0,20.6,55.8,98.7,76.3,True,
2026-03-24,P013,PEN05,108,64.79,149.1,1415.0,0.158,0.505,14,53.4,9,31,41,1,20.9,56.6,92.1,69.0,True,
2026-03-25,P013,PEN05,109,65.49,151.6,1495.9,0.164,0.496,12,58.4,8,34,43,0,20.3,49.6,92.0,75.4,True,
2026-03-26,P013,PEN05,110,65.43,133.3,1387.3,0.173,0.577,14,59.6,9,25,47,0,19.6,58.4,92.0,66.9,True,
2026-03-27,P013,PEN05,111,66.95,149.5,1510.1,0.168,0.513,17,65.7,8,33,48,0,18.5,62.8,85.5,78.9,True,
2026-03-28,P013,PEN05,112,68.32,141.4,1325.3,0.156,0.522,13,56.4,9,27,47,2,21.0,60.2,100.0,66.3,True,
2026-03-29,P013,PEN05,113,68.98,148.9,1451.7,0.163,0.493,12,53.0,8,30,32,1,19.7,62.1,92.4,69.8,True,
2026-03-30,P013,PEN05,114,69.17,135.3,1479.6,0.182,0.534,10,60.3,9,23,49,0,20.6,59.7,87.7,71.4,True,
2026-03-31,P013,PEN05,115,69.27,134.8,1596.5,0.197,0.486,13,63.1,7,28,51,0,20.8,62.8,91.3,77.5,True,
2026-04-01,P013,PEN05,116,70.96,137.6,1432.0,0.173,0.521,11,58.6,10,31,36,0,21.4,62.4,96.7,71.0,True,
2026-04-02,P013,PEN05,117,71.8,137.7,1410.8,0.171,0.458,14,63.0,8,28,49,0,22.3,69.9,95.0,77.8,True,
2026-04-03,P013,PEN05,118,72.41,144.1,1619.5,0.187,0.491,13,56.8,9,35,43,0,22.3,68.0,96.6,74.8,True,
2026-04-04,P013,PEN05,119,72.9,139.9,,0.174,0.481,14,64.2,8,32,55,1,22.8,70.2,93.8,76.6,True,
2026-04-05,P013,PEN05,120,74.19,120.0,1421.3,0.197,0.502,14,63.2,5,27,57,0,22.7,65.1,92.2,72.4,True,
2026-04-06,P013,PEN05,121,74.87,144.2,1482.5,0.171,0.489,13,61.7,8,32,42,1,24.7,70.0,99.2,75.3,True,
2026-04-07,P013,PEN05,122,74.89,142.4,1440.9,0.169,0.407,13,56.7,8,33,39,0,25.8,62.9,89.6,78.1,True,
2026-04-08,P013,PEN05,123,76.02,151.9,1456.7,0.16,0.481,16,60.8,7,23,41,0,24.4,73.0,82.9,77.6,True,
2026-04-09,P013,PEN05,124,76.95,,1350.8,0.163,0.563,14,56.2,9,20,49,2,26.1,72.0,99.2,63.3,True,
2026-04-10,P013,PEN05,125,77.25,130.3,1518.9,0.194,0.532,13,59.9,7,27,50,0,23.5,73.5,83.6,70.9,True,
2026-04-11,P013,PEN05,126,78.4,136.1,1273.3,0.156,0.469,11,60.9,7,38,46,0,26.2,72.4,90.7,74.1,True,
2026-03-01,P014,PEN06,85,44.57,100.6,1038.1,0.172,0.517,13,41.6,8,26,35,0,23.7,71.8,95.1,50.4,True,
2026-03-02,P014,PEN06,86,44.61,99.0,1139.1,0.192,0.499,11,,10,22,35,1,23.6,70.3,80.5,52.5,True,
2026-03-03,P014,PEN06,87,45.25,99.8,1241.3,0.207,0.566,14,54.4,7,18,30,1,24.1,68.1,92.7,56.1,True,
2026-03-04,P014,PEN06,88,45.86,114.4,1382.3,0.201,0.628,8,56.2,8,28,43,0,24.7,72.2,85.7,58.3,True,
2026-03-05,P014,PEN06,89,47.2,117.6,1071.2,0.152,0.566,11,58.8,6,19,38,2,24.2,60.8,87.0,58.6,True,
2026-03-06,P014,PEN06,90,47.4,118.7,1156.7,0.162,0.51,10,46.5,8,23,41,0,24.9,71.5,94.4,58.1,True,
2026-03-07,P014,PEN06,91,48.45,106.9,1083.1,0.169,0.574,11,44.3,8,23,38,1,26.0,68.7,88.9,48.5,True,
2026-03-08,P014,PEN06,92,49.78,113.0,1210.3,0.179,0.582,10,47.6,8,21,43,1,26.3,62.3,100.0,52.4,True,
2026-03-09,P014,PEN06,93,50.24,116.9,1278.0,0.182,0.529,10,56.5,9,21,34,1,25.1,69.8,89.8,62.9,True,
2026-03-10,P014,PEN06,94,51.1,86.6,1104.7,0.213,0.536,12,55.1,6,22,45,0,26.6,66.1,97.9,56.4,True,
2026-03-11,P014,PEN06,95,51.01,109.0,909.4,0.139,0.573,11,52.5,8,25,39,1,26.5,66.8,93.1,52.5,True,
2026-03-12,P014,PEN06,96,52.25,88.3,1084.4,0.205,0.509,10,47.8,9,19,39,1,26.0,62.3,97.9,52.0,True,
2026-03-13,P014,PEN06,97,52.99,99.6,996.7,0.167,0.556,13,54.2,8,23,34,0,25.8,54.7,98.7,55.4,True,
2026-03-14,P014,PEN06,98,54.13,97.6,1114.6,0.19,0.511,12,56.4,8,21,27,0,25.2,54.6,95.0,60.7,True,
2026-03-15,P014,PEN06,99,53.97,96.6,918.8,0.158,0.575,10,47.6,10,16,36,1,24.3,57.5,87.9,47.3,True,
2026-03-16,P014,PEN06,100,54.39,129.6,1222.5,0.157,0.546,12,55.4,6,21,37,0,24.3,56.3,93.7,64.0,True,
2026-03-17,P014,PEN06,101,56.12,109.8,1012.4,0.154,0.572,9,58.4,9,19,33,0,23.6,55.3,83.9,58.9,True,
2026-03-18,P014,PEN06,102,55.41,105.5,1093.0,0.173,0.554,13,51.8,6,25,37,0,22.6,60.8,89.9,56.0,True,
2026-03-19,P014,PEN06,103,57.52,91.7,1147.6,0.209,0.598,12,57.6,9,20,37,0,23.0,51.5,89.8,55.2,True,
2026-03-20,P014,PEN06,104,56.65,110.0,1138.0,0.172,0.515,13,47.2,9,20,30,1,22.7,58.4,89.2,55.3,True,
2026-03-21,P014,PEN06,105,58.23,103.8,826.3,0.133,0.623,10,57.3,8,25,36,2,22.5,53.3,100.0,49.3,True,
2026-03-22,P014,PEN06,106,59.49,,1317.5,0.212,0.55,11,57.1,8,20,42,1,20.6,55.8,93.7,60.2,True,
2026-03-23,P014,PEN06,107,59.73,97.3,1205.2,0.206,0.508,12,57.4,9,18,34,0,20.9,57.4,96.7,62.4,True,
2026-03-24,P014,PEN06,108,60.23,99.6,1151.8,0.193,0.52,11,42.6,9,19,41,1,20.9,56.7,100.0,50.4,True,
2026-03-25,P014,PEN06,109,61.05,100.1,1125.4,0.187,0.52,7,52.9,9,23,46,0,19.1,60.7,98.7,58.4,True,
2026-03-26,P014,PEN06,110,61.94,100.3,1054.9,0.175,0.571,12,51.8,8,19,35,1,19.9,60.9,92.1,52.2,True,
2026-03-27,P014,PEN06,111,62.9,115.2,1330.1,0.192,0.563,12,46.7,6,16,35,0,19.7,59.4,88.5,56.0,True,
2026-03-28,P014,PEN06,112,63.2,114.6,1296.6,0.189,0.558,11,45.8,11,27,32,0,20.9,59.9,94.9,55.3,True,
2026-03-29,P014,PEN06,113,63.96,105.3,1163.1,0.184,0.533,9,53.4,6,23,40,1,21.8,59.6,89.6,57.6,True,
2026-03-30,P014,PEN06,114,64.9,96.5,1291.1,0.223,0.502,10,61.1,9,27,45,1,21.1,62.5,100.0,64.6,True,
2026-03-31,P014,PEN06,115,65.16,102.5,1163.6,0.189,0.592,11,52.0,9,19,37,1,20.2,61.5,92.4,52.5,True,
2026-04-01,P014,PEN06,116,66.4,96.0,1022.8,0.178,0.542,12,40.1,7,21,35,1,21.2,64.5,85.4,45.5,True,
2026-04-02,P014,PEN06,117,67.39,97.3,1176.8,0.201,0.521,12,44.9,7,26,35,1,22.0,73.4,94.3,51.7,True,
2026-04-03,P014,PEN06,118,67.82,107.1,1014.8,0.158,0.528,10,48.8,8,28,43,0,25.0,61.4,95.3,55.2,True,
2026-04-04,P014,PEN06,119,68.22,93.4,997.4,0.178,0.572,11,54.2,9,27,32,2,22.7,67.7,90.8,50.7,True,
2026-04-05,P014,PEN06,120,68.9,105.2,1221.4,0.194,0.561,10,49.9,4,17,31,1,23.8,72.8,93.4,54.1,True,
2026-04-06,P014,PEN06,121,69.35,77.6,985.7,0.212,0.607,10,38.3,6,20,32,1,25.0,70.9,96.3,36.8,True,
2026-04-07,P014,PEN06,122,69.8,108.5,686.8,0.106,0.669,10,46.7,8,21,18,2,24.9,67.8,100.0,38.8,True,
2026-04-08,P014,PEN06,123,70.65,77.8,1126.3,0.241,0.663,10,50.0,7,16,37,8,25.7,74.7,96.0,32.4,True,
2026-04-09,P014,PEN06,124,71.1,87.8,1003.9,0.191,0.708,9,29.4,7,12,31,5,25.9,63.6,95.3,20.7,True,
2026-04-10,P014,PEN06,125,72.22,70.5,653.7,0.155,0.61,7,44.5,6,20,32,3,25.1,70.4,100.0,33.4,True,
2026-04-11,P014,PEN06,126,72.57,74.4,657.7,0.147,0.625,8,46.0,6,18,34,1,26.2,69.7,98.1,36.8,True,
2026-03-01,P015,PEN07,89,46.64,144.7,1382.0,0.159,0.502,13,75.7,8,34,50,1,24.2,70.3,98.8,82.6,True,
2026-03-02,P015,PEN07,90,47.87,149.1,1498.8,0.168,0.492,14,67.6,10,30,47,1,23.2,67.0,88.2,79.9,True,
2026-03-03,P015,PEN07,91,48.97,142.9,1573.9,0.184,0.476,13,61.9,9,38,57,1,24.0,68.1,95.1,77.0,True,
2026-03-04,P015,PEN07,92,49.24,145.4,1506.4,0.173,0.399,13,63.3,8,30,46,0,24.5,70.3,96.1,84.1,True,
2026-03-05,P015,PEN07,93,50.19,150.0,1560.8,0.173,0.488,14,62.7,8,29,54,0,24.4,69.1,88.4,79.2,True,
2026-03-06,P015,PEN07,94,50.61,144.0,1597.9,0.185,0.423,14,70.5,10,30,44,0,25.6,63.0,100.0,87.8,True,
2026-03-07,P015,PEN07,95,51.32,158.6,1590.9,0.167,0.414,16,66.3,9,24,47,0,24.7,64.2,100.0,88.0,True,
2026-03-08,P015,PEN07,96,51.5,160.0,1672.4,0.174,0.464,14,65.3,10,30,46,0,26.6,68.0,97.5,85.1,True,
2026-03-09,P015,PEN07,97,53.05,148.0,1659.0,0.187,0.479,14,64.2,8,31,53,0,25.1,71.1,92.4,81.4,True,
2026-03-10,P015,PEN07,98,53.26,152.6,1572.2,0.172,0.485,14,55.3,8,27,56,0,25.2,63.1,91.6,75.1,True,
2026-03-11,P015,PEN07,99,54.66,142.4,1526.5,0.179,0.433,13,70.4,8,25,49,0,24.5,61.7,92.9,86.1,True,
2026-03-12,P015,PEN07,100,54.67,147.6,1599.8,0.181,0.449,13,62.1,6,29,51,0,26.0,64.4,86.0,81.3,True,
2026-03-13,P015,PEN07,101,55.23,156.2,1800.0,0.192,0.505,15,73.6,8,27,46,1,25.0,62.5,90.5,87.1,True,
2026-03-14,P015,PEN07,102,55.86,121.0,1264.4,0.174,0.539,13,54.3,7,32,39,0,25.4,58.8,95.5,62.7,True,
2026-03-15,P015,PEN07,103,56.53,119.6,1443.6,0.201,0.579,14,63.8,6,31,45,0,24.1,59.2,96.2,67.9,True,
2026-03-16,P015,PEN07,104,56.04,120.4,1546.7,0.214,0.594,10,49.1,6,23,46,2,23.0,58.7,86.3,55.7,True,
2026-03-17,P015,PEN07,105,57.98,107.3,1103.8,0.171,0.615,10,61.6,6,36,42,1,22.7,62.8,88.4,57.4,True,
2026-03-18,P015,PEN07,106,59.12,118.0,1069.5,0.151,0.633,11,61.3,9,31,46,0,22.4,58.3,100.0,58.7,True,
2026-03-19,P015,PEN07,107,59.02,110.0,1024.5,0.155,0.602,12,60.5,8,36,41,0,23.2,54.8,98.2,58.5,True,
2026-03-20,P015,PEN07,108,60.31,109.0,957.0,0.146,0.587,11,52.9,7,28,42,0,23.7,53.9,100.0,53.8,True,
2026-03-21,P015,PEN07,109,61.37,121.0,1077.3,0.148,0.548,13,68.7,5,29,48,2,20.9,62.2,90.9,66.8,True,
2026-03-22,P015,PEN07,110,61.69,110.1,1331.9,0.202,0.606,11,40.3,6,30,43,2,21.5,56.0,96.0,45.4,True,
2026-03-23,P015,PEN07,111,62.55,148.0,1308.8,0.147,0.554,14,56.6,8,37,47,1,20.4,55.7,98.8,66.7,True,
2026-03-24,P015,PEN07,112,63.18,128.1,1545.9,0.201,0.432,12,61.7,9,30,48,0,20.3,60.1,85.0,78.5,True,
2026-03-25,P015,PEN07,113,63.67,156.0,1590.3,0.17,0.43,15,68.7,7,32,50,1,20.9,60.6,86.9,86.7,True,
2026-03-26,P015,PEN07,114,64.47,121.5,1312.2,0.18,0.454,13,,8,34,38,0,18.8,49.9,100.0,75.0,True,
2026-03-27,P015,PEN07,115,64.97,149.8,1529.5,0.17,0.446,15,68.6,8,34,53,1,21.2,57.8,96.8,84.0,True,
2026-03-28,P015,PEN07,116,66.48,137.5,1627.1,0.197,0.53,14,48.2,8,22,44,1,20.1,67.3,92.7,64.2,True,
2026-03-29,P015,PEN07,117,67.17,153.7,1610.0,0.175,0.527,12,71.1,8,30,47,0,21.5,59.2,90.9,83.2,True,
2026-03-30,P015,PEN07,118,68.34,145.5,1389.0,0.159,0.52,16,61.9,5,40,51,0,19.8,61.5,96.8,74.1,True,
2026-03-31,P015,PEN07,119,68.4,152.0,1526.0,0.167,0.465,17,63.4,7,32,48,1,21.5,64.8,94.2,79.7,True,
2026-04-01,P015,PEN07,120,68.7,,1490.4,0.162,0.512,13,69.6,9,28,51,0,21.3,60.9,90.5,81.8,True,
2026-04-02,P015,PEN07,121,70.64,140.8,1449.4,0.172,0.479,15,52.0,7,31,48,0,21.9,63.4,89.9,70.1,True,
2026-04-03,P015,PEN07,122,71.1,142.9,1383.3,0.161,0.45,15,63.1,7,36,43,0,23.1,67.1,100.0,79.0,True,
2026-04-04,P015,PEN07,123,71.64,132.2,1477.3,0.186,0.479,12,56.9,7,30,55,1,22.9,75.0,100.0,70.9,True,
2026-04-05,P015,PEN07,124,72.16,150.4,1686.4,0.187,0.561,15,59.2,8,27,50,2,23.4,65.5,96.8,70.6,True,
2026-04-06,P015,PEN07,125,73.45,160.0,1435.4,0.15,0.511,13,69.5,10,31,44,1,22.1,64.9,100.0,81.1,True,
2026-04-07,P015,PEN07,126,73.67,145.4,1354.8,0.155,0.425,14,64.9,9,33,53,0,24.9,71.0,96.8,81.9,True,
2026-04-08,P015,PEN07,127,74.28,142.6,1500.3,0.175,0.49,14,68.5,7,33,46,0,24.3,67.0,97.1,81.0,True,
2026-04-09,P015,PEN07,128,74.52,132.2,1559.1,0.196,0.499,12,60.5,7,30,45,1,25.1,66.8,93.3,72.7,True,
2026-04-10,P015,PEN07,129,75.46,141.4,1362.5,0.161,0.431,13,61.9,8,29,55,0,25.9,69.7,100.0,79.0,True,
2026-04-11,P015,PEN07,130,76.68,125.9,1404.9,0.186,0.491,13,64.7,5,32,53,1,25.3,70.6,99.2,73.4,True,
2026-03-01,P016,PEN08,79,42.9,102.3,985.7,0.161,0.596,10,48.0,7,20,29,0,24.3,68.8,94.4,49.2,True,
2026-03-02,P016,PEN08,80,43.25,88.3,970.3,0.183,0.579,12,47.7,8,24,41,1,25.4,74.3,99.0,46.3,True,
2026-03-03,P016,PEN08,81,44.22,102.2,916.0,0.149,0.601,12,42.2,9,23,33,0,25.6,70.1,96.6,44.4,True,
2026-03-04,P016,PEN08,82,45.35,98.5,782.2,0.132,0.58,12,48.7,9,18,36,0,26.2,70.5,99.7,48.0,True,
2026-03-05,P016,PEN08,83,45.73,102.3,886.8,0.144,0.499,10,47.2,7,21,33,0,26.4,68.4,100.0,54.0,True,
2026-03-06,P016,PEN08,84,45.85,107.7,1076.2,0.167,0.533,8,47.5,10,27,32,1,26.1,64.7,92.1,53.3,True,
2026-03-07,P016,PEN08,85,46.83,99.1,1077.1,0.181,0.556,11,52.4,7,33,39,2,26.9,68.9,95.6,52.3,True,
2026-03-08,P016,PEN08,86,47.47,97.3,890.5,0.153,0.521,11,51.5,7,22,33,2,28.0,64.9,98.1,51.8,True,
2026-03-09,P016,PEN08,87,49.06,100.5,1268.2,0.21,0.546,9,42.0,8,22,47,1,26.0,66.5,88.3,49.7,True,
2026-03-10,P016,PEN08,88,50.11,89.5,1066.4,0.199,0.589,10,52.1,7,26,39,0,27.7,66.2,93.7,51.0,True,
2026-03-11,P016,PEN08,89,49.54,127.0,863.1,0.113,0.621,9,57.2,5,23,36,0,27.7,59.3,85.0,56.3,True,
2026-03-12,P016,PEN08,90,50.68,103.7,967.1,0.155,0.534,10,42.9,7,16,32,0,26.5,63.0,100.0,49.9,True,
2026-03-13,P016,PEN08,91,50.97,98.5,1161.9,0.197,0.557,12,39.2,6,18,42,1,25.7,53.9,94.9,45.7,True,
2026-03-14,P016,PEN08,92,52.51,94.1,1107.5,0.196,0.574,11,51.3,10,23,43,1,26.2,57.4,96.8,51.2,True,
2026-03-15,P016,PEN08,93,52.46,98.8,1166.7,0.197,0.458,14,36.7,7,17,33,1,26.8,60.4,89.2,50.7,True,
2026-03-16,P016,PEN08,94,53.23,76.3,1176.2,0.257,0.569,12,35.6,9,22,30,0,24.3,60.5,93.6,40.6,True,
2026-03-17,P016,PEN08,95,54.39,109.0,,0.2,0.537,11,53.8,8,27,33,0,25.0,57.5,91.0,61.1,True,
2026-03-18,P016,PEN08,96,54.96,96.0,1091.6,0.19,0.573,10,46.2,9,18,43,0,24.4,51.3,100.0,49.6,True,
2026-03-19,P016,PEN08,97,56.39,96.6,959.5,0.166,,8,51.9,9,19,30,0,24.7,58.3,90.1,51.3,True,
2026-03-20,P016,PEN08,98,56.75,104.4,1081.3,0.173,0.541,14,44.3,12,26,37,0,22.8,59.2,98.6,51.7,True,
2026-03-21,P016,PEN08,99,57.21,93.2,1117.4,0.2,0.591,9,46.3,7,28,36,0,23.7,57.1,95.6,48.2,True,
2026-03-22,P016,PEN08,100,58.1,,942.6,0.178,0.542,13,48.1,9,21,34,1,22.4,50.2,93.2,48.7,True,
2026-03-23,P016,PEN08,101,58.83,109.4,,0.156,0.591,11,43.7,7,16,42,0,21.9,54.6,99.5,48.2,True,
2026-03-24,P016,PEN08,102,59.39,105.5,916.9,0.145,0.54,14,51.9,8,15,35,0,22.7,53.7,95.2,55.1,True,
2026-03-25,P016,PEN08,103,60.42,100.8,1250.4,0.207,0.518,14,43.0,8,24,35,0,22.5,57.4,92.9,53.4,True,
2026-03-26,P016,PEN08,104,61.2,104.4,865.6,0.138,0.523,10,40.6,9,25,36,0,21.4,57.3,96.1,48.3,True,
2026-03-27,P016,PEN08,105,62.01,97.7,1137.0,0.194,0.586,11,51.1,10,19,37,0,21.5,57.6,91.9,52.6,True,
2026-03-28,P016,PEN08,106,62.11,125.9,1153.4,0.153,0.543,12,47.7,7,23,28,0,22.0,67.0,93.9,57.9,True,
2026-03-29,P016,PEN08,107,62.49,117.1,,0.112,0.593,12,55.0,8,20,36,0,21.6,59.4,91.2,54.3,True,
2026-03-30,P016,PEN08,108,63.57,103.3,999.7,0.161,0.543,9,44.3,9,21,35,0,22.8,57.6,96.8,50.5,True,
2026-03-31,P016,PEN08,109,64.05,96.9,1039.1,0.179,0.598,12,52.8,7,22,29,0,22.5,64.4,94.4,51.8,True,
2026-04-01,P016,PEN08,110,65.04,92.2,1092.7,0.197,0.559,10,41.2,10,22,26,0,22.2,59.1,99.8,46.6,True,
2026-04-02,P016,PEN08,111,66.01,102.7,839.6,0.136,0.571,9,42.3,8,18,38,0,23.7,63.8,88.6,45.7,True,
2026-04-03,P016,PEN08,112,66.74,79.8,978.0,0.204,0.545,12,42.2,7,18,36,0,24.5,67.5,87.8,45.1,True,
2026-04-04,P016,PEN08,113,67.89,95.9,978.8,0.17,0.602,8,54.9,7,21,32,1,24.1,67.6,87.8,50.9,True,
2026-04-05,P016,PEN08,114,67.82,108.1,1221.1,0.188,0.584,12,58.8,7,26,36,0,25.0,65.2,93.1,60.3,True,
2026-04-06,P016,PEN08,115,68.86,94.7,1027.5,0.181,0.57,10,45.2,9,23,32,1,26.0,68.3,100.0,46.9,True,
2026-04-07,P016,PEN08,116,69.89,98.4,,0.208,0.563,9,48.3,8,24,41,1,26.5,69.4,95.5,52.0,True,
2026-04-08,P016,PEN08,117,69.92,91.4,990.7,0.181,,9,48.3,5,16,37,1,26.2,68.6,92.6,47.5,True,
2026-04-09,P016,PEN08,118,70.79,97.8,1223.0,0.208,0.626,12,59.5,7,21,41,0,26.9,75.8,92.6,56.4,True,
2026-04-10,P016,PEN08,119,71.52,110.0,830.5,0.126,0.54,12,52.4,7,21,33,1,29.2,68.5,100.0,54.0,True,
2026-04-11,P016,PEN08,120,72.64,99.0,953.7,0.16,0.574,10,38.2,9,21,47,0,27.2,64.5,95.3,43.4,True,
2026-03-01,P017,PEN01,79,45.65,90.6,765.4,0.141,0.598,10,39.2,7,23,27,1,24.9,76.8,91.5,37.9,True,
2026-03-02,P017,PEN01,80,45.97,106.0,1481.7,0.233,0.527,12,44.7,10,19,33,0,24.0,67.6,97.7,57.1,True,
2026-03-03,P017,PEN01,81,47.27,84.4,933.4,0.184,0.535,10,44.3,9,28,38,0,24.6,68.1,97.7,47.4,True,
2026-03-04,P017,PEN01,82,47.48,93.0,1054.1,0.189,0.555,13,45.7,6,11,35,1,26.5,68.5,93.4,48.2,True,
2026-03-05,P017,PEN01,83,47.36,92.7,971.6,0.175,0.564,10,46.8,7,23,38,0,25.2,72.0,88.9,48.8,True,
2026-03-06,P017,PEN01,84,49.34,96.9,951.8,0.164,,12,53.4,9,16,36,1,24.5,70.4,85.2,51.2,True,
2026-03-07,P017,PEN01,85,49.6,92.1,1097.2,0.199,0.557,12,49.4,8,30,38,0,27.8,67.5,90.6,52.1,True,
2026-03-08,P017,PEN01,86,50.37,104.5,1069.4,0.17,0.609,12,51.3,8,23,32,1,26.3,59.9,91.8,50.3,True,
2026-03-09,P017,PEN01,87,51.77,96.8,1139.8,0.196,0.567,10,65.2,7,22,31,0,27.1,68.4,97.6,62.9,True,
2026-03-10,P017,PEN01,88,51.72,101.3,902.7,0.149,0.589,9,45.3,10,21,43,0,25.0,63.2,94.0,46.9,True,
2026-03-11,P017,PEN01,89,52.96,109.9,1001.3,0.152,0.539,12,47.4,8,22,30,0,25.9,59.5,92.2,53.9,True,
2026-03-12,P017,PEN01,90,53.92,94.4,1308.6,0.231,0.595,8,40.6,8,17,35,0,26.4,56.3,87.1,46.4,True,
2026-03-13,P017,PEN01,91,54.18,78.2,1042.8,0.222,0.587,12,48.0,7,27,41,0,25.0,63.8,94.8,46.5,True,
2026-03-14,P017,PEN01,92,54.75,107.4,1129.0,0.175,0.58,8,44.2,11,22,37,1,23.9,56.8,97.7,48.6,True,
2026-03-15,P017,PEN01,93,55.94,78.7,879.6,0.186,0.531,11,46.4,6,19,37,0,25.0,57.5,92.5,47.6,True,
2026-03-16,P017,PEN01,94,56.66,106.6,998.1,0.156,0.571,11,41.1,5,22,29,0,24.4,57.9,84.2,47.1,True,
2026-03-17,P017,PEN01,95,57.1,95.9,1118.4,0.194,0.582,8,41.8,9,19,38,1,24.1,55.9,89.1,45.0,True,
2026-03-18,P017,PEN01,96,58.11,95.7,1099.4,0.192,0.55,11,39.7,9,27,38,1,23.5,57.0,98.5,45.5,True,
2026-03-19,P017,PEN01,97,58.15,114.2,826.4,0.121,0.575,13,43.9,7,18,31,1,23.0,56.1,95.1,46.8,True,
2026-03-20,P017,PEN01,98,58.9,107.6,1091.7,0.169,0.568,10,46.7,7,21,32,3,22.7,54.5,93.6,47.9,True,
2026-03-21,P017,PEN01,99,60.03,94.6,1062.7,0.187,0.542,14,46.1,7,26,29,0,22.4,60.1,97.8,51.0,True,
2026-03-22,P017,PEN01,100,60.42,93.8,1126.7,0.2,0.565,10,37.0,8,19,35,0,22.8,50.3,97.1,44.1,True,
2026-03-23,P017,PEN01,101,61.31,79.1,827.4,0.174,0.59,11,50.3,8,16,41,1,21.5,51.7,99.8,44.4,True,
2026-03-24,P017,PEN01,102,62.25,100.5,1121.0,0.186,0.627,12,35.1,6,18,26,2,21.6,51.9,100.0,37.1,True,
2026-03-25,P017,PEN01,103,62.75,84.5,1033.8,0.204,0.584,11,48.4,10,18,34,0,22.3,59.0,89.9,47.9,True,
2026-03-26,P017,PEN01,104,64.0,102.3,1083.5,0.177,0.611,10,51.0,6,25,31,0,21.0,57.5,100.0,51.2,True,
2026-03-27,P017,PEN01,105,64.05,80.0,850.6,0.177,0.712,10,40.0,10,18,33,1,21.2,55.6,87.8,30.1,True,
2026-03-28,P017,PEN01,106,64.31,91.3,760.2,0.139,0.591,10,45.7,9,14,31,2,21.7,53.9,91.2,41.2,True,
2026-03-29,P017,PEN01,107,64.9,71.1,863.4,0.202,0.586,7,30.5,9,18,31,2,20.6,58.0,96.2,29.4,True,
2026-03-30,P017,PEN01,108,65.95,60.0,803.5,0.223,0.715,8,36.9,9,10,29,2,21.8,59.8,94.1,22.8,True,
2026-03-31,P017,PEN01,109,66.97,59.5,554.1,0.155,0.676,7,27.0,10,15,29,1,20.7,63.2,98.2,17.8,True,
2026-04-01,P017,PEN01,110,67.95,72.7,658.5,0.151,0.713,8,28.6,10,26,26,2,23.0,66.4,95.3,18.2,True,
2026-04-02,P017,PEN01,111,68.18,88.3,573.6,0.108,0.652,7,29.9,9,10,33,0,22.9,65.7,94.9,27.4,True,
2026-04-03,P017,PEN01,112,70.03,82.3,728.1,0.147,0.676,8,31.7,12,19,25,2,24.6,63.6,99.3,24.8,True,
2026-04-04,P017,PEN01,113,68.85,72.0,303.9,0.07,0.702,7,32.9,7,21,26,0,22.3,66.3,99.6,20.8,True,
2026-04-05,P017,PEN01,114,70.54,53.6,583.8,0.181,0.709,6,27.7,8,23,29,0,23.5,73.7,90.8,16.8,True,
2026-04-06,P017,PEN01,115,71.17,80.3,803.3,0.167,0.633,12,42.3,8,7,32,0,24.6,69.6,91.6,37.7,True,
2026-04-07,P017,PEN01,116,71.75,88.5,1030.6,0.194,0.582,12,42.6,8,16,27,0,24.4,72.8,92.8,44.8,True,
2026-04-08,P017,PEN01,117,72.87,114.9,778.9,0.113,0.597,8,46.7,7,17,36,1,26.6,72.3,93.2,46.8,True,
2026-04-09,P017,PEN01,118,73.42,89.7,910.9,0.169,0.583,10,44.1,9,28,32,1,27.0,68.7,90.0,43.4,True,
2026-04-10,P017,PEN01,119,74.26,88.5,934.4,0.176,0.574,10,45.0,7,19,33,0,26.2,77.7,100.0,45.9,True,
2026-04-11,P017,PEN01,120,75.07,92.1,864.1,0.156,0.542,7,47.3,9,23,35,1,27.2,69.8,89.2,48.0,True,
2026-03-01,P018,PEN02,88,39.95,105.9,1488.7,0.234,0.519,14,51.0,7,20,34,0,22.0,75.3,93.8,61.7,True,
2026-03-02,P018,PEN02,89,39.91,139.0,1315.5,0.158,0.517,14,55.6,7,26,45,0,22.7,69.4,100.0,68.4,True,
2026-03-03,P018,PEN02,90,40.58,112.8,1180.7,0.174,0.505,12,60.2,10,31,46,0,23.9,77.2,92.3,66.7,True,
2026-03-04,P018,PEN02,91,42.41,118.1,1268.9,0.179,0.563,9,55.9,7,24,45,0,24.6,67.8,89.8,61.8,True,
2026-03-05,P018,PEN02,92,42.38,115.1,1302.3,0.189,0.541,10,55.2,9,26,42,0,24.8,67.8,87.2,62.6,True,
2026-03-06,P018,PEN02,93,44.13,120.2,1408.7,0.195,0.514,11,58.3,8,32,45,1,25.6,68.2,95.2,66.9,True,
2026-03-07,P018,PEN02,94,42.74,128.6,1197.2,0.155,0.531,13,55.6,10,32,44,1,25.6,70.9,91.3,63.2,True,
2026-03-08,P018,PEN02,95,44.03,119.9,1176.3,0.163,0.518,13,58.4,9,23,44,0,24.9,64.3,90.3,65.7,True,
2026-03-09,P018,PEN02,96,45.91,103.9,1448.2,0.232,0.495,13,53.7,6,25,38,0,24.4,62.1,93.7,64.3,True,
2026-03-10,P018,PEN02,97,45.77,118.5,1303.5,0.183,0.521,13,56.8,7,33,44,0,25.6,66.5,85.3,65.5,True,
2026-03-11,P018,PEN02,98,46.82,124.5,1064.9,0.143,0.501,14,55.1,7,22,44,1,26.1,56.6,98.9,62.9,True,
2026-03-12,P018,PEN02,99,47.8,142.9,,0.136,0.517,13,49.1,9,26,39,0,24.9,58.1,97.7,63.3,True,
2026-03-13,P018,PEN02,100,48.17,122.3,1250.8,0.171,0.535,14,65.6,9,29,39,0,24.0,66.5,93.9,70.4,True,
2026-03-14,P018,PEN02,101,49.65,123.0,1228.8,0.166,0.516,13,54.3,7,27,46,0,24.6,58.5,100.0,64.2,True,
2026-03-15,P018,PEN02,102,49.83,132.3,1198.8,0.151,0.498,14,55.2,8,23,41,0,24.4,58.9,94.4,67.2,True,
2026-03-16,P018,PEN02,103,50.7,125.6,1318.7,0.175,0.456,14,58.1,6,25,35,0,23.5,55.1,96.7,71.9,True,
2026-03-17,P018,PEN02,104,51.96,128.3,1331.0,0.173,0.518,12,58.5,7,29,37,0,23.2,55.7,91.2,68.7,True,
2026-03-18,P018,PEN02,105,51.89,131.6,1153.4,0.146,0.487,13,66.1,7,32,41,0,22.5,54.6,92.0,74.4,True,
2026-03-19,P018,PEN02,106,52.56,124.2,1362.5,0.183,0.503,14,54.7,7,32,40,1,23.0,52.9,99.0,65.5,True,
2026-03-20,P018,PEN02,107,54.03,116.9,1342.4,0.191,0.545,14,57.2,7,28,44,0,22.0,53.4,100.0,64.3,True,
2026-03-21,P018,PEN02,108,54.52,129.6,1415.1,0.182,0.528,11,59.7,8,26,42,2,22.0,51.4,91.8,67.1,True,
2026-03-22,P018,PEN02,109,54.98,119.8,1372.6,0.191,0.477,15,62.1,8,26,43,3,22.4,60.1,95.5,68.5,True,
2026-03-23,P018,PEN02,110,54.98,116.8,1214.3,0.173,0.523,13,59.5,8,25,54,1,20.6,53.9,91.2,64.6,True,
2026-03-24,P018,PEN02,111,56.0,125.9,1064.3,0.141,0.575,13,46.7,7,23,48,2,20.6,58.8,93.6,51.5,True,
2026-03-25,P018,PEN02,112,56.6,126.5,1237.3,0.163,0.501,13,50.1,8,23,54,1,20.7,59.3,90.7,61.7,True,
2026-03-26,P018,PEN02,113,58.24,125.8,1334.1,0.177,0.513,8,45.5,9,29,49,1,19.0,63.2,84.4,58.8,True,
2026-03-27,P018,PEN02,114,58.33,121.0,1382.4,0.19,0.481,13,62.1,9,30,44,1,20.6,58.7,91.4,71.4,True,
2026-03-28,P018,PEN02,115,59.94,133.2,1463.8,0.183,0.523,12,,6,28,40,0,19.6,62.2,94.1,72.5,True,
2026-03-29,P018,PEN02,116,59.73,125.9,1406.7,0.186,0.527,14,59.7,11,30,38,1,19.9,61.1,93.9,67.9,True,
2026-03-30,P018,PEN02,117,60.93,122.1,1298.5,0.177,0.489,12,59.9,10,22,39,0,18.9,61.1,100.0,70.2,True,
2026-03-31,P018,PEN02,118,60.73,142.2,1370.9,0.161,0.47,11,53.3,8,22,40,1,20.5,59.3,100.0,69.7,True,
2026-04-01,P018,PEN02,119,61.95,134.0,1301.6,0.162,0.479,13,59.6,9,26,48,0,20.9,63.9,99.9,72.6,True,
2026-04-02,P018,PEN02,120,62.21,,1313.4,0.195,0.471,11,64.5,5,23,34,0,21.2,67.1,87.9,72.9,True,
2026-04-03,P018,PEN02,121,63.24,138.6,1158.6,0.139,0.529,12,66.3,9,25,47,1,22.6,68.1,92.5,71.6,True,
2026-04-04,P018,PEN02,122,63.3,104.4,1261.8,0.201,0.55,10,50.9,7,29,45,3,23.4,70.7,91.6,53.0,True,
2026-04-05,P018,PEN02,123,65.04,114.5,1154.7,0.168,0.533,14,,8,22,38,0,23.4,72.5,96.0,52.8,True,
2026-04-06,P018,PEN02,124,65.2,120.4,1384.1,0.192,0.522,13,47.5,7,28,43,1,24.9,72.0,97.7,59.2,True,
2026-04-07,P018,PEN02,125,66.36,111.4,1276.5,0.191,0.565,8,47.1,6,16,30,4,26.1,74.3,98.4,49.4,True,
2026-04-08,P018,PEN02,126,66.09,115.5,1234.6,0.178,0.609,9,50.8,8,19,38,3,24.8,71.9,94.0,50.5,True,
2026-04-09,P018,PEN02,127,67.68,96.2,871.9,0.151,0.652,13,45.7,10,19,38,3,24.4,73.1,92.2,37.7,True,
2026-04-10,P018,PEN02,128,67.56,90.5,981.2,0.181,0.614,9,34.7,11,28,41,7,25.5,72.9,93.9,27.6,True,
2026-04-11,P018,PEN02,129,68.52,99.3,984.5,0.165,0.64,11,36.6,7,28,36,5,24.9,69.9,96.0,31.4,True,
2026-03-01,P019,PEN03,85,44.89,129.3,1311.7,0.169,0.513,16,64.7,7,28,45,1,22.6,74.4,100.0,71.6,True,
2026-03-02,P019,PEN03,86,46.11,148.6,1401.2,0.157,0.471,13,59.3,10,24,39,0,22.6,64.8,90.8,76.2,True,
2026-03-03,P019,PEN03,87,47.14,115.8,1304.3,0.188,0.518,12,52.5,7,29,45,1,23.6,67.1,93.8,61.2,True,
2026-03-04,P019,PEN03,88,47.59,150.9,1538.9,0.17,0.435,14,54.7,8,24,44,1,25.4,71.6,92.9,76.0,True,
2026-03-05,P019,PEN03,89,48.75,126.3,1218.2,0.161,0.439,15,60.3,8,32,42,1,25.0,73.0,94.2,72.1,True,
2026-03-06,P019,PEN03,90,49.04,,1579.1,0.215,0.437,13,64.2,11,32,37,1,24.6,70.5,100.0,77.8,True,
2026-03-07,P019,PEN03,91,50.59,129.7,1549.7,0.199,0.502,12,63.9,9,26,34,1,25.9,65.3,94.9,74.3,True,
2026-03-08,P019,PEN03,92,49.76,127.0,1396.4,0.183,0.477,12,58.7,7,22,41,0,25.8,65.5,88.9,71.9,True,
2026-03-09,P019,PEN03,93,51.21,109.4,1166.5,0.178,0.535,15,53.3,11,23,43,0,30.9,68.9,95.4,59.6,True,
2026-03-10,P019,PEN03,94,52.0,122.0,1216.7,0.166,0.582,13,68.0,9,31,45,0,31.6,73.0,91.5,68.6,True,
2026-03-11,P019,PEN03,95,53.34,125.8,-45.0,0.167,0.535,15,63.8,10,33,40,0,29.6,68.6,90.6,70.0,False,negative_distance
2026-03-12,P019,PEN03,96,53.14,118.9,1381.5,0.194,0.608,13,59.6,9,37,47,0,30.9,64.9,90.9,62.6,True,
2026-03-13,P019,PEN03,97,54.04,128.8,1261.5,0.163,0.468,13,62.3,9,24,50,1,25.0,63.8,95.1,72.4,True,
2026-03-14,P019,PEN03,98,54.92,135.6,1473.1,0.181,0.517,15,58.8,7,29,47,1,24.7,58.9,94.1,70.2,True,
2026-03-15,P019,PEN03,99,55.84,136.5,1316.1,0.161,0.506,15,61.3,6,27,51,0,25.3,62.2,92.2,72.5,True,
2026-03-16,P019,PEN03,100,55.68,113.5,1197.8,0.176,0.524,14,61.2,7,26,39,1,23.5,63.0,95.5,64.9,True,
2026-03-17,P019,PEN03,101,56.13,148.4,1516.3,0.17,0.475,16,49.7,7,27,47,1,22.7,61.1,100.0,69.4,True,
2026-03-18,P019,PEN03,102,57.38,119.6,1548.3,0.216,0.55,15,50.2,8,29,49,0,22.9,56.6,92.2,62.0,True,
2026-03-19,P019,PEN03,103,58.97,129.5,1332.1,0.171,0.548,12,65.7,8,36,44,0,22.9,53.8,91.3,71.6,True,
2026-03-20,P019,PEN03,104,59.42,141.1,1507.1,0.178,0.547,15,58.8,6,30,44,1,21.3,49.4,94.7,69.4,True,
2026-03-21,P019,PEN03,105,60.14,145.2,1320.7,0.152,0.533,13,59.0,8,27,43,1,21.5,52.4,90.3,69.2,True,
2026-03-22,P019,PEN03,106,60.56,136.5,1434.2,0.175,0.548,14,61.7,6,32,44,2,21.2,57.0,89.9,68.4,True,
2026-03-23,P019,PEN03,107,60.82,122.0,1306.8,0.179,0.466,15,58.0,10,27,45,0,20.7,53.2,96.7,70.5,True,
2026-03-24,P019,PEN03,108,61.88,134.5,1261.5,0.156,0.473,14,63.1,9,28,50,1,21.2,51.3,100.0,73.5,True,
2026-03-25,P019,PEN03,109,62.61,127.3,1316.3,0.172,0.537,13,49.8,8,34,42,1,19.7,58.7,86.3,60.1,True,
2026-03-26,P019,PEN03,110,63.12,,1388.1,0.17,0.498,12,60.9,8,32,47,0,18.9,62.2,91.8,73.4,True,
2026-03-27,P019,PEN03,111,63.58,134.9,1299.9,0.161,0.542,13,59.4,9,28,49,0,21.3,59.6,94.9,68.5,True,
2026-03-28,P019,PEN03,112,64.4,,1474.0,0.187,0.571,13,58.3,9,24,47,1,20.6,57.9,92.3,65.7,True,
2026-03-29,P019,PEN03,113,65.87,134.0,1325.1,0.165,0.503,11,67.5,7,29,36,0,20.6,62.5,98.5,76.4,True,
2026-03-30,P019,PEN03,114,66.45,130.0,1283.4,0.165,0.514,13,56.7,10,21,48,0,21.3,61.9,87.0,67.6,True,
2026-03-31,P019,PEN03,115,66.71,143.6,1282.9,0.149,0.493,13,62.2,9,31,51,0,21.5,62.4,94.4,74.7,True,
2026-04-01,P019,PEN03,116,67.94,135.0,1725.3,0.213,0.505,12,65.8,7,22,36,2,21.3,65.0,88.3,76.5,True,
2026-04-02,P019,PEN03,117,68.09,125.9,1241.0,0.164,0.513,15,50.5,7,26,44,0,22.8,61.8,84.8,62.5,True,
2026-04-03,P019,PEN03,118,68.38,145.0,1488.0,0.171,0.471,13,69.5,11,26,44,0,21.5,70.2,92.4,83.2,True,
2026-04-04,P019,PEN03,119,70.32,133.7,1082.5,0.135,0.547,12,,6,24,46,0,22.5,68.7,94.2,63.1,True,
2026-04-05,P019,PEN03,120,71.04,126.6,1443.6,0.19,0.508,13,61.2,9,27,49,0,23.1,73.4,97.1,71.9,True,
2026-04-06,P019,PEN03,121,70.45,120.7,1290.1,0.178,0.509,13,63.5,6,26,44,0,24.0,68.3,93.4,70.9,True,
2026-04-07,P019,PEN03,122,71.9,132.0,1207.1,0.152,0.552,13,65.8,10,34,40,0,25.0,69.1,94.9,70.6,True,
2026-04-08,P019,PEN03,123,72.15,125.3,1199.2,0.159,0.534,12,60.1,6,31,40,1,25.3,71.0,99.8,65.5,True,
2026-04-09,P019,PEN03,124,73.76,122.0,1103.3,0.151,0.525,11,58.7,6,34,46,0,25.4,74.0,91.6,65.1,True,
2026-04-10,P019,PEN03,125,73.97,134.6,1421.1,0.176,0.514,11,59.6,6,30,47,0,26.2,72.0,89.2,71.6,True,
2026-04-11,P019,PEN03,126,75.77,122.4,1501.0,0.204,0.512,13,55.6,9,21,41,0,26.3,71.3,96.8,67.9,True,
2026-03-01,P020,PEN04,88,46.64,136.2,1469.4,0.18,0.469,13,60.8,7,35,50,0,22.8,70.6,94.1,76.0,True,
2026-03-02,P020,PEN04,89,47.93,155.3,1691.5,0.182,0.48,14,71.9,9,27,40,0,24.8,69.7,90.5,87.8,True,
2026-03-03,P020,PEN04,90,48.16,136.8,1460.8,0.178,0.476,14,57.1,6,28,41,0,25.6,68.4,94.4,73.2,True,
2026-03-04,P020,PEN04,91,48.76,147.1,1432.2,0.162,0.52,14,78.2,10,31,48,0,25.2,73.0,95.9,85.4,True,
2026-03-05,P020,PEN04,92,49.81,135.3,1510.5,0.186,0.483,15,74.0,11,31,53,0,25.6,72.4,94.3,83.9,True,
2026-03-06,P020,PEN04,93,50.06,145.9,1493.8,0.171,0.494,16,59.5,9,31,43,0,26.4,67.2,94.5,75.3,True,
2026-03-07,P020,PEN04,94,50.71,139.8,1423.6,0.17,0.444,13,63.3,8,34,48,2,27.5,70.2,87.0,76.6,True,
2026-03-08,P020,PEN04,95,51.94,148.5,1597.0,0.179,0.509,13,70.0,7,18,41,0,26.7,66.4,100.0,82.6,True,
2026-03-09,P020,PEN04,96,52.42,146.9,1287.7,0.146,0.537,13,63.3,9,41,43,0,31.5,67.4,96.9,73.1,True,
2026-03-10,P020,PEN04,97,52.6,144.5,1270.6,0.147,0.565,13,67.0,10,31,46,1,32.9,64.9,90.2,71.8,True,
2026-03-11,P020,PEN04,98,53.92,124.0,1514.3,0.204,0.549,12,60.9,13,36,43,0,32.0,67.6,98.0,69.4,True,
2026-03-12,P020,PEN04,99,54.84,127.8,1318.9,0.172,0.608,13,64.6,12,35,50,0,31.3,63.3,95.0,66.6,True,
2026-03-13,P020,PEN04,100,55.33,139.9,1620.8,0.193,0.525,13,67.8,8,30,50,0,28.1,67.4,98.5,79.0,True,
2026-03-14,P020,PEN04,101,55.93,151.3,1345.3,0.148,0.406,14,73.4,9,30,48,0,25.5,61.4,93.2,89.5,True,
2026-03-15,P020,PEN04,102,57.02,133.7,1442.3,0.18,0.479,15,65.4,7,32,56,0,26.6,54.8,100.0,77.7,True,
2026-03-16,P020,PEN04,103,56.8,151.4,1700.0,0.187,0.471,11,76.3,8,35,51,0,24.8,57.3,100.0,90.7,True,
2026-03-17,P020,PEN04,104,57.79,151.3,1434.0,0.158,0.515,12,58.9,7,39,43,3,24.9,51.9,91.2,69.6,True,
2026-03-18,P020,PEN04,105,58.71,141.0,1722.9,0.204,0.461,14,68.3,8,30,42,2,24.8,47.5,94.5,82.0,True,
2026-03-19,P020,PEN04,106,59.06,,1377.4,0.153,0.495,14,72.4,8,31,46,0,24.4,55.3,91.3,83.1,True,
2026-03-20,P020,PEN04,107,59.75,160.0,1352.2,0.141,0.441,11,65.8,7,32,44,0,22.7,54.6,98.9,83.8,True,
2026-03-21,P020,PEN04,108,61.34,147.5,1510.7,0.171,0.458,14,60.1,9,26,47,1,22.4,55.9,94.0,77.1,True,
2026-03-22,P020,PEN04,109,61.74,137.5,1429.6,0.173,0.466,14,58.6,10,35,46,0,22.3,56.4,98.3,74.6,True,
2026-03-23,P020,PEN04,110,61.99,149.4,1260.0,0.141,0.494,13,72.7,11,35,54,0,22.0,55.9,100.0,82.2,True,
2026-03-24,P020,PEN04,111,61.76,148.9,1320.5,0.148,0.419,11,52.4,7,24,53,1,21.0,54.8,100.0,73.0,True,
2026-03-25,P020,PEN04,112,63.54,147.6,1711.9,0.193,0.513,14,60.2,6,28,48,0,20.7,55.0,93.5,77.0,True,
2026-03-26,P020,PEN04,113,64.31,156.2,1233.1,0.132,0.409,15,67.1,9,28,57,0,21.9,52.7,95.1,84.8,True,
2026-03-27,P020,PEN04,114,65.76,138.6,1427.9,0.172,0.441,14,58.0,10,28,40,0,21.0,61.0,89.9,76.0,True,
2026-03-28,P020,PEN04,115,65.43,146.5,1306.8,0.149,0.509,13,60.9,8,26,45,1,21.6,57.1,96.2,72.1,True,
2026-03-29,P020,PEN04,116,66.95,144.0,1390.3,0.161,0.49,12,68.8,7,33,44,0,22.2,61.4,92.8,80.4,True,
2026-03-30,P020,PEN04,117,67.79,131.1,1496.1,0.19,0.494,13,64.9,8,38,54,0,21.0,63.7,99.5,76.5,True,
2026-03-31,P020,PEN04,118,69.27,151.9,1708.0,0.187,0.494,16,61.5,8,30,39,1,22.7,67.8,93.3,78.3,True,
2026-04-01,P020,PEN04,119,68.23,152.4,1587.3,0.174,0.45,15,61.3,8,21,41,0,22.8,67.7,95.5,81.3,True,
2026-04-02,P020,PEN04,120,70.12,149.6,1211.6,0.135,0.5,14,66.7,7,32,40,3,23.1,63.6,100.0,73.2,True,
2026-04-03,P020,PEN04,121,69.59,134.9,1550.6,0.192,0.528,8,62.2,9,27,48,3,22.8,67.4,97.4,69.5,True,
2026-04-04,P020,PEN04,122,70.18,131.6,1334.2,0.169,0.623,13,48.8,7,27,37,1,25.7,64.0,98.4,54.7,True,
2026-04-05,P020,PEN04,123,71.27,131.5,1074.5,0.136,0.578,12,51.8,7,33,49,5,24.3,69.2,93.2,51.3,True,
2026-04-06,P020,PEN04,124,71.72,105.6,1227.5,0.194,0.54,9,64.4,9,35,41,2,26.2,70.6,97.7,63.7,True,
2026-04-07,P020,PEN04,125,72.32,124.8,1384.1,0.185,0.577,14,47.3,10,28,41,4,25.5,67.2,89.9,52.0,True,
2026-04-08,P020,PEN04,126,72.99,116.9,1338.9,0.191,0.557,13,46.1,6,27,30,4,26.7,70.0,94.2,50.8,True,
2026-04-09,P020,PEN04,127,73.99,120.1,1218.4,0.169,0.601,12,57.7,6,25,41,0,26.3,72.1,91.9,60.4,True,
2026-04-10,P020,PEN04,128,74.71,123.5,1228.5,0.166,0.585,12,54.8,8,27,39,1,27.7,70.6,83.7,58.7,True,
2026-04-11,P020,PEN04,129,75.37,114.0,1011.1,0.148,0.583,12,61.8,7,31,39,4,26.6,70.1,84.2,55.5,True,
2026-03-01,P021,PEN05,86,41.24,116.2,1399.4,0.201,0.505,12,52.4,9,21,40,0,22.0,70.7,95.0,64.3,True,
2026-03-02,P021,PEN05,87,42.08,118.4,1264.3,0.178,0.554,12,49.5,8,32,42,0,24.0,74.0,96.0,58.2,True,
2026-03-03,P021,PEN05,88,43.5,124.9,1211.9,0.162,0.53,12,61.6,9,26,43,1,23.1,74.0,100.0,66.8,True,
2026-03-04,P021,PEN05,89,43.75,114.0,1535.1,0.224,0.532,12,53.2,6,34,45,1,25.4,69.1,91.8,62.7,True,
2026-03-05,P021,PEN05,90,45.01,120.9,1407.2,0.194,0.523,10,56.4,10,28,43,0,24.4,71.2,88.9,66.6,True,
2026-03-06,P021,PEN05,91,45.35,121.2,1325.1,0.182,0.591,12,55.5,7,34,45,0,26.8,69.4,87.3,60.8,True,
2026-03-07,P021,PEN05,92,47.06,117.1,1132.6,0.161,0.516,11,53.4,9,19,40,0,24.7,67.4,85.1,61.7,True,
2026-03-08,P021,PEN05,93,46.35,137.8,1602.8,0.194,0.504,12,49.3,10,34,36,0,26.4,66.3,95.7,67.9,True,
2026-03-09,P021,PEN05,94,47.12,129.5,1373.6,0.177,0.54,14,51.4,10,30,48,0,25.5,63.8,100.0,63.3,True,
2026-03-10,P021,PEN05,95,47.84,127.3,1465.0,0.192,0.523,12,52.5,8,24,43,0,26.1,67.9,88.6,65.7,True,
2026-03-11,P021,PEN05,96,48.47,129.6,1579.1,0.203,0.457,14,57.0,9,29,46,0,25.4,63.2,88.7,74.4,True,
2026-03-12,P021,PEN05,97,49.15,114.5,1280.1,0.186,0.52,12,57.2,8,26,48,0,25.2,62.5,96.6,65.0,True,
2026-03-13,P021,PEN05,98,50.69,109.3,1305.8,0.199,0.525,13,48.3,9,26,50,0,23.5,58.9,96.6,58.3,True,
2026-03-14,P021,PEN05,99,50.55,134.5,1439.8,0.178,0.552,10,60.8,10,26,43,1,25.1,56.9,92.8,68.7,True,
2026-03-15,P021,PEN05,100,51.71,127.4,1246.1,0.163,0.54,13,56.6,8,30,38,1,23.9,55.8,90.6,63.6,True,
2026-03-16,P021,PEN05,101,52.38,119.5,1091.7,0.152,0.503,13,58.0,9,21,45,2,24.1,53.8,96.0,62.7,True,
2026-03-17,P021,PEN05,102,52.91,108.7,1123.0,0.172,0.479,12,62.4,8,30,42,0,25.0,56.8,91.3,68.6,True,
2026-03-18,P021,PEN05,103,52.78,120.2,1215.1,0.169,0.577,14,56.5,8,24,39,1,23.0,51.4,95.2,59.7,True,
2026-03-19,P021,PEN05,104,54.78,116.5,1264.1,0.181,0.484,12,53.9,8,22,45,1,22.1,55.1,92.0,63.9,True,
2026-03-20,P021,PEN05,105,56.18,129.7,1421.1,0.183,0.526,12,63.1,9,24,41,0,21.0,57.5,94.6,72.2,True,
2026-03-21,P021,PEN05,106,55.68,135.3,1418.4,0.175,0.577,12,55.3,8,25,53,0,21.5,61.5,80.7,64.7,True,
2026-03-22,P021,PEN05,107,57.13,117.3,1063.4,0.151,0.556,12,44.3,9,30,41,2,21.3,55.8,94.0,49.7,True,
2026-03-23,P021,PEN05,108,57.08,121.7,1316.8,0.18,0.543,12,63.1,9,26,37,0,20.4,50.4,90.9,68.9,True,
2026-03-24,P021,PEN05,109,58.12,119.5,1338.1,0.187,0.554,12,52.2,8,27,37,0,20.2,49.5,94.0,60.9,True,
2026-03-25,P021,PEN05,110,58.95,117.1,1182.9,0.168,0.529,12,64.4,5,29,48,0,20.0,61.7,98.7,68.6,True,
2026-03-26,P021,PEN05,111,59.02,129.2,1249.8,0.161,0.515,16,,10,23,42,0,19.9,59.0,99.7,66.3,True,
2026-03-27,P021,PEN05,112,59.64,122.5,1461.5,0.199,0.452,11,52.8,7,31,42,0,19.8,57.3,100.0,69.6,True,
2026-03-28,P021,PEN05,113,62.0,107.3,1343.1,0.209,0.587,13,59.0,9,25,38,0,19.7,63.8,88.5,61.3,True,
2026-03-29,P021,PEN05,114,61.9,115.3,1365.8,0.197,,12,59.0,6,25,49,0,20.7,65.0,90.8,70.1,True,
2026-03-30,P021,PEN05,115,61.93,135.4,1170.4,0.144,0.545,12,52.5,7,31,54,0,21.0,62.5,91.2,62.6,True,
2026-03-31,P021,PEN05,116,62.43,129.4,1041.8,0.134,0.498,11,60.6,8,26,36,1,21.5,65.1,90.5,67.2,True,
2026-04-01,P021,PEN05,117,63.68,129.5,1332.6,0.172,0.513,11,56.4,7,25,46,1,20.6,60.8,100.0,66.5,True,
2026-04-02,P021,PEN05,118,64.76,114.5,1490.9,0.217,0.548,11,61.7,8,29,42,2,20.6,66.0,95.5,65.5,True,
2026-04-03,P021,PEN05,119,64.28,118.9,1233.4,0.173,0.555,15,58.5,11,26,36,1,23.6,69.2,93.5,62.4,True,
2026-04-04,P021,PEN05,120,65.53,116.1,1130.4,0.162,0.549,14,52.5,6,23,49,0,22.0,69.7,97.4,58.9,True,
2026-04-05,P021,PEN05,121,66.67,129.4,1280.9,0.165,0.48,14,47.5,7,29,34,0,22.4,67.0,94.4,63.7,True,
2026-04-06,P021,PEN05,122,67.5,128.7,,0.178,0.455,13,58.8,7,21,38,2,24.6,71.1,94.4,70.7,True,
2026-04-07,P021,PEN05,123,67.85,111.4,1259.5,0.188,0.508,10,61.1,7,20,44,2,24.7,71.1,92.2,64.9,True,
2026-04-08,P021,PEN05,124,69.0,123.1,1373.2,0.186,0.481,13,58.8,9,27,42,0,23.6,72.0,93.0,70.9,True,
2026-04-09,P021,PEN05,125,69.57,133.7,1276.6,0.159,0.441,11,57.7,9,32,29,0,25.6,69.8,100.0,73.5,True,
2026-04-10,P021,PEN05,126,70.69,131.3,1252.3,0.159,0.549,13,50.1,8,27,42,1,25.8,71.6,93.4,59.5,True,
2026-04-11,P021,PEN05,127,71.43,132.5,1289.5,0.162,0.485,12,59.2,9,35,53,0,25.8,74.0,97.5,71.6,True,
2026-03-01,P022,PEN06,90,39.42,109.2,1091.5,0.167,0.557,9,45.3,7,32,36,0,23.9,73.0,82.6,52.1,True,
2026-03-02,P022,PEN06,91,38.46,120.5,1116.3,0.154,,12,54.8,8,28,45,0,24.0,75.1,96.4,64.0,True,
2026-03-03,P022,PEN06,92,39.36,122.1,1105.9,0.151,0.58,10,55.4,8,27,32,1,24.0,69.9,94.6,58.0,True,
2026-03-04,P022,PEN06,93,41.22,121.2,1356.3,0.187,0.574,13,49.7,8,27,43,0,24.5,65.1,96.2,58.5,True,
2026-03-05,P022,PEN06,94,41.46,106.4,1115.3,0.175,0.538,14,53.2,9,25,39,0,24.9,69.2,96.8,58.3,True,
2026-03-06,P022,PEN06,95,42.41,104.2,1271.7,0.203,0.497,10,47.2,8,25,40,0,25.4,69.5,93.5,58.3,True,
2026-03-07,P022,PEN06,96,42.41,110.1,1364.6,0.207,0.531,11,44.3,7,24,41,0,24.5,65.9,89.1,56.1,True,
2026-03-08,P022,PEN06,97,42.89,110.3,1354.6,0.205,0.535,12,48.8,9,32,38,2,26.4,66.7,85.8,55.8,True,
2026-03-09,P022,PEN06,98,44.24,110.1,1228.2,0.186,0.548,13,52.6,6,28,38,0,24.7,67.4,98.1,59.0,True,
2026-03-10,P022,PEN06,99,45.23,118.5,1222.1,0.172,0.554,15,46.9,9,22,38,1,26.8,60.1,90.3,54.8,True,
2026-03-11,P022,PEN06,100,45.18,101.6,1295.0,0.213,0.526,10,49.8,10,24,34,0,26.0,59.0,97.9,57.9,True,
2026-03-12,P022,PEN06,101,46.22,114.1,1250.4,0.183,0.494,12,50.9,11,27,35,0,25.0,60.5,93.9,62.3,True,
2026-03-13,P022,PEN06,102,47.08,113.4,1155.5,0.17,0.574,10,47.5,9,20,42,0,25.6,57.1,91.8,53.8,True,
2026-03-14,P022,PEN06,103,47.01,116.6,1222.3,0.175,0.485,10,51.3,8,29,38,0,24.5,54.9,96.3,63.1,True,
2026-03-15,P022,PEN06,104,48.33,132.9,1205.9,0.151,,12,47.1,5,17,42,0,25.1,55.5,99.0,60.5,True,
2026-03-16,P022,PEN06,105,49.22,116.4,1196.6,0.171,0.49,12,49.2,10,20,43,2,24.3,60.0,88.9,58.4,True,
2026-03-17,P022,PEN06,106,49.68,124.7,1392.2,0.186,0.594,14,53.5,11,26,39,0,23.4,54.8,93.5,60.6,True,
2026-03-18,P022,PEN06,107,50.55,118.9,932.3,0.131,0.491,14,42.5,4,18,43,1,23.8,57.1,94.9,53.1,True,
2026-03-19,P022,PEN06,108,51.03,128.7,1228.3,0.159,0.505,8,52.6,8,25,35,0,23.5,47.9,94.6,64.7,True,
2026-03-20,P022,PEN06,109,51.47,118.8,1362.9,0.191,0.534,9,50.8,10,22,32,0,22.5,53.0,91.5,61.5,True,
2026-03-21,P022,PEN06,110,52.75,111.0,1076.2,0.162,0.492,11,58.1,8,25,35,0,22.6,56.7,85.5,64.8,True,
2026-03-22,P022,PEN06,111,52.94,103.8,1232.8,0.198,0.506,12,48.0,8,29,30,0,21.7,48.5,92.1,57.7,True,
2026-03-23,P022,PEN06,112,54.31,116.8,1140.1,0.163,0.521,10,44.5,10,19,31,0,20.4,54.0,95.8,55.7,True,
2026-03-24,P022,PEN06,113,55.12,104.3,1097.6,0.175,0.544,11,50.9,8,23,40,1,21.4,58.7,91.6,54.5,True,
2026-03-25,P022,PEN06,114,55.69,110.2,1249.5,0.189,0.532,12,54.6,10,25,38,0,20.5,49.8,97.3,61.5,True,
2026-03-26,P022,PEN06,115,56.7,114.7,1173.3,0.17,0.508,13,48.2,8,17,40,1,20.3,53.4,91.0,57.5,True,
2026-03-27,P022,PEN06,116,58.03,107.6,1279.8,0.198,0.572,12,56.0,8,20,42,0,20.1,59.6,96.5,59.7,True,
2026-03-28,P022,PEN06,117,58.48,117.5,1041.3,0.148,0.52,10,58.3,7,26,34,1,20.0,58.8,100.0,62.4,True,
2026-03-29,P022,PEN06,118,58.47,117.7,1212.5,0.172,0.567,11,49.2,7,29,38,0,20.1,59.2,99.0,56.5,True,
2026-03-30,P022,PEN06,119,59.4,102.6,1124.8,0.183,0.534,12,50.9,7,27,30,1,21.4,56.9,93.0,55.1,True,
2026-03-31,P022,PEN06,120,60.22,112.5,1096.3,0.162,0.549,13,52.0,11,22,36,0,21.1,64.4,95.6,57.6,True,
2026-04-01,P022,PEN06,121,60.97,97.1,1150.8,0.197,0.57,11,54.6,6,23,38,1,21.1,62.2,94.1,54.6,True,
2026-04-02,P022,PEN06,122,61.88,101.5,1157.0,0.19,0.498,10,54.1,6,23,35,1,21.3,68.1,90.9,59.7,True,
2026-04-03,P022,PEN06,123,62.22,113.3,1074.4,0.158,0.559,14,55.4,9,21,44,0,22.2,66.1,90.9,59.1,True,
2026-04-04,P022,PEN06,124,63.98,117.3,1224.5,0.174,0.531,13,47.0,9,16,41,0,24.2,69.2,94.3,57.6,True,
2026-04-05,P022,PEN06,125,63.81,119.2,891.0,0.125,0.537,12,58.1,6,21,42,1,24.7,67.6,89.4,59.9,True,
2026-04-06,P022,PEN06,126,63.76,102.6,1313.7,0.214,0.526,10,54.5,8,21,34,0,24.1,77.9,87.9,61.2,True,
2026-04-07,P022,PEN06,127,64.76,116.9,1164.4,0.166,0.55,12,53.2,11,27,41,0,23.7,69.8,97.8,59.7,True,
2026-04-08,P022,PEN06,128,65.63,121.7,1020.4,0.14,0.532,12,40.5,9,26,33,0,26.1,69.6,96.2,51.9,True,
2026-04-09,P022,PEN06,129,66.88,131.3,1374.0,0.174,0.494,11,47.6,8,13,48,1,26.3,66.4,85.9,62.6,True,
2026-04-10,P022,PEN06,130,67.44,115.6,1181.5,0.17,0.55,12,49.5,8,16,38,1,26.0,71.5,95.6,55.8,True,
2026-04-11,P022,PEN06,131,67.99,121.2,1126.3,0.155,0.493,13,55.3,8,23,42,0,26.0,68.9,99.9,65.1,True,
2026-03-01,P023,PEN07,90,41.74,,896.0,0.149,0.609,10,42.4,8,18,31,0,24.2,68.9,85.4,43.5,True,
2026-03-02,P023,PEN07,91,41.44,109.3,1065.6,0.163,0.586,14,52.7,8,22,39,0,24.5,77.4,97.7,54.8,True,
2026-03-03,P023,PEN07,92,42.74,98.5,996.7,0.169,0.575,10,37.8,6,23,38,1,24.9,76.9,86.7,42.0,True,
2026-03-04,P023,PEN07,93,42.45,82.4,1019.0,0.206,0.554,9,47.4,6,23,41,0,23.1,71.1,100.0,48.7,True,
2026-03-05,P023,PEN07,94,44.4,97.6,1101.9,0.188,0.573,10,48.9,8,22,32,0,24.9,69.5,88.6,51.7,True,
2026-03-06,P023,PEN07,95,44.35,92.3,1114.7,0.201,0.552,10,53.1,11,24,44,0,25.1,72.0,99.9,55.1,True,
2026-03-07,P023,PEN07,96,45.6,95.6,1060.0,0.185,0.52,9,45.1,9,28,47,1,25.8,69.8,97.7,50.5,True,
2026-03-08,P023,PEN07,97,45.38,95.2,972.5,0.17,0.546,11,40.7,8,17,34,0,25.6,63.3,100.0,46.4,True,
2026-03-09,P023,PEN07,98,47.69,97.6,1029.6,0.176,0.626,11,37.8,8,30,39,0,25.4,63.1,94.9,40.3,True,
2026-03-10,P023,PEN07,99,47.38,102.2,787.8,0.128,0.573,9,44.2,7,19,43,1,24.6,66.6,100.0,44.8,True,
2026-03-11,P023,PEN07,100,48.75,98.7,961.2,0.162,0.628,10,46.0,9,14,38,1,26.4,61.3,91.2,43.6,True,
2026-03-12,P023,PEN07,101,49.45,99.6,1212.7,0.203,0.583,13,45.1,7,22,40,0,25.9,64.3,93.8,50.0,True,
2026-03-13,P023,PEN07,102,49.73,102.9,1366.1,0.221,0.578,10,46.8,9,20,29,1,24.4,59.2,93.7,52.0,True,
2026-03-14,P023,PEN07,103,50.41,88.7,1086.6,0.204,0.573,11,55.3,9,22,36,0,24.0,56.9,92.4,54.2,True,
2026-03-15,P023,PEN07,104,51.01,98.1,969.4,0.165,0.548,11,41.8,8,21,37,0,25.1,59.6,94.7,47.4,True,
2026-03-16,P023,PEN07,105,53.08,98.7,1201.8,0.203,0.572,11,55.0,10,20,31,1,24.1,58.0,97.9,55.5,True,
2026-03-17,P023,PEN07,106,52.7,98.8,1205.6,0.203,0.51,11,53.3,6,22,35,1,23.5,57.6,94.1,58.4,True,
2026-03-18,P023,PEN07,107,53.18,98.0,943.4,0.16,0.556,12,55.6,8,22,26,0,22.0,57.9,80.8,55.7,True,
2026-03-19,P023,PEN07,108,55.08,98.1,1010.7,0.172,0.537,11,49.3,8,12,28,0,22.6,56.8,89.7,53.4,True,
2026-03-20,P023,PEN07,109,55.1,115.4,1068.1,0.154,0.597,12,56.8,8,17,39,1,20.8,54.8,95.5,56.4,True,
2026-03-21,P023,PEN07,110,56.01,97.5,1038.6,0.178,0.571,12,53.2,8,26,33,0,22.4,56.4,89.9,54.0,True,
2026-03-22,P023,PEN07,111,56.21,95.5,1114.0,0.194,0.56,9,47.3,9,24,43,0,21.6,60.2,100.0,51.3,True,
2026-03-23,P023,PEN07,112,58.04,86.8,959.1,0.184,0.681,11,46.2,6,14,37,0,21.2,58.4,97.9,39.7,True,
2026-03-24,P023,PEN07,113,56.59,119.1,1405.7,0.197,0.616,12,50.1,8,18,31,0,21.5,57.0,93.7,56.2,True,
2026-03-25,P023,PEN07,114,58.27,110.3,1217.9,0.184,0.548,9,39.8,8,22,20,0,20.6,56.0,91.2,50.6,True,
2026-03-26,P023,PEN07,115,59.67,100.7,1036.8,0.172,0.589,11,54.4,8,28,34,0,20.2,59.1,88.7,54.0,True,
2026-03-27,P023,PEN07,116,59.7,104.0,933.1,0.15,0.619,12,49.0,7,16,42,1,20.3,56.7,95.5,46.7,True,
2026-03-28,P023,PEN07,117,59.92,95.1,780.6,0.137,0.602,11,44.5,9,17,33,0,19.5,57.8,92.8,43.3,True,
2026-03-29,P023,PEN07,118,61.24,87.9,1064.9,0.202,0.574,10,46.7,7,17,36,0,20.4,58.4,90.0,48.3,True,
2026-03-30,P023,PEN07,119,62.41,103.6,1002.4,0.161,0.583,12,33.6,8,23,39,1,20.6,60.5,90.1,39.7,True,
2026-03-31,P023,PEN07,120,62.6,79.7,886.8,0.186,0.587,10,37.5,8,24,34,0,22.0,61.6,95.2,38.3,True,
2026-04-01,P023,PEN07,121,63.94,97.2,1389.8,0.238,0.6,12,39.4,9,25,38,1,21.1,67.6,96.5,45.2,True,
2026-04-02,P023,PEN07,122,64.87,86.3,824.0,0.159,0.595,11,35.0,9,15,40,0,21.5,69.9,91.3,36.6,True,
2026-04-03,P023,PEN07,123,65.37,100.8,965.0,0.16,0.559,10,49.2,8,25,31,0,22.2,65.8,100.0,51.9,True,
2026-04-04,P023,PEN07,124,64.74,101.6,891.1,0.146,0.549,12,49.1,9,22,33,1,21.8,70.8,94.8,50.5,True,
2026-04-05,P023,PEN07,125,66.23,88.4,1033.4,0.195,0.574,13,41.2,7,27,33,0,23.2,64.3,95.5,44.4,True,
2026-04-06,P023,PEN07,126,67.46,102.1,1135.3,0.185,0.599,13,56.5,7,27,40,0,24.0,74.6,92.2,55.9,True,
2026-04-07,P023,PEN07,127,67.24,104.8,984.6,0.157,0.62,12,44.8,9,25,29,0,24.5,78.1,100.0,45.9,True,
2026-04-08,P023,PEN07,128,68.37,91.1,1045.6,0.191,0.575,11,41.3,6,19,41,0,26.9,71.8,89.1,45.0,True,
2026-04-09,P023,PEN07,129,69.23,91.9,850.5,0.154,0.546,10,41.8,8,24,42,0,23.6,73.2,91.6,45.4,True,
2026-04-10,P023,PEN07,130,70.56,99.4,917.4,0.154,0.583,8,45.4,8,17,38,1,25.9,72.5,100.0,45.8,True,
2026-04-11,P023,PEN07,131,70.66,104.4,1320.0,0.211,0.568,13,47.7,7,20,32,0,24.4,72.3,98.6,54.5,True,
2026-03-01,P024,PEN08,85,38.97,75.8,1023.4,0.225,0.651,10,46.1,8,26,28,0,24.4,74.1,86.5,40.5,True,
2026-03-02,P024,PEN08,86,39.52,89.9,704.1,0.131,0.624,11,32.5,9,11,34,0,23.6,70.5,93.5,32.5,True,
2026-03-03,P024,PEN08,87,40.32,66.8,801.3,0.2,0.604,10,33.9,8,14,33,2,25.6,72.5,91.2,29.2,True,
2026-03-04,P024,PEN08,88,41.51,91.3,791.5,0.145,0.606,11,51.5,7,16,35,2,25.4,65.3,92.0,44.3,True,
2026-03-05,P024,PEN08,89,41.3,95.9,802.3,0.139,0.606,8,41.8,9,16,29,1,25.3,71.4,96.0,40.2,True,
2026-03-06,P024,PEN08,90,42.12,69.0,768.7,0.186,0.612,11,38.8,9,18,28,0,25.8,66.2,90.7,34.7,True,
2026-03-07,P024,PEN08,91,42.55,68.7,948.9,0.23,0.598,13,41.7,9,16,26,0,26.3,63.0,94.1,39.3,True,
2026-03-08,P024,PEN08,92,42.89,77.4,972.7,0.209,0.595,10,37.9,11,22,33,0,27.3,69.4,96.4,38.6,True,
2026-03-09,P024,PEN08,93,44.64,79.6,958.8,0.201,0.6,7,34.1,7,10,23,0,27.5,67.4,96.9,36.0,True,
2026-03-10,P024,PEN08,94,45.22,85.4,847.5,0.165,0.61,11,40.6,10,16,33,0,27.3,64.2,93.1,39.3,True,
2026-03-11,P024,PEN08,95,46.5,88.1,1093.5,0.207,0.613,10,42.0,9,13,33,0,27.7,62.9,95.3,43.0,True,
2026-03-12,P024,PEN08,96,47.28,93.6,880.8,0.157,0.651,6,48.3,6,16,36,0,27.8,57.1,100.0,43.4,True,
2026-03-13,P024,PEN08,97,47.16,86.0,854.3,0.166,0.639,9,37.4,8,23,28,0,26.1,62.2,83.3,35.6,True,
2026-03-14,P024,PEN08,98,48.29,80.1,820.8,0.171,0.586,10,51.9,9,22,27,2,25.2,58.4,98.2,44.4,True,
2026-03-15,P024,PEN08,99,49.59,75.0,909.8,0.202,0.56,11,50.8,9,14,33,0,26.1,53.9,90.0,48.2,True,
2026-03-16,P024,PEN08,100,51.03,75.3,1036.9,0.23,0.621,11,43.7,8,17,33,0,25.1,57.0,100.0,41.0,True,
2026-03-17,P024,PEN08,101,50.78,86.8,1134.5,0.218,0.631,11,45.5,8,11,38,0,24.7,53.1,85.0,44.3,True,
2026-03-18,P024,PEN08,102,51.69,84.7,733.5,0.144,0.611,9,50.8,7,23,29,0,24.6,55.5,90.9,44.7,True,
2026-03-19,P024,PEN08,103,51.76,84.3,873.2,0.173,0.583,11,39.7,9,25,28,1,24.4,52.7,88.5,39.2,True,
2026-03-20,P024,PEN08,104,52.32,62.4,1172.7,0.313,0.623,11,39.9,9,17,35,1,22.8,60.0,96.1,36.3,True,
2026-03-21,P024,PEN08,105,53.13,106.8,934.1,0.146,0.62,12,31.7,6,13,33,0,22.9,53.1,87.8,37.3,True,
2026-03-22,P024,PEN08,106,53.75,81.3,935.1,0.192,0.564,9,40.0,7,21,32,1,23.6,57.6,98.8,40.8,True,
2026-03-23,P024,PEN08,107,54.94,80.3,840.8,0.175,0.549,12,36.5,8,20,35,0,21.3,58.4,92.2,39.8,True,
2026-03-24,P024,PEN08,108,54.98,93.1,721.7,0.129,0.541,10,32.3,9,16,25,1,21.8,57.6,99.8,37.0,True,
2026-03-25,P024,PEN08,109,56.71,97.9,1145.2,0.195,0.561,12,44.3,9,15,39,1,20.9,56.4,96.9,48.6,True,
2026-03-26,P024,PEN08,110,57.45,80.0,699.5,0.146,0.588,9,45.5,8,22,25,0,20.7,61.0,92.3,41.7,True,
2026-03-27,P024,PEN08,111,57.21,91.9,845.2,0.153,0.545,9,37.4,8,21,28,1,21.5,53.7,99.7,41.1,True,
2026-03-28,P024,PEN08,112,58.64,89.6,1033.7,0.192,0.595,12,44.5,8,16,31,0,22.5,61.9,97.7,45.4,True,
2026-03-29,P024,PEN08,113,59.44,82.6,1004.0,0.202,0.592,12,28.9,8,20,42,2,21.4,58.7,94.0,31.3,True,
2026-03-30,P024,PEN08,114,59.4,71.4,974.6,0.227,0.642,7,34.8,8,18,25,1,22.7,61.0,100.0,31.2,True,
2026-03-31,P024,PEN08,115,61.22,83.9,,0.191,0.568,10,47.4,9,22,23,2,21.6,69.4,96.4,44.7,True,
2026-04-01,P024,PEN08,116,60.97,78.3,936.9,0.199,0.647,8,37.5,8,13,24,1,22.7,64.3,93.8,33.4,True,
2026-04-02,P024,PEN08,117,62.3,66.8,777.5,0.194,0.627,10,37.6,10,19,28,0,22.1,60.5,100.0,32.6,True,
2026-04-03,P024,PEN08,118,62.21,71.9,807.2,0.187,0.659,12,34.8,7,15,30,0,24.0,68.1,96.0,29.9,True,
2026-04-04,P024,PEN08,119,63.25,61.4,433.5,0.118,0.688,9,32.1,9,17,32,0,24.2,64.7,86.4,20.8,True,
2026-04-05,P024,PEN08,120,63.9,42.7,479.2,0.187,0.688,7,29.1,9,21,19,1,24.4,69.8,91.1,14.9,True,
2026-04-06,P024,PEN08,121,63.94,68.3,575.8,0.14,0.798,10,42.8,6,12,32,1,25.0,65.6,94.4,21.8,True,
2026-04-07,P024,PEN08,122,65.89,42.3,319.8,0.126,0.788,9,29.5,8,15,25,1,26.1,69.7,98.5,7.0,True,
2026-04-08,P024,PEN08,123,65.52,31.6,224.9,0.119,0.763,7,28.5,6,18,27,2,26.2,63.9,96.8,3.9,True,
2026-04-09,P024,PEN08,124,66.27,41.8,283.6,0.113,0.778,9,27.3,6,15,21,0,26.4,68.6,91.7,7.2,True,
2026-04-10,P024,PEN08,125,67.05,42.5,533.8,0.21,0.739,12,32.1,7,10,24,0,28.0,73.7,90.8,15.5,True,
2026-04-11,P024,PEN08,126,67.52,57.9,388.3,0.112,0.8,8,42.1,7,24,15,0,27.4,65.7,93.5,19.0,True,
2026-03-01,P025,PEN01,87,33.77,103.0,1205.1,0.195,0.589,15,42.5,6,22,27,3,24.3,68.9,96.5,44.2,True,
2026-03-02,P025,PEN01,88,34.67,110.8,1116.4,0.168,0.533,11,58.1,8,23,40,0,24.0,73.6,96.2,62.5,True,
2026-03-03,P025,PEN01,89,35.57,98.0,1153.6,0.196,0.518,11,50.0,8,18,40,0,24.9,71.6,96.5,56.6,True,
2026-03-04,P025,PEN01,90,36.79,116.7,1170.9,0.167,0.577,12,49.5,8,24,43,0,26.1,67.6,99.6,55.6,True,
2026-03-05,P025,PEN01,91,37.27,114.3,1108.6,0.162,0.558,11,41.1,8,21,42,0,25.3,77.8,85.5,50.3,True,
2026-03-06,P025,PEN01,92,37.33,100.2,1131.3,0.188,0.649,13,54.7,8,23,43,0,24.4,69.6,87.9,51.2,True,
2026-03-07,P025,PEN01,93,37.75,116.6,947.1,0.135,0.601,10,61.1,6,28,37,2,26.4,68.2,93.0,56.5,True,
2026-03-08,P025,PEN01,94,38.6,101.6,1151.7,0.189,0.611,12,58.8,6,25,31,0,27.4,69.3,93.4,56.8,True,
2026-03-09,P025,PEN01,95,40.04,109.4,935.0,0.142,0.578,11,46.8,8,22,38,1,27.3,67.1,96.6,48.8,True,
2026-03-10,P025,PEN01,96,40.66,92.3,1219.2,0.22,0.6,11,51.0,8,26,32,1,26.8,61.2,94.0,50.2,True,
2026-03-11,P025,PEN01,97,40.8,113.9,1006.4,0.147,0.565,10,43.0,9,33,35,0,26.6,59.5,98.0,50.0,True,
2026-03-12,P025,PEN01,98,41.81,111.8,1039.2,0.155,0.497,10,53.2,7,24,33,0,26.4,54.5,92.4,61.1,True,
2026-03-13,P025,PEN01,99,42.88,114.3,1141.0,0.166,0.546,13,42.6,7,24,41,2,26.4,59.6,91.1,49.6,True,
2026-03-14,P025,PEN01,100,43.5,109.1,1206.6,0.184,0.553,9,54.2,9,20,34,0,25.6,57.6,100.0,59.3,True,
2026-03-15,P025,PEN01,101,44.18,120.4,1165.0,0.161,0.529,12,60.5,9,26,35,0,24.9,58.2,91.5,66.3,True,
2026-03-16,P025,PEN01,102,44.82,100.9,1139.2,0.188,0.603,11,47.2,9,22,46,1,24.4,53.9,100.0,48.2,True,
2026-03-17,P025,PEN01,103,45.46,113.9,1200.5,0.176,0.581,13,50.0,10,21,48,1,25.0,60.8,100.0,54.1,True,
2026-03-18,P025,PEN01,104,45.56,115.7,1095.5,0.158,0.584,9,59.6,6,21,40,0,24.4,54.1,92.7,60.7,True,
2026-03-19,P025,PEN01,105,46.19,110.8,947.0,0.142,0.503,12,55.4,8,29,42,0,23.2,54.4,92.4,61.0,True,
2026-03-20,P025,PEN01,106,46.93,104.5,830.6,0.132,0.466,12,52.3,8,24,38,1,22.3,52.6,93.6,57.9,True,
2026-03-21,P025,PEN01,107,48.46,97.3,981.5,0.168,0.627,12,44.8,7,26,39,0,22.2,55.6,96.3,44.2,True,
2026-03-22,P025,PEN01,108,48.65,108.3,1181.1,0.182,0.541,10,44.3,9,18,34,0,20.5,56.4,93.2,53.3,True,
2026-03-23,P025,PEN01,109,49.76,111.9,1073.6,0.16,0.534,12,39.4,7,16,41,0,21.6,56.9,98.0,50.0,True,
2026-03-24,P025,PEN01,110,49.7,111.4,1180.9,0.177,0.574,12,43.0,6,28,56,2,21.3,55.4,100.0,48.0,True,
2026-03-25,P025,PEN01,111,51.47,120.7,1194.3,0.165,0.525,9,47.6,6,26,37,1,20.6,55.7,96.9,57.2,True,
2026-03-26,P025,PEN01,112,52.1,103.0,1301.6,0.211,0.554,11,33.7,8,24,36,0,20.7,61.9,95.1,45.9,True,
2026-03-27,P025,PEN01,113,53.08,117.1,1111.8,0.158,0.598,13,55.6,11,24,31,1,21.4,59.4,95.3,56.3,True,
2026-03-28,P025,PEN01,114,53.15,93.3,1106.9,0.198,0.557,11,49.4,8,28,42,1,21.7,64.4,88.5,51.0,True,
2026-03-29,P025,PEN01,115,53.8,105.7,1202.2,0.19,0.493,11,57.9,7,14,43,0,20.9,67.6,90.6,65.1,True,
2026-03-30,P025,PEN01,116,55.17,127.2,1141.0,0.149,0.562,12,41.2,7,18,43,0,21.2,60.2,93.2,52.5,True,
2026-03-31,P025,PEN01,117,55.51,113.4,943.6,0.139,0.522,14,55.2,4,25,27,0,22.9,66.0,80.4,60.1,True,
2026-04-01,P025,PEN01,118,56.63,101.9,1287.9,0.211,0.547,12,52.4,10,21,44,1,21.9,65.5,92.9,56.8,True,
2026-04-02,P025,PEN01,119,57.0,115.6,1180.7,0.17,0.545,12,50.0,7,24,37,1,22.8,61.7,91.6,56.5,True,
2026-04-03,P025,PEN01,120,56.96,117.4,1100.3,0.156,0.56,14,55.3,7,29,43,0,22.6,67.4,88.2,59.8,True,
2026-04-04,P025,PEN01,121,59.39,117.4,1322.8,0.188,0.567,12,54.0,8,23,34,0,24.6,69.8,91.7,60.7,True,
2026-04-05,P025,PEN01,122,58.74,112.5,1076.5,0.159,0.496,10,55.8,10,20,34,0,23.8,68.1,99.5,63.3,True,
2026-04-06,P025,PEN01,123,59.52,108.5,1207.7,0.185,0.507,9,48.4,9,19,34,0,25.2,73.0,94.0,58.4,True,
2026-04-07,P025,PEN01,124,60.82,97.9,1171.7,0.199,0.561,11,39.9,11,23,40,0,25.8,69.2,93.3,47.4,True,
2026-04-08,P025,PEN01,125,61.41,109.8,1131.0,0.172,0.571,12,53.9,6,25,39,0,25.1,72.8,100.0,57.3,True,
2026-04-09,P025,PEN01,126,62.48,104.3,1252.4,0.2,0.478,11,42.3,10,25,25,0,25.1,71.2,93.6,56.1,True,
2026-04-10,P025,PEN01,127,63.16,107.1,1176.4,0.183,0.5,13,57.8,9,25,37,1,26.1,72.5,99.7,63.0,True,
2026-04-11,P025,PEN01,128,63.14,,1076.9,0.164,0.594,12,48.9,10,17,41,0,26.5,70.9,98.2,51.9,True,
2026-03-01,P026,PEN02,88,48.56,108.8,1197.0,0.183,0.547,12,47.6,9,20,43,1,22.6,69.9,91.8,53.9,True,
2026-03-02,P026,PEN02,89,49.43,99.0,1074.9,0.181,0.565,11,53.0,8,19,45,1,24.1,69.0,96.0,53.4,True,
2026-03-03,P026,PEN02,90,49.31,106.7,1418.3,0.222,0.558,12,54.9,6,20,45,0,24.5,66.2,93.1,61.2,True,
2026-03-04,P026,PEN02,91,50.81,112.9,1247.1,0.184,0.537,10,55.1,9,29,45,0,24.6,71.0,99.8,61.9,True,
2026-03-05,P026,PEN02,92,51.75,118.4,1158.8,0.163,0.514,14,57.0,7,27,44,0,24.0,66.4,88.0,64.7,True,
2026-03-06,P026,PEN02,93,52.42,108.5,1208.1,0.186,0.559,10,59.8,9,22,38,1,25.3,70.3,97.4,61.1,True,
2026-03-07,P026,PEN02,94,52.58,118.3,1405.2,0.198,0.554,10,50.1,9,20,39,0,24.6,67.0,98.1,60.0,True,
2026-03-08,P026,PEN02,95,53.92,102.5,1356.3,0.22,0.582,12,42.1,7,26,41,0,26.1,67.8,96.9,50.0,True,
2026-03-09,P026,PEN02,96,54.64,97.4,1008.9,0.173,0.544,12,39.8,5,31,43,0,26.5,69.6,93.5,46.7,True,
2026-03-10,P026,PEN02,97,54.53,107.8,990.7,0.153,0.579,12,47.1,11,18,35,0,25.1,67.1,97.2,50.7,True,
2026-03-11,P026,PEN02,98,55.57,111.2,1089.9,0.163,0.635,11,50.8,8,22,39,1,25.7,61.2,92.8,49.6,True,
2026-03-12,P026,PEN02,99,56.09,107.1,1187.4,0.185,0.555,13,48.2,7,24,40,0,26.9,63.8,94.8,54.8,True,
2026-03-13,P026,PEN02,100,56.95,115.9,1108.0,0.159,0.528,11,51.0,9,25,32,1,23.8,61.4,84.2,57.6,True,
2026-03-14,P026,PEN02,101,58.11,104.6,1234.2,0.197,0.567,11,46.8,9,25,34,1,24.3,63.6,84.7,51.7,True,
2026-03-15,P026,PEN02,102,59.45,112.5,1235.1,0.183,0.599,12,43.5,7,27,39,0,25.4,58.1,96.0,50.2,True,
2026-03-16,P026,PEN02,103,59.11,101.3,1061.9,0.175,0.504,12,48.9,8,26,40,0,23.8,55.2,93.0,56.3,True,
2026-03-17,P026,PEN02,104,59.79,125.4,1205.1,0.16,0.608,14,42.3,7,26,50,0,23.0,64.0,96.2,50.6,True,
2026-03-18,P026,PEN02,105,60.9,108.5,1086.6,0.167,0.518,11,45.5,9,25,42,0,23.9,57.4,92.5,54.6,True,
2026-03-19,P026,PEN02,106,61.51,98.1,1255.1,0.213,0.529,11,44.9,10,29,46,0,22.0,54.0,86.5,53.5,True,
2026-03-20,P026,PEN02,107,61.9,115.6,1138.9,0.164,0.537,11,54.4,8,17,37,1,22.6,55.6,96.2,59.5,True,
2026-03-21,P026,PEN02,108,63.19,110.4,1261.8,0.19,0.551,13,49.2,9,23,37,2,22.6,57.0,87.3,54.2,True,
2026-03-22,P026,PEN02,109,63.74,113.0,1128.5,0.166,0.571,12,55.0,6,22,34,0,21.7,49.1,93.2,58.6,True,
2026-03-23,P026,PEN02,110,64.29,111.2,1309.2,0.196,0.607,11,50.6,10,21,30,0,20.2,53.8,99.4,54.8,True,
2026-03-24,P026,PEN02,111,64.66,114.4,941.8,0.137,0.49,12,56.9,7,30,34,0,20.2,54.5,86.5,63.4,True,
2026-03-25,P026,PEN02,112,66.65,120.4,1065.8,0.148,0.508,13,49.9,10,27,36,0,19.5,52.1,99.6,59.9,True,
2026-03-26,P026,PEN02,113,66.72,102.2,876.5,0.143,0.589,12,50.2,9,27,34,1,19.8,59.4,89.8,48.6,True,
2026-03-27,P026,PEN02,114,67.61,109.8,1267.1,0.192,0.523,11,51.0,8,25,38,0,19.3,60.9,88.7,59.9,True,
2026-03-28,P026,PEN02,115,68.18,106.5,1174.7,0.184,0.508,12,47.1,8,23,32,1,19.7,60.8,98.2,55.5,True,
2026-03-29,P026,PEN02,116,68.88,106.5,1079.1,0.169,0.601,12,46.5,8,19,45,0,19.6,64.1,97.0,49.5,True,
2026-03-30,P026,PEN02,117,69.43,107.0,1147.8,0.179,0.531,11,52.8,5,28,39,0,20.0,65.8,100.0,58.9,True,
2026-03-31,P026,PEN02,118,69.57,125.9,1095.3,0.145,0.545,10,58.3,8,30,31,0,20.9,64.4,95.6,64.1,True,
2026-04-01,P026,PEN02,119,70.52,106.6,979.9,0.153,0.543,12,49.4,5,28,38,0,21.5,61.4,100.0,54.2,True,
2026-04-02,P026,PEN02,120,72.49,112.0,1319.0,0.196,0.489,10,51.1,5,20,40,0,21.2,70.5,91.9,63.0,True,
2026-04-03,P026,PEN02,121,72.38,122.0,1350.7,0.184,0.593,10,56.1,5,20,31,0,22.5,68.5,91.7,61.5,True,
2026-04-04,P026,PEN02,122,72.6,102.1,1208.2,0.197,0.537,12,45.8,6,22,38,1,23.0,68.9,99.2,52.4,True,
2026-04-05,P026,PEN02,123,72.97,110.2,1208.5,0.183,0.546,11,45.7,9,22,37,0,23.8,67.0,91.8,54.4,True,
2026-04-06,P026,PEN02,124,74.74,94.6,1300.4,0.229,0.514,13,50.9,9,25,39,0,23.7,73.9,87.4,58.3,True,
2026-04-07,P026,PEN02,125,75.21,107.4,1004.0,0.156,0.506,14,50.1,7,21,41,1,24.8,66.5,93.2,56.0,True,
2026-04-08,P026,PEN02,126,75.76,108.2,1164.9,0.179,0.591,10,41.8,6,23,29,0,24.5,68.4,96.9,48.2,True,
2026-04-09,P026,PEN02,127,76.85,114.1,1057.5,0.154,0.55,13,59.6,8,22,39,0,24.6,71.6,99.8,62.3,True,
2026-04-10,P026,PEN02,128,77.17,107.0,1311.0,0.204,0.594,9,45.8,7,26,41,1,25.4,72.6,89.5,50.5,True,
2026-04-11,P026,PEN02,129,78.66,117.4,1120.1,0.159,0.533,10,,6,24,36,1,25.5,69.1,88.5,61.7,True,
2026-03-01,P027,PEN03,85,41.38,83.9,887.7,0.176,0.658,7,49.5,10,18,33,0,23.5,73.2,85.9,42.2,True,
2026-03-02,P027,PEN03,86,41.56,93.7,834.2,0.148,0.618,8,39.1,8,17,20,0,23.2,68.2,99.8,39.1,True,
2026-03-03,P027,PEN03,87,42.88,79.2,1029.4,0.217,0.657,10,50.0,9,17,27,0,23.0,68.5,100.0,43.2,True,
2026-03-04,P027,PEN03,88,43.29,87.7,751.2,0.143,0.644,9,41.6,8,16,26,1,24.1,71.8,100.0,35.8,True,
2026-03-05,P027,PEN03,89,43.79,74.7,811.4,0.181,0.605,10,35.4,7,11,31,0,24.6,70.3,90.6,34.2,True,
2026-03-06,P027,PEN03,90,44.6,70.9,725.7,0.17,0.604,13,41.7,9,14,31,0,25.6,66.1,89.8,36.9,True,
2026-03-07,P027,PEN03,91,45.12,100.4,664.1,0.11,0.668,12,41.3,10,15,37,1,25.9,70.0,93.0,35.2,True,
2026-03-08,P027,PEN03,92,46.27,84.3,722.0,0.143,0.598,9,42.8,7,14,30,0,25.5,63.4,95.9,40.1,True,
2026-03-09,P027,PEN03,93,47.59,66.5,669.7,0.168,0.698,10,40.4,11,17,26,0,31.4,66.6,100.0,28.7,True,
2026-03-10,P027,PEN03,94,47.26,66.3,992.5,0.25,0.653,10,37.8,8,28,29,1,30.5,66.2,100.0,31.8,True,
2026-03-11,P027,PEN03,95,47.93,66.5,668.0,0.168,0.691,10,44.1,10,17,30,0,31.9,64.5,99.4,31.6,True,
2026-03-12,P027,PEN03,96,48.52,74.3,612.5,0.137,0.681,10,42.8,8,13,30,1,30.5,69.3,94.5,30.6,True,
2026-03-13,P027,PEN03,97,50.64,,973.3,0.248,0.63,9,33.2,8,22,31,0,24.5,56.4,91.2,31.3,True,
2026-03-14,P027,PEN03,98,50.95,93.1,958.1,0.172,0.583,11,42.0,8,16,35,0,24.8,62.9,99.5,44.4,True,
2026-03-15,P027,PEN03,99,52.06,70.5,782.3,0.185,0.537,12,41.5,7,21,23,3,25.3,54.6,100.0,37.5,True,
2026-03-16,P027,PEN03,100,51.91,69.9,597.7,0.143,0.632,9,32.5,6,19,32,1,25.1,57.0,86.3,26.3,True,
2026-03-17,P027,PEN03,101,52.93,72.8,832.6,0.19,0.623,10,54.5,7,17,31,1,24.1,54.4,100.0,44.0,True,
2026-03-18,P027,PEN03,102,53.32,80.8,930.1,0.192,0.59,8,44.8,8,24,33,1,23.2,58.0,99.5,42.1,True,
2026-03-19,P027,PEN03,103,53.77,80.1,914.2,0.19,0.636,10,38.4,10,20,42,0,21.8,59.1,97.6,36.1,True,
2026-03-20,P027,PEN03,104,54.45,79.4,563.7,0.118,0.558,11,48.6,8,18,31,0,22.7,58.1,95.1,44.2,True,
2026-03-21,P027,PEN03,105,54.74,92.5,758.6,0.137,0.616,9,33.5,9,17,36,2,20.7,53.6,100.0,31.8,True,
2026-03-22,P027,PEN03,106,55.96,86.6,473.8,0.091,0.595,11,43.6,11,16,37,0,20.7,55.3,93.7,38.7,True,
2026-03-23,P027,PEN03,107,56.68,70.3,737.4,0.175,,11,38.3,7,12,27,0,21.2,53.2,88.7,33.5,True,
2026-03-24,P027,PEN03,108,57.27,65.3,846.2,0.216,0.654,10,40.2,6,19,37,0,20.7,58.5,100.0,33.0,True,
2026-03-25,P027,PEN03,109,57.99,58.2,896.9,0.257,0.585,10,43.7,7,18,24,0,19.9,57.0,96.0,39.2,True,
2026-03-26,P027,PEN03,110,59.06,100.7,808.0,0.134,0.614,9,36.4,8,19,36,0,20.2,47.8,99.8,38.4,True,
2026-03-27,P027,PEN03,111,59.11,76.4,876.2,0.191,0.623,9,36.9,8,12,27,0,20.6,54.8,83.8,35.0,True,
2026-03-28,P027,PEN03,112,60.44,72.0,746.4,0.173,0.652,10,33.9,7,15,35,0,20.3,58.5,87.6,29.1,True,
2026-03-29,P027,PEN03,113,60.31,56.1,829.3,0.246,0.61,9,44.6,4,8,28,2,21.7,65.9,92.6,34.3,True,
2026-03-30,P027,PEN03,114,61.33,62.2,613.6,0.164,0.662,11,25.5,9,15,28,1,20.2,60.2,100.0,18.7,True,
2026-03-31,P027,PEN03,115,61.59,44.0,634.6,0.24,0.658,6,35.7,5,17,27,2,20.8,66.1,91.7,21.5,True,
2026-04-01,P027,PEN03,116,61.69,61.0,540.0,0.148,0.702,6,20.8,8,12,28,2,21.6,61.3,97.8,10.8,True,
2026-04-02,P027,PEN03,117,62.31,68.8,648.9,0.157,0.721,7,24.9,8,9,18,2,21.2,69.3,91.1,14.5,True,
2026-04-03,P027,PEN03,118,64.14,45.7,590.4,0.215,0.646,7,18.3,7,12,34,3,21.8,66.5,90.7,9.4,True,
2026-04-04,P027,PEN03,119,64.39,52.4,414.4,0.132,0.685,6,30.2,5,7,16,3,22.5,73.0,97.5,14.0,True,
2026-04-05,P027,PEN03,120,64.45,67.4,452.8,0.112,0.714,6,31.1,7,15,17,2,23.5,70.7,86.2,16.8,True,
2026-04-06,P027,PEN03,121,66.2,49.3,350.9,0.119,0.816,6,22.2,7,15,18,7,24.7,72.6,95.4,0.0,True,
2026-04-07,P027,PEN03,122,66.77,50.6,774.7,0.255,0.722,6,,7,6,28,2,24.9,70.8,95.2,19.7,True,
2026-04-08,P027,PEN03,123,68.1,81.8,776.1,0.158,0.649,10,31.4,8,17,19,1,24.4,72.2,89.5,28.2,True,
2026-04-09,P027,PEN03,124,68.89,82.2,574.7,0.116,0.694,8,36.6,9,12,41,1,25.8,75.1,99.1,26.7,True,
2026-04-10,P027,PEN03,125,69.76,64.6,750.9,0.194,0.643,8,40.7,7,13,23,1,26.1,71.5,89.5,31.6,True,
2026-04-11,P027,PEN03,126,69.97,64.6,1045.4,0.27,0.638,8,32.1,7,20,29,1,25.7,68.7,98.5,29.3,True,
2026-03-01,P028,PEN04,85,41.66,103.7,1317.1,0.212,0.584,9,35.1,8,21,31,0,23.1,73.3,90.0,45.2,True,
2026-03-02,P028,PEN04,86,42.24,100.9,1167.1,0.193,0.606,9,57.5,6,22,34,3,25.2,67.9,89.6,52.1,True,
2026-03-03,P028,PEN04,87,43.64,109.9,1238.8,0.188,0.578,10,39.5,7,20,38,0,26.2,69.8,97.8,48.6,True,
2026-03-04,P028,PEN04,88,43.6,97.0,1208.8,0.208,0.526,11,42.7,7,17,43,0,26.2,67.8,90.9,51.7,True,
2026-03-05,P028,PEN04,89,44.58,86.2,934.1,0.181,0.565,11,46.6,11,30,28,2,26.9,68.6,93.7,44.4,True,
2026-03-06,P028,PEN04,90,45.19,103.1,1082.6,0.175,0.609,10,58.9,8,21,37,0,27.2,67.4,92.2,56.5,True,
2026-03-07,P028,PEN04,91,45.65,104.6,905.9,0.144,0.614,10,36.9,7,21,32,0,26.6,66.5,93.1,40.4,True,
2026-03-08,P028,PEN04,92,45.96,89.1,1069.6,0.2,0.623,11,49.8,9,18,31,0,26.8,67.1,95.6,47.3,True,
2026-03-09,P028,PEN04,93,47.39,77.1,992.6,0.215,0.607,10,48.9,9,18,32,0,33.8,67.1,94.7,45.1,True,
2026-03-10,P028,PEN04,94,48.01,88.4,1080.0,0.204,0.625,10,41.0,9,20,25,1,33.1,66.7,100.0,40.1,True,
2026-03-11,P028,PEN04,95,48.21,85.7,861.4,0.168,0.516,11,48.9,11,24,35,0,31.9,66.9,100.0,51.1,True,
2026-03-12,P028,PEN04,96,49.03,75.2,738.7,0.164,0.624,8,51.0,11,26,36,0,33.1,65.8,96.5,42.5,True,
2026-03-13,P028,PEN04,97,50.46,91.7,828.3,0.15,0.602,12,49.6,8,23,36,0,26.7,62.0,93.4,46.6,True,
2026-03-14,P028,PEN04,98,50.78,101.7,1057.3,0.173,0.526,13,46.7,10,13,29,0,27.4,55.7,95.4,53.4,True,
2026-03-15,P028,PEN04,99,50.94,85.3,1050.8,0.205,0.529,10,47.6,8,26,40,0,26.3,62.9,86.0,51.3,True,
2026-03-16,P028,PEN04,100,51.8,107.2,1014.1,0.158,0.563,10,46.7,8,15,40,0,25.1,53.5,87.6,51.6,True,
2026-03-17,P028,PEN04,101,52.91,89.2,1054.5,0.197,0.617,10,46.3,8,14,28,3,24.5,54.1,94.0,41.1,True,
2026-03-18,P028,PEN04,102,54.16,99.9,847.3,0.141,0.538,9,48.3,7,25,42,0,23.6,52.1,92.4,51.4,True,
2026-03-19,P028,PEN04,103,54.26,93.8,975.5,0.173,0.548,12,46.4,8,19,29,0,23.3,55.6,90.4,49.8,True,
2026-03-20,P028,PEN04,104,55.18,83.8,1119.1,0.223,0.553,11,42.9,8,22,24,0,22.8,56.3,93.2,47.0,True,
2026-03-21,P028,PEN04,105,55.86,98.6,999.0,0.169,0.494,10,37.7,9,24,35,1,22.0,53.7,93.5,47.2,True,
2026-03-22,P028,PEN04,106,56.18,94.9,845.7,0.149,,10,43.4,7,27,41,0,22.3,52.8,88.9,46.1,True,
2026-03-23,P028,PEN04,107,57.03,92.8,1047.2,0.188,0.609,12,61.6,9,20,35,0,22.6,52.8,99.3,56.2,True,
2026-03-24,P028,PEN04,108,58.47,92.4,1142.0,0.206,0.567,11,41.6,10,23,30,1,21.2,56.4,99.0,45.5,True,
2026-03-25,P028,PEN04,109,58.63,102.6,1145.8,0.186,0.488,11,49.2,7,22,30,0,20.6,60.8,94.0,58.7,True,
2026-03-26,P028,PEN04,110,59.76,95.3,1009.2,0.177,0.663,9,55.4,8,20,34,0,22.0,62.2,94.7,48.7,True,
2026-03-27,P028,PEN04,111,60.03,93.3,1025.7,0.183,0.583,11,41.2,10,27,44,0,20.7,62.5,94.2,44.5,True,
2026-03-28,P028,PEN04,112,60.48,88.6,1035.5,0.195,0.585,12,47.4,10,16,34,0,21.0,55.5,92.8,47.8,True,
2026-03-29,P028,PEN04,113,60.82,98.1,1024.0,0.174,0.605,9,52.9,10,18,38,0,21.4,64.5,93.3,51.5,True,
2026-03-30,P028,PEN04,114,61.43,98.9,1076.4,0.181,0.543,12,49.9,8,26,36,1,21.7,62.7,95.1,52.9,True,
2026-03-31,P028,PEN04,115,62.89,95.3,1186.5,0.208,0.559,12,47.1,8,20,32,1,22.3,61.5,93.2,50.5,True,
2026-04-01,P028,PEN04,116,63.56,107.7,957.7,0.148,0.547,10,42.1,7,18,48,1,23.1,67.4,91.6,47.7,True,
2026-04-02,P028,PEN04,117,64.79,96.4,898.8,0.155,0.561,12,50.7,11,18,43,1,21.8,61.9,100.0,50.0,True,
2026-04-03,P028,PEN04,118,65.22,87.1,1058.4,0.203,0.557,12,42.9,10,24,38,0,22.9,70.1,94.9,46.7,True,
2026-04-04,P028,PEN04,119,65.79,,997.1,0.172,0.564,10,55.9,7,16,30,1,24.8,67.2,97.5,54.2,True,
2026-04-05,P028,PEN04,120,66.49,107.9,937.4,0.145,0.546,10,41.5,9,21,34,0,24.6,68.7,87.2,48.6,True,
2026-04-06,P028,PEN04,121,66.23,99.8,1148.1,0.192,0.574,10,61.0,10,13,38,0,25.5,73.2,91.6,60.3,True,
2026-04-07,P028,PEN04,122,67.51,90.7,1311.6,0.241,0.64,10,49.5,8,19,31,1,25.6,68.5,100.0,47.3,True,
2026-04-08,P028,PEN04,123,68.85,101.9,1123.8,0.184,0.552,9,50.3,7,20,40,0,25.8,72.7,95.9,54.9,True,
2026-04-09,P028,PEN04,124,69.92,94.6,1079.1,0.19,0.625,14,46.7,8,27,27,0,26.0,65.7,94.6,46.2,True,
2026-04-10,P028,PEN04,125,69.79,89.3,1231.8,0.23,,12,47.7,8,24,34,0,26.9,72.9,100.0,52.2,True,
2026-04-11,P028,PEN04,126,70.65,111.0,1070.2,0.161,0.579,10,56.5,7,18,30,0,26.2,69.3,93.9,58.1,True,
2026-03-01,P029,PEN05,79,41.32,64.5,594.1,0.153,0.581,10,39.9,7,18,18,0,22.9,72.6,88.8,35.0,True,
2026-03-02,P029,PEN05,80,41.71,69.3,525.7,0.126,,9,37.0,8,13,32,2,23.2,69.1,88.7,26.4,True,
2026-03-03,P029,PEN05,81,43.65,72.2,755.3,0.174,0.676,8,38.2,9,9,22,0,23.7,71.0,92.2,30.5,True,
2026-03-04,P029,PEN05,82,43.84,73.8,813.1,0.184,0.615,9,33.9,4,12,30,3,24.6,72.5,98.7,28.3,True,
2026-03-05,P029,PEN05,83,45.52,77.1,974.6,0.211,0.704,13,39.8,9,11,30,1,24.6,69.4,91.8,31.3,True,
2026-03-06,P029,PEN05,84,45.51,65.5,695.1,0.177,0.636,9,44.0,8,11,32,2,24.8,62.7,100.0,32.4,True,
2026-03-07,P029,PEN05,85,46.44,62.2,589.4,0.158,0.567,7,32.0,7,15,31,0,24.4,72.6,97.7,30.3,True,
2026-03-08,P029,PEN05,86,48.13,53.9,869.1,0.269,0.655,7,21.5,5,19,30,0,24.7,66.9,91.0,19.2,True,
2026-03-09,P029,PEN05,87,47.06,69.9,613.3,0.146,0.606,9,31.1,6,19,28,4,24.7,67.4,86.4,23.1,True,
2026-03-10,P029,PEN05,88,48.89,69.6,868.5,0.208,0.649,12,28.7,7,14,25,1,26.4,67.5,92.8,25.3,True,
2026-03-11,P029,PEN05,89,49.28,66.5,413.9,0.104,0.586,10,46.4,8,17,29,0,26.4,61.8,87.8,37.3,True,
2026-03-12,P029,PEN05,90,49.03,71.9,720.2,0.167,0.618,10,35.3,8,11,32,0,24.5,62.2,95.6,31.9,True,
2026-03-13,P029,PEN05,91,50.46,61.7,618.7,0.167,0.538,10,28.7,8,15,17,0,25.1,62.0,94.9,30.3,True,
2026-03-14,P029,PEN05,92,50.12,59.5,821.5,0.23,0.6,8,38.7,9,17,24,0,24.3,60.9,89.0,34.4,True,
2026-03-15,P029,PEN05,93,52.1,78.7,965.6,0.204,0.609,11,34.7,8,17,32,0,23.8,56.4,89.9,35.7,True,
2026-03-16,P029,PEN05,94,51.83,61.4,850.5,0.231,0.668,9,29.0,8,11,22,1,22.8,54.1,94.5,22.9,True,
2026-03-17,P029,PEN05,95,53.01,54.3,649.9,0.199,0.665,9,27.3,10,14,31,0,23.0,54.0,96.4,20.2,True,
2026-03-18,P029,PEN05,96,54.35,76.4,625.2,0.136,0.643,10,45.3,10,16,31,1,22.8,59.1,92.8,35.2,True,
2026-03-19,P029,PEN05,97,55.2,72.9,730.5,0.167,0.668,10,37.7,8,16,23,0,22.8,54.0,95.1,30.5,True,
2026-03-20,P029,PEN05,98,55.66,66.3,807.3,0.203,0.612,10,31.1,5,16,22,0,21.7,55.2,96.8,29.6,True,
2026-03-21,P029,PEN05,99,55.6,71.9,790.5,0.183,0.637,9,31.2,10,15,17,1,21.2,60.5,96.1,27.4,True,
2026-03-22,P029,PEN05,100,56.66,68.7,825.0,0.2,0.613,8,27.0,9,8,27,0,20.8,57.4,84.3,27.4,True,
2026-03-23,P029,PEN05,101,56.88,62.2,731.2,0.196,0.601,7,38.0,5,17,30,0,20.9,58.4,100.0,33.4,True,
2026-03-24,P029,PEN05,102,57.67,81.9,946.2,0.192,0.584,9,31.4,8,9,29,0,20.3,53.3,88.6,35.5,True,
2026-03-25,P029,PEN05,103,59.18,76.9,690.3,0.15,0.668,10,33.4,9,9,15,0,19.9,55.8,92.4,28.0,True,
2026-03-26,P029,PEN05,104,60.16,58.0,901.5,0.259,0.644,9,39.9,9,16,30,3,21.0,61.1,93.2,28.7,True,
2026-03-27,P029,PEN05,105,61.25,64.2,551.1,0.143,0.629,8,42.3,10,11,28,2,20.2,59.1,91.2,30.1,True,
2026-03-28,P029,PEN05,106,60.62,55.8,721.8,0.215,0.657,8,47.8,9,14,17,0,20.8,58.8,86.8,35.0,True,
2026-03-29,P029,PEN05,107,61.2,74.0,751.0,0.169,0.623,10,31.2,8,16,30,3,21.5,59.2,92.2,25.4,True,
2026-03-30,P029,PEN05,108,63.36,70.4,410.8,0.097,0.64,10,42.1,7,9,25,1,20.5,61.7,92.9,30.2,True,
2026-03-31,P029,PEN05,109,63.78,67.1,718.4,0.178,0.613,8,35.3,6,8,21,0,21.0,64.4,98.2,31.5,True,
2026-04-01,P029,PEN05,110,64.2,81.7,831.4,0.17,0.624,7,33.4,7,17,32,2,22.2,60.5,93.0,30.3,True,
2026-04-02,P029,PEN05,111,64.3,74.5,727.6,0.163,0.611,10,39.8,7,5,30,1,22.1,67.0,100.0,34.5,True,
2026-04-03,P029,PEN05,112,65.87,64.7,731.2,0.188,0.678,11,43.2,7,10,27,0,22.1,71.8,85.7,32.2,True,
2026-04-04,P029,PEN05,113,66.1,66.8,759.7,0.189,0.657,11,39.9,9,6,27,0,24.4,68.1,88.9,32.0,True,
2026-04-05,P029,PEN05,114,67.9,68.0,738.0,0.181,0.665,10,29.2,9,19,30,1,22.8,70.3,87.2,23.2,True,
2026-04-06,P029,PEN05,115,67.53,65.6,896.4,0.228,0.63,10,30.0,7,19,20,0,24.0,68.8,96.7,28.5,True,
2026-04-07,P029,PEN05,116,68.67,70.5,749.5,0.177,0.718,10,16.3,8,18,24,0,24.2,69.9,93.6,13.2,True,
2026-04-08,P029,PEN05,117,68.66,66.7,757.3,0.189,0.6,9,34.1,8,13,20,0,24.9,73.8,94.4,31.9,True,
2026-04-09,P029,PEN05,118,70.2,66.9,703.1,0.175,0.627,9,36.4,7,12,21,1,24.6,70.3,94.4,29.7,True,
2026-04-10,P029,PEN05,119,70.72,69.9,818.5,0.195,0.685,12,57.6,8,22,22,0,24.9,74.7,100.0,42.8,True,
2026-04-11,P029,PEN05,120,71.58,55.8,511.1,0.153,0.663,12,38.3,8,12,26,0,24.9,65.5,100.0,26.3,True,
2026-03-01,P030,PEN06,91,42.59,61.5,779.4,0.211,,7,32.4,7,22,35,0,22.7,73.0,91.5,26.2,True,
2026-03-02,P030,PEN06,92,43.25,65.1,687.0,0.176,0.662,9,36.1,7,13,35,2,22.6,70.8,88.2,25.4,True,
2026-03-03,P030,PEN06,93,43.98,77.7,919.8,0.197,0.613,10,41.1,7,15,34,0,24.7,69.3,87.1,39.1,True,
2026-03-04,P030,PEN06,94,44.42,71.5,535.5,0.125,0.694,9,41.7,10,11,26,0,25.0,69.4,91.1,29.3,True,
2026-03-05,P030,PEN06,95,46.57,62.0,862.0,0.232,0.583,10,37.3,6,11,36,0,26.2,71.2,88.3,35.4,True,
2026-03-06,P030,PEN06,96,47.14,76.9,759.1,0.165,0.715,11,41.7,6,14,21,0,24.9,68.1,97.3,31.0,True,
2026-03-07,P030,PEN06,97,46.88,76.0,962.3,0.211,0.593,9,41.2,8,12,28,0,24.6,67.8,96.7,40.5,True,
2026-03-08,P030,PEN06,98,47.62,71.8,809.7,0.188,0.638,9,35.4,7,8,29,0,26.6,62.5,88.2,31.6,True,
2026-03-09,P030,PEN06,99,48.44,68.0,913.4,0.224,0.651,7,34.3,9,14,20,1,25.7,65.6,97.5,29.1,True,
2026-03-10,P030,PEN06,100,49.36,87.4,1059.5,0.202,0.618,11,46.7,8,15,29,2,24.7,66.5,90.3,42.5,True,
2026-03-11,P030,PEN06,101,49.61,75.0,788.3,0.175,0.654,9,54.9,6,18,28,0,26.2,63.0,97.7,43.5,True,
2026-03-12,P030,PEN06,102,50.48,70.9,629.6,0.148,0.618,9,31.3,8,13,21,0,25.0,60.1,98.7,28.3,True,
2026-03-13,P030,PEN06,103,50.67,77.8,805.4,0.173,0.6,6,31.9,8,18,31,0,25.6,58.7,97.8,32.7,True,
2026-03-14,P030,PEN06,104,52.15,91.9,553.9,0.1,0.656,9,41.3,8,13,25,0,26.0,64.7,94.4,34.9,True,
2026-03-15,P030,PEN06,105,53.03,77.4,854.4,0.184,0.641,10,53.2,9,18,34,1,24.7,54.4,96.6,42.9,True,
2026-03-16,P030,PEN06,106,53.78,84.5,800.8,0.158,0.631,8,34.1,7,13,24,2,24.8,54.2,92.1,30.4,True,
2026-03-17,P030,PEN06,107,54.51,72.7,783.7,0.18,0.683,11,38.7,9,12,20,0,23.7,58.5,100.0,30.7,True,
2026-03-18,P030,PEN06,108,54.82,71.0,870.6,0.204,0.609,9,34.9,8,16,23,0,22.7,55.2,96.6,33.7,True,
2026-03-19,P030,PEN06,109,55.15,87.3,838.2,0.16,0.667,8,37.1,9,9,21,0,22.9,56.6,91.4,33.6,True,
2026-03-20,P030,PEN06,110,55.92,76.0,893.5,0.196,0.654,12,35.9,6,16,26,3,20.5,55.1,86.0,28.2,True,
2026-03-21,P030,PEN06,111,57.68,65.4,425.9,0.109,0.633,12,43.1,7,16,31,1,21.7,51.7,98.0,30.7,True,
2026-03-22,P030,PEN06,112,57.67,84.6,960.3,0.189,0.611,7,35.5,8,12,35,0,21.6,62.0,87.0,37.0,True,
2026-03-23,P030,PEN06,113,58.39,86.7,557.9,0.107,0.606,7,40.3,7,10,23,1,20.2,52.3,100.0,35.4,True,
2026-03-24,P030,PEN06,114,58.95,59.3,888.7,0.25,0.723,10,37.6,8,19,18,2,20.0,56.4,90.3,23.5,True,
2026-03-25,P030,PEN06,115,59.67,68.4,1081.9,0.264,0.653,10,31.7,8,9,29,1,19.9,56.4,89.3,29.0,True,
2026-03-26,P030,PEN06,116,60.06,63.7,805.8,0.211,0.661,10,41.0,7,20,26,1,20.9,57.8,90.1,31.1,True,
2026-03-27,P030,PEN06,117,61.8,91.0,719.6,0.132,0.665,11,32.1,11,17,24,0,19.8,63.7,89.0,29.9,True,
2026-03-28,P030,PEN06,118,62.81,73.9,756.2,0.171,0.632,8,39.8,9,23,27,0,20.6,55.2,86.0,34.7,True,
2026-03-29,P030,PEN06,119,62.7,73.7,750.5,0.17,0.582,10,30.2,4,16,30,3,21.0,62.6,86.3,27.4,True,
2026-03-30,P030,PEN06,120,64.09,84.8,699.4,0.137,0.592,8,41.0,7,14,28,1,21.3,64.0,97.6,37.8,True,
2026-03-31,P030,PEN06,121,64.04,77.6,762.6,0.164,0.566,9,32.8,8,13,25,0,21.5,62.7,85.7,35.1,True,
2026-04-01,P030,PEN06,122,64.19,79.7,912.4,0.191,0.633,10,33.3,10,19,33,0,20.4,59.7,91.9,32.8,True,
2026-04-02,P030,PEN06,123,64.88,62.4,731.4,0.195,0.628,8,34.7,8,15,24,0,22.6,69.9,100.0,29.5,True,
2026-04-03,P030,PEN06,124,66.56,42.2,697.8,0.275,0.587,8,26.2,9,17,20,2,23.0,64.5,93.2,20.3,True,
2026-04-04,P030,PEN06,125,66.24,50.6,808.9,0.266,0.659,7,29.8,11,24,21,4,23.5,70.1,95.7,17.7,True,
2026-04-05,P030,PEN06,126,67.25,52.0,502.9,0.161,0.661,9,29.9,6,14,18,2,24.9,73.6,99.2,17.5,True,
2026-04-06,P030,PEN06,127,67.43,33.9,475.7,0.234,0.762,8,23.1,8,15,20,2,24.9,68.2,96.8,3.4,True,
2026-04-07,P030,PEN06,128,68.8,38.3,636.5,0.277,0.792,8,30.0,7,19,15,13,25.1,74.5,94.8,0.0,True,
2026-04-08,P030,PEN06,129,69.23,34.8,514.8,0.246,0.771,6,30.6,10,13,24,3,25.6,71.7,100.0,6.8,True,
2026-04-09,P030,PEN06,130,69.55,31.6,541.4,0.286,0.756,5,25.1,6,16,16,6,26.4,69.5,96.6,0.0,True,
2026-04-10,P030,PEN06,131,69.77,40.6,737.8,0.303,0.79,4,46.7,8,13,19,2,25.8,69.3,92.2,20.6,True,
2026-04-11,P030,PEN06,132,71.32,46.1,331.2,0.12,0.741,9,31.5,8,9,24,3,26.5,68.5,100.0,9.3,True,
2026-03-01,P031,PEN07,91,54.77,77.9,1019.0,0.218,0.592,12,39.5,8,19,24,1,24.2,77.5,96.9,39.0,True,
2026-03-02,P031,PEN07,92,54.69,90.7,1039.8,0.191,0.622,12,40.4,7,10,27,0,24.1,69.7,97.5,41.2,True,
2026-03-03,P031,PEN07,93,55.94,76.0,748.3,0.164,0.592,11,48.3,8,6,20,2,24.1,74.1,100.0,40.3,True,
2026-03-04,P031,PEN07,94,56.97,102.7,1131.7,0.184,0.533,12,43.9,6,21,29,1,24.0,73.2,93.9,50.7,True,
2026-03-05,P031,PEN07,95,57.07,89.7,793.8,0.148,0.549,8,44.1,10,20,28,2,26.3,63.8,95.5,43.0,True,
2026-03-06,P031,PEN07,96,58.81,73.9,866.4,0.195,0.566,9,39.3,9,19,25,0,25.1,66.2,95.9,39.8,True,
2026-03-07,P031,PEN07,97,59.4,76.4,863.2,0.188,0.544,11,43.2,6,22,37,0,25.3,70.0,98.3,44.1,True,
2026-03-08,P031,PEN07,98,59.98,91.3,962.2,0.176,0.592,10,45.6,9,22,41,0,26.4,72.8,100.0,45.9,True,
2026-03-09,P031,PEN07,99,60.99,87.5,710.8,0.135,0.572,11,36.2,8,20,25,0,26.7,63.7,90.8,37.9,True,
2026-03-10,P031,PEN07,100,61.39,95.2,1021.4,0.179,0.579,8,39.5,8,13,36,0,25.8,58.1,100.0,44.0,True,
2026-03-11,P031,PEN07,101,61.88,86.2,847.3,0.164,0.597,11,39.3,7,19,31,0,25.7,64.2,95.1,39.5,True,
2026-03-12,P031,PEN07,102,63.26,90.1,767.7,0.142,0.582,12,46.6,9,13,25,0,24.8,63.0,92.8,45.1,True,
2026-03-13,P031,PEN07,103,63.2,93.0,881.9,0.158,0.605,11,41.8,9,14,29,0,24.9,61.7,89.8,42.0,True,
2026-03-14,P031,PEN07,104,64.58,84.6,,0.163,0.586,9,44.8,7,20,26,0,25.5,64.0,100.0,43.3,True,
2026-03-15,P031,PEN07,105,65.03,101.8,717.9,0.118,0.622,9,41.3,6,15,26,1,23.9,59.7,87.7,39.0,True,
2026-03-16,P031,PEN07,106,66.21,85.4,881.5,0.172,0.589,9,44.4,7,24,34,2,23.6,57.7,100.0,40.7,True,
2026-03-17,P031,PEN07,107,66.05,93.7,904.9,0.161,0.533,10,47.3,7,12,32,2,23.6,50.9,98.3,47.8,True,
2026-03-18,P031,PEN07,108,67.94,83.7,684.5,0.136,0.584,9,49.9,7,14,29,0,23.0,55.4,90.8,45.2,True,
2026-03-19,P031,PEN07,109,68.09,76.2,823.6,0.18,,12,39.9,7,15,37,0,21.6,56.5,96.0,39.8,True,
2026-03-20,P031,PEN07,110,68.66,86.6,775.6,0.149,0.668,9,37.0,8,18,33,1,19.7,53.5,100.0,31.4,True,
2026-03-21,P031,PEN07,111,68.79,64.9,826.3,0.212,0.721,13,45.6,6,9,30,2,20.7,55.5,92.6,29.2,True,
2026-03-22,P031,PEN07,112,69.6,61.8,823.5,0.222,0.665,8,34.6,5,21,29,0,21.3,55.4,100.0,27.9,True,
2026-03-23,P031,PEN07,113,70.18,65.5,577.1,0.147,0.628,9,34.1,7,16,30,3,21.2,52.6,93.6,23.9,True,
2026-03-24,P031,PEN07,114,70.53,47.4,387.6,0.136,0.74,6,39.5,8,15,22,2,20.2,51.8,91.4,16.7,True,
2026-03-25,P031,PEN07,115,71.22,44.1,532.7,0.201,0.772,7,35.3,7,4,23,1,19.8,53.7,98.5,14.2,True,
2026-03-26,P031,PEN07,116,72.23,37.7,408.9,0.181,0.781,6,32.5,9,12,15,1,19.7,55.2,80.8,9.6,True,
2026-03-27,P031,PEN07,117,72.61,48.3,632.3,0.218,0.746,7,37.8,7,12,14,1,19.2,57.1,95.6,19.3,True,
2026-03-28,P031,PEN07,118,73.71,61.0,512.8,0.14,0.762,7,34.1,4,15,25,0,21.5,54.4,98.2,18.0,True,
2026-03-29,P031,PEN07,119,74.34,33.7,560.6,0.278,0.816,8,45.3,7,16,29,1,20.2,60.7,97.3,16.5,True,
2026-03-30,P031,PEN07,120,74.81,50.4,484.3,0.16,0.687,9,34.9,5,12,25,0,21.2,59.3,94.4,21.4,True,
2026-03-31,P031,PEN07,121,76.27,79.6,773.3,0.162,0.615,11,42.4,6,19,29,0,22.1,60.3,89.0,38.6,True,
2026-04-01,P031,PEN07,122,76.99,70.7,732.8,0.173,0.68,9,33.8,6,18,32,1,22.1,64.2,92.3,25.5,True,
2026-04-02,P031,PEN07,123,77.23,73.4,732.3,0.166,0.652,8,36.6,8,18,33,0,21.5,66.3,90.8,31.0,True,
2026-04-03,P031,PEN07,124,78.75,64.9,760.9,0.195,0.583,8,38.5,8,12,29,1,22.0,67.1,98.3,34.2,True,
2026-04-04,P031,PEN07,125,80.04,87.4,815.0,0.155,0.616,10,37.9,6,17,30,2,21.7,72.7,87.7,34.4,True,
2026-04-05,P031,PEN07,126,79.63,81.6,863.2,0.176,0.605,11,43.0,9,20,23,1,22.8,69.9,93.0,39.4,True,
2026-04-06,P031,PEN07,127,81.54,93.6,706.0,0.126,0.645,10,43.5,7,19,32,0,22.7,70.8,100.0,38.9,True,
2026-04-07,P031,PEN07,128,80.73,92.3,860.3,0.155,0.595,10,33.9,7,19,21,1,23.7,69.8,96.8,35.8,True,
2026-04-08,P031,PEN07,129,82.17,84.3,911.8,0.18,0.633,8,37.0,8,18,28,0,24.9,72.6,99.1,36.0,True,
2026-04-09,P031,PEN07,130,82.7,78.8,501.9,0.106,0.605,10,29.3,7,21,26,2,24.5,70.9,98.5,25.0,True,
2026-04-10,P031,PEN07,131,83.79,75.3,969.1,0.215,0.618,9,41.2,9,17,24,1,24.9,73.3,92.9,37.4,True,
2026-04-11,P031,PEN07,132,84.41,77.5,867.0,0.186,0.613,7,43.1,8,17,34,1,25.8,66.0,87.4,38.3,True,
2026-03-01,P032,PEN08,87,39.54,85.1,844.0,0.165,0.61,7,39.1,6,13,26,0,25.7,72.1,100.0,38.3,True,
2026-03-02,P032,PEN08,88,40.37,74.8,745.3,0.166,0.67,10,36.8,7,20,20,0,25.3,66.9,92.3,30.3,True,
2026-03-03,P032,PEN08,89,41.42,82.2,742.8,0.151,0.607,8,33.9,8,19,21,1,26.2,67.4,90.1,32.2,True,
2026-03-04,P032,PEN08,90,41.32,68.0,837.3,0.205,0.626,8,40.6,10,19,35,1,26.3,65.7,98.5,34.0,True,
2026-03-05,P032,PEN08,91,42.93,69.7,910.5,0.218,0.612,9,36.3,9,22,20,1,26.0,69.6,95.0,33.2,True,
2026-03-06,P032,PEN08,92,43.59,76.4,693.5,0.151,0.682,10,42.5,10,8,27,1,26.7,71.2,90.9,31.5,True,
2026-03-07,P032,PEN08,93,43.73,55.9,789.0,0.235,0.599,9,38.0,7,19,33,0,27.7,67.5,94.7,33.1,True,
2026-03-08,P032,PEN08,94,44.86,78.2,788.4,0.168,0.539,10,41.1,10,18,30,2,27.7,63.8,86.7,39.8,True,
2026-03-09,P032,PEN08,95,44.89,85.6,1009.4,0.197,0.616,7,44.8,9,18,24,1,26.4,67.3,100.0,42.0,True,
2026-03-10,P032,PEN08,96,46.07,83.3,609.4,0.122,0.626,9,46.9,8,15,25,0,26.7,60.9,100.0,39.7,True,
2026-03-11,P032,PEN08,97,47.56,79.9,1102.9,0.23,,8,40.2,8,7,35,1,26.7,57.8,91.7,36.6,True,
2026-03-12,P032,PEN08,98,47.74,83.2,819.6,0.164,0.588,9,41.3,12,17,30,1,27.9,62.5,96.4,39.2,True,
2026-03-13,P032,PEN08,99,48.08,71.3,913.4,0.213,0.659,12,47.5,8,12,32,0,26.9,60.5,86.6,39.1,True,
2026-03-14,P032,PEN08,100,48.87,73.7,676.4,0.153,0.622,9,37.7,6,20,35,3,26.9,61.1,97.8,28.9,True,
2026-03-15,P032,PEN08,101,49.24,55.6,912.7,0.273,0.662,9,42.3,7,14,24,1,25.6,59.1,80.9,31.6,True,
2026-03-16,P032,PEN08,102,49.26,64.2,736.8,0.191,0.662,9,37.0,9,21,29,6,24.1,53.0,100.0,20.8,True,
2026-03-17,P032,PEN08,103,50.38,47.9,552.4,0.192,0.705,10,32.5,8,18,31,4,25.2,56.3,89.1,13.4,True,
2026-03-18,P032,PEN08,104,51.61,59.9,709.1,0.197,0.702,8,28.7,7,16,22,3,24.0,58.7,96.1,16.0,True,
2026-03-19,P032,PEN08,105,51.6,65.4,590.3,0.15,0.729,7,31.1,6,6,19,5,23.7,56.9,93.4,12.7,True,
2026-03-20,P032,PEN08,106,51.63,74.7,521.4,0.116,0.71,7,20.5,7,11,18,6,23.0,53.1,92.9,6.4,True,
2026-03-21,P032,PEN08,107,53.34,57.4,684.8,0.199,0.836,6,25.1,8,5,19,8,22.3,56.1,84.6,0.0,True,
2026-03-22,P032,PEN08,108,54.15,38.9,517.9,0.222,0.759,8,33.0,6,16,24,4,23.4,56.3,100.0,8.4,True,
2026-03-23,P032,PEN08,109,54.75,57.8,508.2,0.146,0.712,8,22.6,9,22,19,3,22.2,56.3,89.6,9.1,True,
2026-03-24,P032,PEN08,110,54.95,54.4,496.2,0.152,0.732,9,31.4,10,17,14,4,21.6,50.2,100.0,11.4,True,
2026-03-25,P032,PEN08,111,56.82,79.4,952.5,0.2,0.598,8,45.4,9,13,20,2,21.9,62.6,86.6,40.6,True,
2026-03-26,P032,PEN08,112,57.13,60.6,651.4,0.179,0.689,10,19.5,8,8,21,1,21.2,56.1,99.2,13.2,True,
2026-03-27,P032,PEN08,113,58.09,87.1,870.2,0.166,0.643,11,30.0,7,17,26,2,22.3,64.0,87.1,28.1,True,
2026-03-28,P032,PEN08,114,58.85,61.9,726.2,0.196,0.618,7,48.4,7,17,14,4,21.6,57.1,98.2,33.3,True,
2026-03-29,P032,PEN08,115,59.72,77.9,779.4,0.167,0.654,11,35.2,8,14,25,1,21.7,58.3,99.3,29.8,True,
2026-03-30,P032,PEN08,116,59.72,90.2,550.0,0.102,0.731,10,39.4,8,11,29,1,22.4,61.9,86.4,27.1,True,
2026-03-31,P032,PEN08,117,61.04,79.5,980.2,0.206,0.625,9,28.3,8,9,27,0,24.0,62.0,93.4,30.8,True,
2026-04-01,P032,PEN08,118,61.92,70.5,726.7,0.172,0.634,10,42.6,9,13,24,1,23.1,60.4,84.1,34.1,True,
2026-04-02,P032,PEN08,119,62.31,95.6,925.5,0.161,0.68,13,30.3,8,19,31,2,24.0,71.5,95.5,27.7,True,
2026-04-03,P032,PEN08,120,62.54,84.3,662.3,0.131,0.647,10,38.8,8,12,25,0,23.9,64.0,90.6,33.8,True,
2026-04-04,P032,PEN08,121,63.2,62.9,714.5,0.189,0.722,10,34.7,8,18,24,1,26.0,68.3,96.2,21.9,True,
2026-04-05,P032,PEN08,122,64.94,75.9,739.1,0.162,0.665,11,39.3,9,21,27,1,26.4,65.0,91.0,30.9,True,
2026-04-06,P032,PEN08,123,65.46,56.3,734.1,0.217,0.629,9,37.1,9,9,24,0,26.8,72.4,89.3,30.1,True,
2026-04-07,P032,PEN08,124,65.7,65.1,853.0,0.218,0.64,11,35.6,8,18,27,1,26.1,64.5,92.7,29.6,True,
2026-04-08,P032,PEN08,125,66.52,81.8,820.4,0.167,0.631,9,32.2,6,14,30,1,27.2,66.3,92.2,30.3,True,
2026-04-09,P032,PEN08,126,67.67,61.0,881.3,0.241,0.641,8,29.0,7,10,28,0,25.5,71.5,96.1,26.2,True,
2026-04-10,P032,PEN08,127,68.43,69.1,570.6,0.138,0.631,11,36.9,7,21,22,2,26.4,72.7,96.2,27.5,True,
2026-04-11,P032,PEN08,128,68.52,57.7,667.4,0.193,,8,35.0,10,13,28,3,26.9,66.8,96.9,19.4,True,
2026-03-01,P033,PEN01,85,38.43,99.0,1189.3,0.2,0.48,12,45.6,9,20,38,2,23.8,70.5,100.0,53.8,True,
2026-03-02,P033,PEN01,86,37.74,119.7,1179.0,0.164,0.481,12,64.5,8,16,38,0,25.2,70.0,87.6,72.1,True,
2026-03-03,P033,PEN01,87,38.87,113.6,1004.8,0.147,0.553,10,56.6,6,24,35,0,25.3,68.2,89.5,59.6,True,
2026-03-04,P033,PEN01,88,39.99,119.9,1129.2,0.157,0.556,10,44.9,9,26,45,0,25.0,70.3,94.7,54.1,True,
2026-03-05,P033,PEN01,89,41.11,96.6,1160.1,0.2,0.495,12,44.9,7,20,36,1,25.2,66.5,81.8,53.2,True,
2026-03-06,P033,PEN01,90,41.45,112.1,1170.1,0.174,0.566,10,50.7,9,27,41,0,26.3,68.9,96.9,56.3,True,
2026-03-07,P033,PEN01,91,41.19,116.9,1041.0,0.148,0.563,9,47.8,6,26,32,1,26.4,73.0,87.7,52.7,True,
2026-03-08,P033,PEN01,92,42.23,108.8,1274.4,0.195,0.575,13,46.8,6,21,31,0,27.2,65.3,92.8,53.7,True,
2026-03-09,P033,PEN01,93,43.8,111.2,1225.2,0.184,0.533,12,51.2,8,14,34,0,26.0,65.4,99.2,59.2,True,
2026-03-10,P033,PEN01,94,43.42,102.6,1049.9,0.171,0.603,12,45.7,7,25,43,0,24.9,59.2,89.1,47.9,True,
2026-03-11,P033,PEN01,95,44.87,129.1,1234.1,0.159,0.575,10,55.0,7,25,36,0,26.0,62.8,96.3,61.9,True,
2026-03-12,P033,PEN01,96,45.65,100.6,959.8,0.159,0.519,13,49.5,8,23,36,0,26.3,57.8,97.4,54.6,True,
2026-03-13,P033,PEN01,97,46.34,115.1,1101.1,0.159,0.499,13,53.2,7,23,38,0,25.2,61.8,93.5,62.1,True,
2026-03-14,P033,PEN01,98,46.77,105.0,1135.1,0.18,0.499,13,47.9,6,29,38,0,24.9,53.2,100.0,57.4,True,
2026-03-15,P033,PEN01,99,48.24,103.9,1228.5,0.197,0.601,10,44.2,7,22,41,0,24.6,58.0,91.9,49.1,True,
2026-03-16,P033,PEN01,100,47.91,115.2,1176.5,0.17,0.506,11,41.5,7,25,37,1,24.8,52.7,94.9,53.4,True,
2026-03-17,P033,PEN01,101,49.76,103.8,1028.9,0.165,0.583,11,45.1,7,25,39,0,23.3,52.7,97.3,48.8,True,
2026-03-18,P033,PEN01,102,49.54,126.7,1302.2,0.171,0.555,8,50.6,7,27,29,2,23.5,55.3,93.6,57.8,True,
2026-03-19,P033,PEN01,103,50.72,117.8,1075.0,0.152,0.598,10,45.3,8,28,35,1,23.7,67.0,100.0,49.3,True,
2026-03-20,P033,PEN01,104,51.42,110.9,1073.3,0.161,0.548,12,43.3,9,25,38,0,21.1,48.9,93.3,51.5,True,
2026-03-21,P033,PEN01,105,51.59,94.7,1260.7,0.222,0.567,11,60.2,10,26,43,0,21.9,60.5,91.5,60.6,True,
2026-03-22,P033,PEN01,106,52.38,129.0,1370.6,0.177,0.497,12,61.9,9,25,36,0,22.6,53.0,92.4,72.8,True,
2026-03-23,P033,PEN01,107,52.73,97.5,1034.1,0.177,0.58,13,40.3,7,27,30,0,21.7,55.4,98.6,45.0,True,
2026-03-24,P033,PEN01,108,54.8,133.1,1211.4,0.152,0.52,11,49.3,7,22,40,1,19.6,55.8,95.6,60.8,True,
2026-03-25,P033,PEN01,109,54.49,87.6,1151.1,0.219,0.541,11,51.0,5,21,38,0,21.6,58.9,100.0,54.0,True,
2026-03-26,P033,PEN01,110,55.93,99.1,1048.5,0.176,0.591,14,46.4,7,31,38,0,20.9,61.8,93.0,48.6,True,
2026-03-27,P033,PEN01,111,56.15,87.5,1101.7,0.21,0.634,11,58.3,7,21,28,0,21.1,60.2,92.6,52.2,True,
2026-03-28,P033,PEN01,112,57.06,90.4,1108.5,0.204,0.554,11,45.2,7,20,39,0,21.0,63.1,93.8,49.5,True,
2026-03-29,P033,PEN01,113,57.93,107.5,885.7,0.137,0.602,10,49.3,8,18,23,0,21.1,61.4,92.0,49.5,True,
2026-03-30,P033,PEN01,114,58.09,100.8,879.8,0.145,0.626,10,44.3,8,18,38,2,21.7,64.2,89.8,40.7,True,
2026-03-31,P033,PEN01,115,57.88,93.8,841.8,0.15,0.642,10,37.4,6,15,33,8,22.3,65.6,100.0,25.4,True,
2026-04-01,P033,PEN01,116,58.63,77.4,800.9,0.173,0.682,10,51.5,7,14,31,4,23.4,65.9,94.3,34.4,True,
2026-04-02,P033,PEN01,117,59.68,94.7,668.0,0.118,0.667,10,42.4,6,21,35,0,22.5,64.6,93.8,36.5,True,
2026-04-03,P033,PEN01,118,61.0,81.9,866.3,0.176,0.621,6,48.0,8,25,31,8,22.8,73.7,99.0,31.9,True,
2026-04-04,P033,PEN01,119,60.43,69.6,931.8,0.223,0.676,10,36.1,5,7,38,2,24.6,65.5,100.0,27.7,True,
2026-04-05,P033,PEN01,120,61.38,86.3,715.5,0.138,0.622,8,45.2,6,29,25,2,23.6,70.5,100.0,37.6,True,
2026-04-06,P033,PEN01,121,62.86,82.4,878.5,0.178,0.683,7,43.5,7,21,34,5,25.0,69.2,98.7,29.4,True,
2026-04-07,P033,PEN01,122,64.56,78.2,1036.2,0.221,0.564,10,52.3,8,22,32,0,25.3,70.2,86.3,50.7,True,
2026-04-08,P033,PEN01,123,64.19,108.3,905.1,0.139,0.604,14,49.1,7,17,34,3,24.4,73.7,100.0,45.3,True,
2026-04-09,P033,PEN01,124,65.6,113.8,1078.7,0.158,0.61,13,48.8,10,28,51,1,25.2,70.2,93.4,50.2,True,
2026-04-10,P033,PEN01,125,65.78,102.4,1281.7,0.209,0.607,10,65.0,8,14,33,0,26.4,70.4,100.0,62.4,True,
2026-04-11,P033,PEN01,126,66.93,130.5,1058.8,0.135,0.615,10,44.7,7,24,37,1,25.8,71.1,100.0,49.6,True,
2026-03-01,P034,PEN02,78,41.36,33.7,80.0,0.04,0.745,9,30.5,5,7,18,0,23.6,73.6,100.0,8.1,True,
2026-03-02,P034,PEN02,79,42.87,23.7,344.3,0.242,0.704,8,21.6,8,13,8,0,24.2,75.5,89.9,6.0,True,
2026-03-03,P034,PEN02,80,41.97,19.3,662.8,0.573,0.649,6,20.6,9,20,20,0,24.8,70.3,85.8,11.4,True,
2026-03-04,P034,PEN02,81,43.3,28.5,461.7,0.27,0.733,5,21.7,8,14,18,1,25.2,69.3,93.7,4.7,True,
2026-03-05,P034,PEN02,82,44.07,37.6,398.9,0.177,0.742,9,31.8,10,12,23,0,23.8,72.2,92.0,13.0,True,
2026-03-06,P034,PEN02,83,45.28,33.0,169.5,0.086,0.689,10,17.9,8,6,24,1,26.0,67.2,91.0,3.0,True,
2026-03-07,P034,PEN02,84,46.23,19.3,341.2,0.294,0.731,8,18.1,7,11,16,1,25.2,71.3,92.2,0.0,True,
2026-03-08,P034,PEN02,85,47.32,27.7,267.5,0.161,0.771,6,28.2,6,14,7,0,24.9,60.3,100.0,5.8,True,
2026-03-09,P034,PEN02,86,47.39,35.2,302.7,0.143,0.707,7,25.2,7,13,31,1,24.8,66.5,91.3,8.2,True,
2026-03-10,P034,PEN02,87,48.29,29.8,275.1,0.154,0.674,9,18.7,10,8,11,0,25.8,64.3,94.8,6.4,True,
2026-03-11,P034,PEN02,88,48.65,39.9,579.2,0.242,0.788,6,18.5,7,9,16,0,25.8,61.6,93.5,3.4,True,
2026-03-12,P034,PEN02,89,49.93,41.4,335.1,0.135,0.697,8,16.2,8,9,7,0,24.8,59.7,95.1,5.7,True,
2026-03-13,P034,PEN02,90,50.13,38.6,370.9,0.16,0.675,8,20.2,7,14,14,0,23.3,59.1,92.8,9.6,True,
2026-03-14,P034,PEN02,91,50.18,37.9,389.8,0.171,0.774,10,26.8,7,7,18,0,25.8,61.4,100.0,7.5,True,
2026-03-15,P034,PEN02,92,51.75,,372.5,0.188,0.725,5,27.0,10,8,16,1,25.3,59.0,97.8,8.5,True,
2026-03-16,P034,PEN02,93,52.44,36.6,376.3,0.172,0.684,6,22.5,7,6,13,2,23.4,57.4,90.5,7.4,True,
2026-03-17,P034,PEN02,94,52.87,49.0,453.7,0.154,0.775,6,18.5,9,16,24,1,22.9,56.5,96.4,3.1,True,
2026-03-18,P034,PEN02,95,53.51,36.3,342.1,0.157,0.692,6,29.8,9,10,22,1,21.5,55.9,87.8,12.8,True,
2026-03-19,P034,PEN02,96,54.48,46.1,318.3,0.115,0.703,6,26.3,6,2,22,0,21.4,54.1,91.5,12.5,True,
2026-03-20,P034,PEN02,97,54.79,48.0,293.4,0.102,0.628,5,15.9,7,9,19,0,20.9,54.3,89.3,10.6,True,
2026-03-21,P034,PEN02,98,56.69,39.3,361.8,0.153,0.738,6,18.4,8,1,16,1,20.4,55.4,90.0,3.0,True,
2026-03-22,P034,PEN02,99,56.32,27.9,239.6,0.143,0.792,8,14.1,8,3,20,1,20.8,57.5,100.0,0.0,True,
2026-03-23,P034,PEN02,100,57.61,39.7,120.9,0.051,0.698,8,25.2,9,11,17,0,19.9,52.7,96.8,9.1,True,
2026-03-24,P034,PEN02,101,57.26,42.6,321.7,0.126,0.719,6,22.6,7,11,14,0,20.2,58.0,100.0,8.5,True,
2026-03-25,P034,PEN02,102,59.06,32.1,288.6,0.15,0.724,4,25.8,9,1,21,0,20.9,56.7,97.5,8.2,True,
2026-03-26,P034,PEN02,103,58.6,49.8,449.3,0.15,0.704,3,21.3,8,6,14,0,19.1,62.5,91.1,11.0,True,
2026-03-27,P034,PEN02,104,60.13,21.8,314.9,0.241,0.685,7,29.5,6,10,20,0,18.6,58.0,96.3,11.8,True,
2026-03-28,P034,PEN02,105,61.24,40.0,388.9,0.162,0.654,6,26.5,9,1,18,2,19.5,60.3,95.8,12.7,True,
2026-03-29,P034,PEN02,106,60.51,35.4,332.9,0.157,0.662,7,14.5,7,3,16,0,19.8,61.4,98.8,5.9,True,
2026-03-30,P034,PEN02,107,62.42,45.9,419.1,0.152,0.714,7,31.1,8,1,12,0,20.4,62.0,90.8,15.8,True,
2026-03-31,P034,PEN02,108,63.51,21.5,558.7,0.432,0.698,5,26.5,8,11,17,1,19.5,61.0,95.5,10.0,True,
2026-04-01,P034,PEN02,109,63.49,24.3,571.4,0.392,0.687,6,27.4,7,4,15,1,21.3,65.3,91.4,11.9,True,
2026-04-02,P034,PEN02,110,64.12,8.3,376.5,0.755,0.712,6,18.1,8,9,14,1,20.4,61.4,99.0,0.0,True,
2026-04-03,P034,PEN02,111,64.76,29.8,473.9,0.265,0.689,8,27.3,7,2,22,0,22.7,66.7,92.0,12.9,True,
2026-04-04,P034,PEN02,112,65.04,27.5,524.7,0.318,0.776,7,22.8,6,4,18,0,21.6,65.6,92.4,4.5,True,
2026-04-05,P034,PEN02,113,66.84,21.9,350.4,0.266,0.773,7,19.3,7,4,16,1,23.4,75.5,87.1,0.0,True,
2026-04-06,P034,PEN02,114,68.25,46.5,346.1,0.124,0.718,7,26.0,7,12,10,1,22.5,71.3,92.9,10.3,True,
2026-04-07,P034,PEN02,115,68.68,28.9,510.1,0.294,0.722,12,19.4,9,4,9,1,23.7,73.3,100.0,4.5,True,
2026-04-08,P034,PEN02,116,69.16,24.0,283.2,0.197,0.738,8,26.6,8,10,25,0,24.1,68.9,93.4,6.5,True,
2026-04-09,P034,PEN02,117,70.28,32.9,355.4,0.18,0.756,6,19.9,8,2,15,0,25.9,70.1,100.0,3.1,True,
2026-04-10,P034,PEN02,118,70.5,36.6,414.7,0.189,0.678,8,24.2,8,8,21,0,24.5,71.3,97.0,12.2,True,
2026-04-11,P034,PEN02,119,71.36,36.3,316.6,0.145,0.683,5,25.1,7,16,19,0,24.9,71.1,95.7,11.4,True,
2026-03-01,P035,PEN03,84,38.17,135.5,1158.5,0.143,0.456,11,50.9,12,27,39,0,23.3,72.2,95.9,67.2,True,
2026-03-02,P035,PEN03,85,38.5,138.6,1180.9,0.142,0.548,14,58.0,7,33,46,0,22.6,72.7,96.6,66.5,True,
2026-03-03,P035,PEN03,86,38.89,134.5,1395.4,0.173,0.529,18,64.2,9,27,34,0,24.4,74.0,100.0,73.3,True,
2026-03-04,P035,PEN03,87,39.8,129.5,1371.4,0.177,0.497,12,54.8,8,27,35,1,23.3,68.9,88.9,66.9,True,
2026-03-05,P035,PEN03,88,40.82,124.9,,0.18,0.527,12,52.9,7,23,43,0,25.3,71.0,90.2,64.1,True,
2026-03-06,P035,PEN03,89,41.47,131.2,1276.0,0.162,0.485,13,61.0,7,26,40,0,24.3,74.7,89.8,72.4,True,
2026-03-07,P035,PEN03,90,41.68,138.0,1244.0,0.15,0.577,12,56.3,9,25,48,0,26.0,72.9,98.7,64.2,True,
2026-03-08,P035,PEN03,91,43.24,136.6,1148.4,0.14,0.493,10,58.5,8,28,41,0,25.7,63.2,100.0,69.8,True,
2026-03-09,P035,PEN03,92,43.12,108.2,1246.3,0.192,0.556,13,46.6,7,27,37,1,30.6,68.5,98.7,53.0,True,
2026-03-10,P035,PEN03,93,44.36,110.6,1378.7,0.208,0.55,14,56.6,12,22,46,0,30.0,66.4,93.1,63.0,True,
2026-03-11,P035,PEN03,94,45.12,104.0,1268.9,0.203,0.569,13,,13,31,48,0,30.0,70.2,80.5,58.7,True,
2026-03-12,P035,PEN03,95,44.86,104.2,1267.1,0.203,0.622,16,52.6,11,30,42,3,30.9,66.1,91.7,49.4,True,
2026-03-13,P035,PEN03,96,46.16,135.2,1519.1,0.187,0.471,12,58.8,10,29,40,0,24.5,59.9,94.4,74.9,True,
2026-03-14,P035,PEN03,97,46.56,130.6,1460.7,0.186,0.501,13,52.1,7,22,47,0,25.9,61.4,97.6,67.3,True,
2026-03-15,P035,PEN03,98,46.98,134.0,1405.8,0.175,0.472,12,61.7,10,30,30,0,25.0,51.5,93.7,75.4,True,
2026-03-16,P035,PEN03,99,47.83,123.2,1231.9,0.167,0.545,13,56.2,7,32,41,0,25.0,59.4,94.3,63.6,True,
2026-03-17,P035,PEN03,100,49.09,127.9,1099.9,0.143,0.455,13,68.5,8,25,45,1,24.9,62.9,100.0,75.5,True,
2026-03-18,P035,PEN03,101,49.26,133.9,1241.5,0.154,0.553,9,52.3,11,29,50,1,23.5,58.8,94.2,61.0,True,
2026-03-19,P035,PEN03,102,50.26,145.9,1462.9,0.167,0.553,13,68.8,8,28,43,2,23.6,59.3,86.3,74.5,True,
2026-03-20,P035,PEN03,103,51.44,133.9,1251.8,0.156,0.509,13,65.7,8,18,42,2,21.7,59.6,96.9,71.3,True,
2026-03-21,P035,PEN03,104,51.97,138.3,1267.2,0.153,0.512,14,56.4,9,20,44,0,21.5,51.2,85.9,68.7,True,
2026-03-22,P035,PEN03,105,53.0,140.5,1346.3,0.16,0.5,12,59.4,8,32,44,1,20.3,55.1,96.7,71.2,True,
2026-03-23,P035,PEN03,106,53.58,122.5,1439.1,0.196,0.502,13,55.1,10,21,33,0,20.6,59.9,94.6,67.7,True,
2026-03-24,P035,PEN03,107,54.56,130.0,1332.3,0.171,,12,54.1,9,32,43,1,20.7,55.0,88.5,63.1,True,
2026-03-25,P035,PEN03,108,54.41,129.5,1007.5,0.13,0.516,14,68.9,10,20,47,0,20.8,53.2,99.5,72.5,True,
2026-03-26,P035,PEN03,109,55.13,132.3,1303.0,0.164,0.488,11,54.5,9,23,47,0,20.3,57.2,91.2,68.4,True,
2026-03-27,P035,PEN03,110,56.37,120.8,1597.2,0.22,0.454,15,66.6,10,29,53,1,19.7,59.8,85.2,78.2,True,
2026-03-28,P035,PEN03,111,56.59,115.2,1178.3,0.17,0.526,12,58.9,10,24,43,0,19.8,59.7,91.9,64.8,True,
2026-03-29,P035,PEN03,112,58.01,131.0,1502.5,0.191,0.539,10,50.7,5,31,50,0,20.6,59.4,94.2,64.4,True,
2026-03-30,P035,PEN03,113,58.19,132.6,1253.0,0.157,0.496,13,63.1,7,28,47,0,19.4,68.4,98.4,73.0,True,
2026-03-31,P035,PEN03,114,59.07,124.2,1229.1,0.165,0.453,13,52.8,10,24,33,1,22.7,65.9,94.9,66.2,True,
2026-04-01,P035,PEN03,115,60.5,133.9,1547.3,0.193,0.517,11,56.9,11,29,35,0,20.8,66.8,94.9,70.8,True,
2026-04-02,P035,PEN03,116,60.85,110.8,1232.8,0.185,0.454,13,55.7,7,27,44,0,21.7,65.4,95.2,67.2,True,
2026-04-03,P035,PEN03,117,61.26,123.6,1488.8,0.201,0.487,14,54.1,8,26,49,0,22.8,61.7,96.7,68.7,True,
2026-04-04,P035,PEN03,118,62.11,119.5,1368.6,0.191,0.499,12,55.2,9,26,44,1,22.2,67.4,94.7,65.4,True,
2026-04-05,P035,PEN03,119,62.2,121.0,1529.7,0.211,0.482,14,57.7,8,24,43,0,24.1,66.5,99.0,71.3,True,
2026-04-06,P035,PEN03,120,62.56,132.3,1549.1,0.195,0.508,14,58.1,6,28,45,0,23.5,71.1,97.6,71.9,True,
2026-04-07,P035,PEN03,121,64.08,,1448.6,0.186,0.45,14,53.5,10,30,42,0,24.0,71.8,100.0,71.3,True,
2026-04-08,P035,PEN03,122,64.37,128.5,1309.1,0.17,0.557,15,62.5,8,28,44,0,25.0,68.3,91.0,68.6,True,
2026-04-09,P035,PEN03,123,66.18,122.9,1350.7,0.183,0.447,14,53.4,9,34,45,1,24.4,70.8,93.8,67.9,True,
2026-04-10,P035,PEN03,124,66.22,109.0,1241.0,0.19,0.477,14,54.6,8,23,38,0,26.3,72.4,100.0,64.8,True,
2026-04-11,P035,PEN03,125,67.59,120.9,1292.6,0.178,0.542,14,60.2,7,24,46,2,26.1,71.2,95.8,63.8,True,
2026-03-01,P036,PEN04,80,45.1,81.0,661.6,0.136,0.631,9,36.5,8,15,39,1,24.5,69.3,96.4,31.4,True,
2026-03-02,P036,PEN04,81,46.41,56.3,744.7,0.22,0.635,10,31.4,9,20,25,0,25.6,65.2,98.7,26.1,True,
2026-03-03,P036,PEN04,82,46.36,73.6,661.9,0.15,0.621,10,35.5,7,12,23,0,25.7,74.1,99.4,31.6,True,
2026-03-04,P036,PEN04,83,48.81,85.2,644.4,0.126,0.633,12,36.9,8,14,29,0,23.8,74.6,98.9,33.4,True,
2026-03-05,P036,PEN04,84,48.58,61.1,704.0,0.192,0.642,10,40.5,8,17,28,1,26.1,67.0,100.0,30.5,True,
2026-03-06,P036,PEN04,85,49.27,63.2,855.7,0.226,0.657,11,44.9,9,20,12,2,26.6,69.6,100.0,32.9,True,
2026-03-07,P036,PEN04,86,49.56,58.9,477.1,0.135,0.647,8,36.3,9,16,32,0,26.5,70.1,90.6,26.2,True,
2026-03-08,P036,PEN04,87,50.41,50.8,783.5,0.257,0.629,13,27.5,7,9,31,1,26.8,61.2,95.3,22.1,True,
2026-03-09,P036,PEN04,88,51.2,55.0,634.4,0.192,0.71,7,37.1,10,11,29,0,32.5,65.7,85.5,23.6,True,
2026-03-10,P036,PEN04,89,52.21,69.7,716.6,0.171,0.713,10,31.3,10,9,27,0,32.6,71.6,97.0,22.8,True,
2026-03-11,P036,PEN04,90,52.84,44.0,467.5,0.177,0.721,5,34.0,9,20,24,0,31.3,69.7,99.6,17.5,True,
2026-03-12,P036,PEN04,91,55.01,50.1,622.7,0.207,0.686,8,35.2,9,12,25,0,32.1,66.4,96.7,23.1,True,
2026-03-13,P036,PEN04,92,54.27,55.6,1009.8,0.303,0.705,10,38.6,7,15,18,1,28.2,59.0,100.0,27.4,True,
2026-03-14,P036,PEN04,93,54.79,70.2,530.3,0.126,0.676,8,31.5,7,18,19,0,26.3,55.4,100.0,23.6,True,
2026-03-15,P036,PEN04,94,55.43,75.0,700.5,0.156,0.612,7,29.5,9,9,19,2,25.0,58.9,93.9,26.1,True,
2026-03-16,P036,PEN04,95,55.36,64.0,674.6,0.176,0.651,9,50.1,8,20,22,2,24.8,62.7,88.3,35.0,True,
2026-03-17,P036,PEN04,96,56.59,75.2,715.7,0.159,0.647,11,33.9,8,11,26,0,25.9,56.1,98.4,29.6,True,
2026-03-18,P036,PEN04,97,57.59,74.4,833.2,0.187,,8,30.8,9,15,30,0,23.6,59.8,98.8,29.8,True,
2026-03-19,P036,PEN04,98,58.79,63.7,715.1,0.187,0.662,11,24.6,9,18,29,0,23.9,54.1,84.7,20.8,True,
2026-03-20,P036,PEN04,99,58.49,63.9,711.9,0.186,0.632,10,32.0,6,11,29,0,22.8,53.7,81.3,27.5,True,
2026-03-21,P036,PEN04,100,60.06,67.4,901.4,0.223,0.649,11,37.6,7,11,26,1,22.1,51.1,91.0,31.2,True,
2026-03-22,P036,PEN04,101,61.45,50.6,852.9,0.281,0.626,7,37.4,6,10,21,1,21.9,60.5,97.3,29.3,True,
2026-03-23,P036,PEN04,102,61.02,78.0,361.3,0.077,0.717,9,28.9,9,18,24,0,22.1,53.3,93.9,18.8,True,
2026-03-24,P036,PEN04,103,61.78,65.1,643.3,0.165,0.639,10,38.3,4,10,19,1,23.0,54.3,90.3,29.3,True,
2026-03-25,P036,PEN04,104,62.41,79.0,823.3,0.174,0.681,9,44.0,8,19,21,3,22.6,56.7,90.9,31.5,True,
2026-03-26,P036,PEN04,105,63.5,64.4,610.6,0.158,0.672,8,39.6,8,13,34,2,21.1,63.2,96.5,26.2,True,
2026-03-27,P036,PEN04,106,63.87,80.0,626.9,0.131,0.673,9,39.4,8,12,22,0,22.4,57.7,87.5,31.4,True,
2026-03-28,P036,PEN04,107,64.12,56.6,712.3,0.21,0.641,10,35.3,8,9,22,0,19.8,69.5,95.8,27.9,True,
2026-03-29,P036,PEN04,108,64.95,58.5,634.5,0.181,0.629,10,43.1,8,16,23,1,21.6,59.0,91.4,31.9,True,
2026-03-30,P036,PEN04,109,66.12,43.7,651.2,0.249,0.639,8,24.0,6,13,21,1,23.2,60.3,87.4,16.7,True,
2026-03-31,P036,PEN04,110,67.58,68.1,689.7,0.169,0.666,9,37.6,10,4,25,0,21.4,69.8,89.0,29.4,True,
2026-04-01,P036,PEN04,111,67.19,62.8,708.9,0.188,0.655,8,38.3,7,8,27,0,24.8,66.6,100.0,29.9,True,
2026-04-02,P036,PEN04,112,68.73,76.3,739.8,0.162,0.66,8,41.2,7,19,32,0,23.4,67.8,84.2,34.0,True,
2026-04-03,P036,PEN04,113,69.45,63.4,560.9,0.148,0.583,7,35.9,9,12,24,0,25.2,69.9,100.0,31.6,True,
2026-04-04,P036,PEN04,114,70.05,62.3,650.2,0.174,0.59,7,33.5,6,16,24,0,23.6,71.4,95.9,30.3,True,
2026-04-05,P036,PEN04,115,71.34,68.1,811.7,0.199,0.651,9,40.4,8,22,20,2,25.0,68.4,97.6,30.7,True,
2026-04-06,P036,PEN04,116,71.47,72.5,718.7,0.165,0.634,9,32.8,8,14,35,1,25.3,72.9,97.3,28.0,True,
2026-04-07,P036,PEN04,117,72.73,39.0,747.1,0.319,0.613,9,38.3,8,8,29,0,27.2,70.8,97.1,29.3,True,
2026-04-08,P036,PEN04,118,73.69,73.8,656.5,0.148,0.669,6,26.1,6,15,29,1,25.1,71.1,98.9,21.0,True,
2026-04-09,P036,PEN04,119,73.63,42.8,952.7,0.371,0.674,10,38.3,7,11,30,0,26.9,70.1,86.0,28.0,True,
2026-04-10,P036,PEN04,120,74.62,50.7,666.3,0.219,0.688,11,32.4,8,15,20,0,25.6,73.4,100.0,21.6,True,
2026-04-11,P036,PEN04,121,76.02,61.9,856.8,0.231,0.611,11,36.3,10,19,25,0,26.4,67.2,93.7,32.8,True,
2026-03-01,P037,PEN05,88,46.06,91.8,792.6,0.144,0.654,9,47.6,8,16,31,0,22.9,72.7,92.0,41.5,True,
2026-03-02,P037,PEN05,89,46.91,74.6,972.5,0.217,0.575,10,44.9,9,19,32,2,23.8,72.9,86.0,41.2,True,
2026-03-03,P037,PEN05,90,47.87,95.1,1064.0,0.186,0.533,13,46.9,8,13,30,0,24.1,70.7,99.1,52.2,True,
2026-03-04,P037,PEN05,91,48.03,97.5,643.2,0.11,0.585,11,43.2,7,21,35,1,25.4,74.2,97.1,41.2,True,
2026-03-05,P037,PEN05,92,49.33,88.9,1015.4,0.19,0.602,11,44.3,10,15,33,0,24.0,72.5,92.4,44.5,True,
2026-03-06,P037,PEN05,93,49.35,81.5,760.9,0.156,0.528,11,44.4,8,18,28,0,24.9,70.3,93.5,45.7,True,
2026-03-07,P037,PEN05,94,51.26,101.0,1050.3,0.173,0.614,10,37.2,8,11,26,0,25.7,68.6,88.3,41.4,True,
2026-03-08,P037,PEN05,95,50.98,84.1,1078.2,0.214,0.591,14,51.6,8,14,29,1,25.5,63.8,97.6,48.5,True,
2026-03-09,P037,PEN05,96,52.81,89.0,949.5,0.178,0.518,10,44.7,5,20,36,0,25.7,65.3,98.0,49.6,True,
2026-03-10,P037,PEN05,97,52.75,73.5,920.4,0.209,0.569,11,55.3,9,25,31,0,26.3,56.4,87.9,50.4,True,
2026-03-11,P037,PEN05,98,53.24,80.2,1118.1,0.232,0.599,9,55.8,9,21,33,0,24.9,63.4,85.5,51.9,True,
2026-03-12,P037,PEN05,99,53.97,108.4,1119.1,0.172,,11,38.1,9,13,28,0,25.3,62.6,92.1,43.1,True,
2026-03-13,P037,PEN05,100,54.65,95.8,1006.6,0.175,0.625,11,48.8,11,16,29,1,25.4,57.4,100.0,45.6,True,
2026-03-14,P037,PEN05,101,55.5,103.9,943.9,0.151,0.626,12,28.2,8,13,33,1,24.3,57.7,91.1,32.7,True,
2026-03-15,P037,PEN05,102,56.62,105.0,1055.9,0.168,0.617,9,41.1,9,19,28,0,24.4,55.6,91.0,44.5,True,
2026-03-16,P037,PEN05,103,56.83,84.0,1097.4,0.218,0.581,11,48.9,9,9,28,0,23.6,54.9,94.8,48.9,True,
2026-03-17,P037,PEN05,104,58.07,98.1,1062.9,0.181,0.586,9,46.6,9,16,31,0,22.4,57.1,96.4,49.0,True,
2026-03-18,P037,PEN05,105,57.92,91.4,858.3,0.156,0.658,8,49.0,6,24,23,0,23.0,52.4,90.8,42.8,True,
2026-03-19,P037,PEN05,106,58.76,99.1,890.7,0.15,0.617,13,36.3,4,18,28,0,24.1,52.0,86.4,38.8,True,
2026-03-20,P037,PEN05,107,60.49,87.2,728.1,0.139,0.626,10,51.2,6,15,29,0,21.5,52.2,89.2,44.3,True,
2026-03-21,P037,PEN05,108,60.9,86.7,796.1,0.153,0.645,13,45.3,8,24,34,1,21.7,60.0,87.2,38.5,True,
2026-03-22,P037,PEN05,109,61.62,86.3,759.2,0.147,0.622,9,54.7,6,18,31,1,23.5,54.8,87.2,45.6,True,
2026-03-23,P037,PEN05,110,61.81,89.2,797.1,0.149,0.587,11,39.7,8,17,34,0,20.2,53.6,90.4,40.3,True,
2026-03-24,P037,PEN05,111,62.68,92.2,791.5,0.143,0.643,9,42.2,7,21,25,0,19.8,52.8,100.0,38.8,True,
2026-03-25,P037,PEN05,112,63.5,89.7,750.3,0.139,0.537,11,40.2,7,21,36,0,21.4,59.5,100.0,43.6,True,
2026-03-26,P037,PEN05,113,64.53,89.3,959.7,0.179,0.651,11,,7,17,32,0,19.9,55.5,96.0,34.1,True,
2026-03-27,P037,PEN05,114,65.35,85.3,1028.0,0.201,0.612,10,36.8,7,17,39,0,19.5,66.7,92.7,38.6,True,
2026-03-28,P037,PEN05,115,65.37,77.2,725.6,0.157,0.557,9,43.9,8,20,31,1,20.5,59.9,100.0,41.0,True,
2026-03-29,P037,PEN05,116,66.56,83.1,1095.0,0.22,0.558,11,44.1,8,17,34,0,19.7,60.6,94.0,47.1,True,
2026-03-30,P037,PEN05,117,66.13,,809.6,0.151,0.59,11,46.4,9,16,31,0,20.3,56.5,100.0,44.7,True,
2026-03-31,P037,PEN05,118,67.7,77.7,1217.9,0.261,0.536,14,51.3,6,16,36,0,21.8,59.5,96.7,53.7,True,
2026-04-01,P037,PEN05,119,68.5,96.1,941.6,0.163,0.582,11,43.7,9,24,38,1,21.6,68.2,100.0,44.5,True,
2026-04-02,P037,PEN05,120,69.33,83.5,1218.0,0.243,0.621,9,37.3,10,22,31,0,21.8,69.9,84.7,39.9,True,
2026-04-03,P037,PEN05,121,69.46,86.1,818.8,0.158,0.527,12,39.2,9,18,35,1,22.1,74.2,88.0,42.3,True,
2026-04-04,P037,PEN05,122,71.65,82.3,948.7,0.192,0.572,11,38.2,9,20,38,1,22.5,71.4,99.9,39.4,True,
2026-04-05,P037,PEN05,123,70.88,105.3,1074.7,0.17,0.565,9,40.5,8,17,22,1,23.9,68.6,98.8,46.3,True,
2026-04-06,P037,PEN05,124,72.67,75.4,925.3,0.205,0.575,10,38.7,5,16,35,3,24.2,67.4,87.8,35.4,True,
2026-04-07,P037,PEN05,125,73.06,97.0,1009.4,0.173,0.631,10,39.4,8,16,34,0,24.3,71.6,97.0,40.7,True,
2026-04-08,P037,PEN05,126,74.73,82.9,1126.7,0.227,0.536,11,46.5,9,18,35,1,25.3,70.2,90.4,49.0,True,
2026-04-09,P037,PEN05,127,74.91,83.1,804.4,0.161,0.622,9,36.9,10,21,33,0,25.5,74.0,96.3,35.4,True,
2026-04-10,P037,PEN05,128,75.07,90.1,726.2,0.134,0.57,10,39.9,8,18,31,0,26.4,72.6,86.4,41.1,True,
2026-04-11,P037,PEN05,129,76.26,98.7,981.4,0.166,0.634,12,41.1,7,19,35,1,23.9,76.0,93.8,40.2,True,
2026-03-01,P038,PEN06,79,44.54,139.2,1553.5,0.186,0.473,11,69.6,7,30,48,0,23.0,74.0,95.5,82.8,True,
2026-03-02,P038,PEN06,80,44.94,121.7,1594.6,0.218,0.454,16,66.5,7,31,40,0,22.7,68.0,80.6,79.6,True,
2026-03-03,P038,PEN06,81,45.47,145.7,1508.5,0.173,0.407,13,59.2,8,31,46,0,24.0,69.7,93.8,80.9,True,
2026-03-04,P038,PEN06,82,46.11,144.1,1442.3,0.167,0.465,12,60.8,7,38,43,0,24.7,69.0,100.0,77.3,True,
2026-03-05,P038,PEN06,83,47.33,147.4,1367.4,0.155,0.434,15,69.9,8,30,51,0,24.3,71.7,94.8,85.0,True,
2026-03-06,P038,PEN06,84,46.62,154.4,1606.0,0.173,0.466,12,60.6,10,30,61,1,25.9,66.1,100.0,79.0,True,
2026-03-07,P038,PEN06,85,48.75,141.2,1503.1,0.177,0.448,14,57.4,10,36,39,0,25.2,66.1,90.0,76.3,True,
2026-03-08,P038,PEN06,86,49.24,160.0,1539.0,0.16,0.476,13,68.2,10,29,40,0,25.6,69.9,99.4,84.9,True,
2026-03-09,P038,PEN06,87,50.17,138.4,1548.2,0.186,0.493,15,71.2,9,29,39,0,24.7,70.1,88.9,82.4,True,
2026-03-10,P038,PEN06,88,50.9,119.0,1493.1,0.209,0.441,16,59.4,10,32,50,0,26.1,65.4,96.4,74.4,True,
2026-03-11,P038,PEN06,89,51.79,143.3,1565.6,0.182,0.563,13,73.7,8,33,46,0,25.2,60.6,95.6,80.4,True,
2026-03-12,P038,PEN06,90,53.39,138.5,1633.5,0.197,0.456,14,56.3,8,25,47,1,25.4,62.8,90.6,74.6,True,
2026-03-13,P038,PEN06,91,53.66,142.3,1691.1,0.198,0.484,16,,6,28,51,0,24.5,55.2,100.0,79.9,True,
2026-03-14,P038,PEN06,92,53.44,142.7,1485.4,0.173,0.464,13,56.1,8,29,50,0,24.6,56.3,97.3,74.5,True,
2026-03-15,P038,PEN06,93,55.34,153.9,1431.5,0.155,0.467,16,64.2,9,37,52,0,24.6,59.1,97.5,80.8,True,
2026-03-16,P038,PEN06,94,55.54,146.9,1800.0,0.204,0.451,11,65.9,8,26,49,0,23.5,55.0,87.0,85.5,True,
2026-03-17,P038,PEN06,95,56.1,151.3,1607.1,0.177,0.413,13,64.9,8,22,57,1,24.0,57.6,96.0,84.7,True,
2026-03-18,P038,PEN06,96,56.48,148.4,1553.9,0.175,0.533,14,54.6,6,35,53,0,22.1,55.3,92.0,70.6,True,
2026-03-19,P038,PEN06,97,57.39,,1644.5,0.179,0.473,14,70.0,9,28,55,2,23.4,49.1,95.8,83.4,True,
2026-03-20,P038,PEN06,98,57.99,144.0,1680.3,0.195,0.42,13,63.0,8,35,56,0,22.1,51.2,100.0,84.0,True,
2026-03-21,P038,PEN06,99,59.09,160.0,1336.5,0.139,0.488,12,71.0,9,27,44,0,22.4,53.3,87.3,83.8,True,
2026-03-22,P038,PEN06,100,58.47,143.2,1427.8,0.166,0.544,12,69.7,9,34,55,0,21.7,52.3,94.7,77.6,True,
2026-03-23,P038,PEN06,101,59.15,141.9,1320.8,0.155,0.486,13,73.4,9,26,51,1,20.9,58.3,95.6,81.1,True,
2026-03-24,P038,PEN06,102,60.35,128.2,,0.207,0.478,12,64.7,7,26,47,1,21.1,54.8,80.8,76.5,True,
2026-03-25,P038,PEN06,103,61.9,146.0,1382.6,0.158,0.404,13,64.1,7,32,45,2,20.8,59.2,97.8,80.3,True,
2026-03-26,P038,PEN06,104,62.06,134.3,1529.7,0.19,0.445,14,65.6,9,30,54,0,20.1,57.9,99.5,81.0,True,
2026-03-27,P038,PEN06,105,62.83,148.0,1598.5,0.18,0.506,13,59.9,7,27,37,0,20.8,56.7,92.3,76.2,True,
2026-03-28,P038,PEN06,106,63.34,145.8,1486.4,0.17,0.5,14,69.0,9,35,51,2,19.4,52.8,91.4,78.3,True,
2026-03-29,P038,PEN06,107,63.85,159.1,1691.5,0.177,0.502,15,65.6,8,28,36,0,22.0,63.9,88.4,82.8,True,
2026-03-30,P038,PEN06,108,64.86,151.4,1665.5,0.183,0.489,14,55.7,8,27,47,0,22.3,57.4,93.8,75.8,True,
2026-03-31,P038,PEN06,109,66.99,143.0,1405.4,0.164,0.455,16,67.1,9,30,56,0,22.6,64.1,93.1,81.5,True,
2026-04-01,P038,PEN06,110,66.87,144.5,1456.0,0.168,0.438,14,65.3,8,25,49,0,20.8,62.0,89.4,82.1,True,
2026-04-02,P038,PEN06,111,67.43,155.9,1362.1,0.146,0.532,12,58.4,9,31,50,2,22.3,65.6,92.2,69.7,True,
2026-04-03,P038,PEN06,112,67.72,158.1,1503.2,0.158,0.408,13,63.1,7,24,46,0,23.1,66.0,92.8,85.3,True,
2026-04-04,P038,PEN06,113,68.94,142.1,1506.9,0.177,0.413,12,74.8,9,30,47,0,22.2,68.7,96.0,90.1,True,
2026-04-05,P038,PEN06,114,68.36,146.0,1687.1,0.193,0.498,13,71.0,7,37,50,1,23.6,65.9,96.1,83.1,True,
2026-04-06,P038,PEN06,115,70.11,144.3,1426.1,0.165,0.454,14,72.1,9,33,50,0,23.7,71.2,83.1,85.2,True,
2026-04-07,P038,PEN06,116,70.8,138.0,1366.3,0.165,0.465,13,63.1,9,32,50,0,24.9,70.8,98.0,77.1,True,
2026-04-08,P038,PEN06,117,71.59,134.1,1387.8,0.172,0.505,14,65.5,9,31,42,1,24.4,68.3,100.0,74.2,True,
2026-04-09,P038,PEN06,118,71.69,142.2,1335.1,0.156,0.447,13,57.7,5,29,49,1,26.3,74.8,95.2,73.7,True,
2026-04-10,P038,PEN06,119,73.08,142.6,1548.1,0.181,0.46,14,76.4,7,23,53,2,24.9,67.2,90.8,85.8,True,
2026-04-11,P038,PEN06,120,74.15,143.3,1455.5,0.169,0.498,14,61.3,8,25,47,0,26.5,68.7,96.4,75.5,True,
2026-03-01,P039,PEN07,85,39.36,127.0,1415.1,0.186,0.548,13,60.9,7,28,44,1,23.3,72.7,100.0,67.5,True,
2026-03-02,P039,PEN07,86,40.71,131.6,1568.5,0.199,0.448,14,65.1,7,25,42,1,24.2,70.1,91.7,79.0,True,
2026-03-03,P039,PEN07,87,41.13,124.0,1447.5,0.195,0.463,12,50.7,9,32,48,0,23.5,66.2,93.0,67.7,True,
2026-03-04,P039,PEN07,88,42.64,131.0,1102.1,0.14,0.484,11,66.0,9,36,48,1,25.2,71.6,86.4,72.5,True,
2026-03-05,P039,PEN07,89,41.98,119.7,1397.4,0.195,0.551,12,58.8,5,31,50,1,24.7,74.0,100.0,64.6,True,
2026-03-06,P039,PEN07,90,43.98,118.5,1230.6,0.173,0.519,12,59.3,9,32,35,0,25.6,69.9,85.9,66.5,True,
2026-03-07,P039,PEN07,91,44.27,147.0,1408.9,0.16,,14,55.1,6,30,41,1,25.7,76.0,96.6,70.1,True,
2026-03-08,P039,PEN07,92,45.28,135.6,1272.0,0.156,0.463,15,63.5,9,21,47,0,25.4,61.1,100.0,76.1,True,
2026-03-09,P039,PEN07,93,45.72,129.0,1318.0,0.17,0.457,14,58.5,8,25,39,0,24.8,63.9,94.2,72.7,True,
2026-03-10,P039,PEN07,94,45.99,136.7,1422.1,0.173,0.542,13,62.7,10,29,42,0,25.6,60.6,91.8,72.1,True,
2026-03-11,P039,PEN07,95,47.23,122.0,1218.6,0.166,0.481,12,53.3,8,22,47,1,24.9,62.4,99.8,64.2,True,
2026-03-12,P039,PEN07,96,48.25,141.3,1535.7,0.181,0.473,13,65.7,8,28,42,1,26.1,59.1,95.3,79.0,True,
2026-03-13,P039,PEN07,97,48.59,127.5,1347.3,0.176,0.505,12,58.4,10,29,42,0,25.3,63.0,96.1,69.5,True,
2026-03-14,P039,PEN07,98,50.06,112.1,1346.4,0.2,0.507,13,56.8,11,30,52,1,25.8,56.6,97.5,64.5,True,
2026-03-15,P039,PEN07,99,50.33,130.6,1573.4,0.201,0.53,13,72.7,10,29,49,0,24.3,55.3,97.6,79.9,True,
2026-03-16,P039,PEN07,100,50.66,122.7,1449.9,0.197,0.486,11,54.3,7,28,40,1,22.5,58.5,91.9,67.0,True,
2026-03-17,P039,PEN07,101,51.37,129.4,1353.2,0.174,0.537,14,54.6,7,34,45,2,23.1,58.0,92.2,62.5,True,
2026-03-18,P039,PEN07,102,52.4,110.1,1581.1,0.239,0.598,12,63.2,7,20,43,1,23.1,52.6,92.5,64.7,True,
2026-03-19,P039,PEN07,103,52.83,125.7,1004.3,0.133,0.557,13,63.4,9,26,40,1,21.9,58.1,88.1,64.3,True,
2026-03-20,P039,PEN07,104,53.29,98.4,1065.7,0.18,0.633,12,55.3,10,24,31,2,21.6,55.5,94.0,48.9,True,
2026-03-21,P039,PEN07,105,54.42,92.2,773.5,0.14,0.581,11,46.5,8,18,35,0,21.7,55.5,92.6,45.5,True,
2026-03-22,P039,PEN07,106,53.66,116.2,991.6,0.142,0.591,11,,5,24,41,0,20.7,56.7,96.6,58.8,True,
2026-03-23,P039,PEN07,107,55.24,87.8,1019.4,0.194,0.66,8,43.5,10,20,39,1,19.3,61.8,96.8,38.7,True,
2026-03-24,P039,PEN07,108,54.57,100.9,886.1,0.146,0.667,9,44.3,7,24,35,1,20.4,58.4,85.8,39.5,True,
2026-03-25,P039,PEN07,109,56.37,88.6,916.4,0.172,0.633,11,,7,18,40,1,19.4,61.5,92.8,49.4,True,
2026-03-26,P039,PEN07,110,57.36,91.4,768.2,0.14,0.612,11,52.5,9,24,31,0,19.3,59.9,92.1,47.2,True,
2026-03-27,P039,PEN07,111,57.6,86.4,1033.0,0.199,0.654,9,39.9,7,17,43,1,19.8,61.1,99.8,36.7,True,
2026-03-28,P039,PEN07,112,58.1,109.8,1035.1,0.157,0.666,12,50.9,6,23,43,0,19.8,61.3,91.3,48.2,True,
2026-03-29,P039,PEN07,113,59.84,133.3,1407.3,0.176,0.61,12,57.3,8,19,48,0,20.5,66.0,85.5,63.5,True,
2026-03-30,P039,PEN07,114,60.1,114.5,1002.6,0.146,0.616,14,52.2,6,25,45,0,21.6,61.9,95.7,52.8,True,
2026-03-31,P039,PEN07,115,61.45,128.1,1037.2,0.135,0.517,13,50.0,6,22,47,0,20.7,61.3,99.9,60.3,True,
2026-04-01,P039,PEN07,116,62.96,125.3,1142.7,0.152,0.564,13,52.0,6,27,41,1,20.6,68.4,89.1,57.7,True,
2026-04-02,P039,PEN07,117,62.5,122.1,1288.5,0.176,0.522,12,69.6,8,31,35,0,21.6,65.6,96.7,74.3,True,
2026-04-03,P039,PEN07,118,64.1,124.4,1180.7,0.158,0.587,13,53.8,8,33,44,1,22.9,67.6,92.2,57.6,True,
2026-04-04,P039,PEN07,119,63.75,129.6,1420.9,0.183,0.548,12,42.7,9,29,46,0,24.3,71.5,96.0,57.6,True,
2026-04-05,P039,PEN07,120,64.23,134.7,1333.1,0.165,0.518,12,54.2,8,31,44,2,22.9,61.8,92.2,64.2,True,
2026-04-06,P039,PEN07,121,65.49,106.5,1314.3,0.206,0.541,12,55.8,7,36,39,1,23.8,71.5,98.1,60.4,True,
2026-04-07,P039,PEN07,122,66.46,113.5,1104.8,0.162,0.561,12,52.9,9,26,41,1,24.9,66.2,96.3,56.2,True,
2026-04-08,P039,PEN07,123,67.47,128.2,1440.4,0.187,0.55,11,53.3,9,30,39,0,24.9,73.8,87.1,64.3,True,
2026-04-09,P039,PEN07,124,67.52,113.6,1338.5,0.196,0.563,14,54.4,7,24,36,0,25.6,69.2,98.3,60.8,True,
2026-04-10,P039,PEN07,125,68.92,122.1,1116.8,0.152,0.601,12,66.9,8,24,52,0,25.2,74.5,96.2,65.6,True,
2026-04-11,P039,PEN07,126,69.3,117.7,1476.3,0.209,0.56,12,49.8,7,24,39,1,25.2,72.1,92.7,58.7,True,
2026-03-01,P040,PEN08,89,42.25,118.0,1165.7,0.165,0.56,12,59.9,6,25,38,1,24.1,72.9,93.4,62.2,True,
2026-03-02,P040,PEN08,90,41.97,113.2,1150.4,0.169,0.494,11,58.8,9,23,37,1,25.4,73.9,97.7,64.8,True,
2026-03-03,P040,PEN08,91,43.78,124.4,1123.8,0.151,0.587,13,49.3,10,25,34,2,25.8,69.6,94.8,52.7,True,
2026-03-04,P040,PEN08,92,44.15,130.2,1089.1,0.139,0.575,12,44.6,9,23,30,0,26.6,68.7,100.0,53.9,True,
2026-03-05,P040,PEN08,93,43.84,120.3,1065.7,0.148,0.522,11,56.5,7,22,41,0,26.8,70.8,96.5,63.2,True,
2026-03-06,P040,PEN08,94,45.77,104.4,945.6,0.151,0.524,11,60.9,8,25,52,1,26.5,69.5,92.7,60.8,True,
2026-03-07,P040,PEN08,95,45.78,99.4,1333.3,0.224,0.583,11,52.2,5,25,39,0,26.2,69.6,90.6,55.8,True,
2026-03-08,P040,PEN08,96,46.7,116.8,1122.4,0.16,0.567,12,50.8,10,30,38,0,26.9,64.2,95.1,56.6,True,
2026-03-09,P040,PEN08,97,47.08,108.8,1171.7,0.179,0.512,13,57.9,8,19,36,0,27.6,64.1,91.7,64.0,True,
2026-03-10,P040,PEN08,98,47.99,121.5,929.1,0.127,0.631,13,42.8,7,26,44,1,26.6,65.6,94.8,44.6,True,
2026-03-11,P040,PEN08,99,50.06,114.2,1243.0,0.181,0.534,10,49.2,8,19,33,0,28.0,62.1,93.6,58.5,True,
2026-03-12,P040,PEN08,100,49.66,112.7,1209.6,0.179,0.637,12,52.8,9,23,38,0,26.3,60.2,97.0,53.6,True,
2026-03-13,P040,PEN08,101,50.49,132.4,1043.5,0.131,0.569,10,59.9,7,20,45,0,26.7,60.7,97.2,64.1,True,
2026-03-14,P040,PEN08,102,50.66,99.0,998.1,0.168,0.564,13,54.1,10,23,36,0,26.6,62.4,87.8,54.8,True,
2026-03-15,P040,PEN08,103,50.98,108.4,895.1,0.138,0.521,11,52.0,6,23,35,1,24.4,56.7,100.0,55.3,True,
2026-03-16,P040,PEN08,104,52.79,118.1,1161.6,0.164,0.575,13,53.3,6,24,42,0,25.8,59.2,92.7,58.3,True,
2026-03-17,P040,PEN08,105,53.22,99.7,1215.6,0.203,0.533,11,53.2,8,25,30,0,24.7,54.9,88.7,58.5,True,
2026-03-18,P040,PEN08,106,53.66,93.3,1309.8,0.234,0.524,12,46.1,7,15,36,0,22.6,59.0,91.8,54.4,True,
2026-03-19,P040,PEN08,107,54.52,119.5,965.8,0.135,0.554,14,55.8,7,24,42,0,24.0,57.4,96.9,59.5,True,
2026-03-20,P040,PEN08,108,55.87,99.9,1233.3,0.206,0.503,13,50.6,7,22,46,0,23.9,56.7,95.3,59.0,True,
2026-03-21,P040,PEN08,109,56.31,100.5,1273.3,0.211,0.507,11,55.3,9,26,32,0,23.4,47.9,90.3,62.3,True,
2026-03-22,P040,PEN08,110,56.82,118.3,1292.6,0.182,0.524,14,55.1,8,27,39,0,22.5,54.4,84.8,64.1,True,
2026-03-23,P040,PEN08,111,57.54,116.9,1547.0,0.221,0.516,11,54.5,8,22,38,0,23.6,53.9,100.0,66.6,True,
2026-03-24,P040,PEN08,112,57.98,98.8,1219.5,0.206,,12,57.5,10,25,44,0,21.5,57.2,86.1,57.6,True,
2026-03-25,P040,PEN08,113,58.92,127.8,1302.5,0.17,0.515,10,48.5,9,23,41,1,21.9,49.7,96.4,60.6,True,
2026-03-26,P040,PEN08,114,60.36,,1352.2,0.197,0.532,10,53.4,6,18,35,0,21.3,58.8,99.3,62.4,True,
2026-03-27,P040,PEN08,115,60.5,98.6,1330.6,0.225,0.573,12,50.6,8,29,46,0,22.3,62.3,95.6,55.3,True,
2026-03-28,P040,PEN08,116,61.67,96.0,1299.5,0.226,0.539,12,39.6,5,16,40,0,21.7,60.3,89.4,49.6,True,
2026-03-29,P040,PEN08,117,62.28,113.3,1180.4,0.174,0.555,11,55.6,8,20,38,0,21.0,58.2,100.0,60.5,True,
2026-03-30,P040,PEN08,118,62.69,119.6,1137.6,0.159,0.513,11,59.5,10,27,39,0,21.7,67.3,94.2,66.4,True,
2026-03-31,P040,PEN08,119,64.18,121.6,1127.0,0.154,0.572,13,40.9,5,30,26,1,22.2,66.0,92.1,49.2,True,
2026-04-01,P040,PEN08,120,63.21,110.8,1347.9,0.203,0.587,12,48.8,8,19,35,0,23.2,71.0,89.1,55.3,True,
2026-04-02,P040,PEN08,121,64.98,88.3,1121.3,0.212,0.511,10,51.6,8,22,37,0,23.5,66.2,100.0,56.2,True,
2026-04-03,P040,PEN08,122,64.89,106.1,1142.4,0.179,0.576,10,55.8,9,25,41,0,24.4,67.3,100.0,57.8,True,
2026-04-04,P040,PEN08,123,66.12,115.2,1074.0,0.155,0.551,11,49.0,9,21,41,0,22.8,72.3,95.7,55.7,True,
2026-04-05,P040,PEN08,124,66.78,112.2,984.0,0.146,0.551,14,51.8,8,23,41,1,25.3,64.5,100.0,54.7,True,
2026-04-06,P040,PEN08,125,68.19,99.1,1332.9,0.224,0.596,12,56.7,7,24,45,1,26.5,71.0,91.2,56.4,True,
2026-04-07,P040,PEN08,126,68.08,102.3,971.5,0.158,0.578,10,55.3,8,29,36,0,26.7,71.7,87.2,54.9,True,
2026-04-08,P040,PEN08,127,69.62,110.6,1245.4,0.188,0.523,13,56.0,8,19,40,1,26.1,69.7,98.7,61.7,True,
2026-04-09,P040,PEN08,128,70.31,106.1,1333.8,0.21,0.55,10,53.4,8,29,32,1,26.4,73.8,85.2,58.4,True,
2026-04-10,P040,PEN08,129,70.33,109.3,1115.9,0.17,0.549,11,50.8,9,28,36,0,27.2,71.2,91.2,56.4,True,
2026-04-11,P040,PEN08,130,72.15,130.6,1238.3,0.158,0.576,12,48.7,8,23,42,0,27.8,72.8,93.2,58.0,True,
2026-03-01,P041,PEN01,80,41.61,135.2,1431.9,0.177,0.472,13,50.9,8,34,49,0,24.8,69.8,100.0,68.9,True,
2026-03-02,P041,PEN01,81,42.02,136.7,1566.4,0.191,0.526,13,60.1,7,28,42,0,23.9,71.1,100.0,72.9,True,
2026-03-03,P041,PEN01,82,43.65,128.7,1467.5,0.19,0.426,14,60.9,8,29,44,0,24.7,71.0,100.0,77.7,True,
2026-03-04,P041,PEN01,83,45.14,120.2,1409.5,0.196,0.526,12,57.1,8,29,51,1,24.9,72.2,91.7,65.4,True,
2026-03-05,P041,PEN01,84,44.81,141.0,1415.8,0.167,0.5,12,53.7,6,40,45,0,25.7,71.0,88.9,69.7,True,
2026-03-06,P041,PEN01,85,44.95,143.1,1362.8,0.159,0.457,12,51.4,9,28,52,0,27.6,68.6,100.0,70.8,True,
2026-03-07,P041,PEN01,86,45.93,134.0,1468.2,0.183,0.504,11,60.1,9,31,51,0,26.2,68.0,84.5,72.9,True,
2026-03-08,P041,PEN01,87,45.88,131.4,1523.6,0.193,0.415,14,65.6,9,28,42,0,26.6,71.9,88.8,82.4,True,
2026-03-09,P041,PEN01,88,47.64,142.4,1396.5,0.163,0.395,13,56.6,10,32,54,0,25.9,69.1,96.8,78.4,True,
2026-03-10,P041,PEN01,89,47.47,144.9,1532.4,0.176,0.457,12,53.0,10,28,49,0,27.3,59.3,90.3,73.7,True,
2026-03-11,P041,PEN01,90,48.67,141.0,1408.8,0.166,0.474,14,57.6,8,31,47,0,27.1,61.7,99.9,73.8,True,
2026-03-12,P041,PEN01,91,48.82,130.4,1461.8,0.187,0.531,14,67.8,8,32,39,0,26.1,64.1,93.2,75.5,True,
2026-03-13,P041,PEN01,92,50.91,140.4,1487.4,0.177,0.457,11,60.4,9,26,50,0,26.2,59.9,89.4,77.4,True,
2026-03-14,P041,PEN01,93,51.6,144.9,1360.3,0.157,0.551,13,53.5,8,29,35,1,26.6,57.5,100.0,64.9,True,
2026-03-15,P041,PEN01,94,52.03,127.3,1346.5,0.176,0.456,11,55.8,7,36,47,0,26.6,59.0,92.6,70.9,True,
2026-03-16,P041,PEN01,95,51.85,131.5,1451.2,0.184,0.472,13,61.7,8,31,45,0,25.8,56.8,90.3,75.5,True,
2026-03-17,P041,PEN01,96,53.5,134.8,1340.5,0.166,0.505,14,63.5,9,37,46,0,24.5,53.9,91.2,73.9,True,
2026-03-18,P041,PEN01,97,53.77,129.9,1443.4,0.185,0.483,13,66.5,5,33,49,0,24.2,56.0,94.8,77.5,True,
2026-03-19,P041,PEN01,98,54.69,132.2,1261.0,0.159,0.519,13,69.4,9,32,52,0,22.6,61.9,92.1,75.7,True,
2026-03-20,P041,PEN01,99,54.87,143.0,1474.7,0.172,0.5,11,63.3,8,27,45,0,22.7,57.4,92.9,76.8,True,
2026-03-21,P041,PEN01,100,55.67,151.5,1447.7,0.159,0.485,12,60.9,8,36,47,0,21.8,52.5,90.3,77.3,True,
2026-03-22,P041,PEN01,101,56.9,132.4,1392.2,0.175,0.478,14,63.1,8,27,46,0,22.2,55.2,92.9,75.5,True,
2026-03-23,P041,PEN01,102,57.32,139.0,1256.0,0.151,0.477,13,60.5,7,26,46,0,21.8,54.9,97.8,73.6,True,
2026-03-24,P041,PEN01,103,57.93,135.9,1405.8,0.172,0.442,13,59.1,7,29,51,0,20.7,57.7,86.0,76.0,True,
2026-03-25,P041,PEN01,104,58.81,148.1,1527.1,0.172,0.498,13,62.4,9,27,42,0,20.9,55.5,85.3,77.7,True,
2026-03-26,P041,PEN01,105,59.35,116.2,1434.5,0.206,0.501,11,64.7,6,27,46,2,21.9,58.3,98.2,70.1,True,
2026-03-27,P041,PEN01,106,60.22,133.9,1454.7,0.181,0.428,14,66.5,10,34,47,0,20.7,53.1,96.6,81.9,True,
2026-03-28,P041,PEN01,107,61.57,140.6,1505.6,0.178,0.463,13,60.0,7,29,49,1,21.3,58.8,95.6,75.6,True,
2026-03-29,P041,PEN01,108,61.81,132.1,1518.6,0.192,0.485,14,54.5,7,28,43,0,21.0,57.8,89.4,70.8,True,
2026-03-30,P041,PEN01,109,62.61,135.3,1480.9,0.182,0.463,12,63.2,8,29,49,1,22.4,52.6,92.6,76.5,True,
2026-03-31,P041,PEN01,110,64.25,133.3,1609.8,0.201,0.492,15,66.0,7,28,40,1,21.2,64.6,100.0,77.4,True,
2026-04-01,P041,PEN01,111,63.86,119.2,1316.0,0.184,0.451,14,56.9,7,31,36,0,22.3,64.9,93.1,70.4,True,
2026-04-02,P041,PEN01,112,64.05,138.8,1407.9,0.169,0.518,12,61.2,6,24,46,0,22.9,66.1,100.0,72.9,True,
2026-04-03,P041,PEN01,113,65.46,133.3,1424.4,0.178,0.474,13,58.9,9,31,45,0,22.8,63.3,90.2,73.6,True,
2026-04-04,P041,PEN01,114,67.16,135.5,1510.2,0.186,0.527,14,53.6,9,19,38,0,23.9,68.7,96.7,67.9,True,
2026-04-05,P041,PEN01,115,67.18,133.4,1544.6,0.193,0.518,12,61.3,9,26,49,1,24.4,65.4,96.3,72.1,True,
2026-04-06,P041,PEN01,116,67.34,138.7,1337.2,0.161,0.591,12,62.2,9,29,47,0,25.1,68.5,97.1,68.1,True,
2026-04-07,P041,PEN01,117,67.82,130.4,1662.3,0.213,0.479,11,57.6,6,30,45,0,25.4,65.6,88.3,74.3,True,
2026-04-08,P041,PEN01,118,68.78,128.9,1428.1,0.185,0.497,14,66.0,9,26,34,0,25.1,68.8,87.1,76.0,True,
2026-04-09,P041,PEN01,119,69.77,131.0,1595.8,0.203,0.465,12,69.1,8,31,32,0,26.9,68.8,93.8,82.1,True,
2026-04-10,P041,PEN01,120,70.86,143.8,1190.2,0.138,0.525,12,61.7,8,30,48,2,27.7,72.9,92.8,68.6,True,
2026-04-11,P041,PEN01,121,71.3,133.0,1372.9,0.172,0.485,12,54.5,8,23,48,2,26.1,72.4,87.2,66.6,True,
2026-03-01,P042,PEN02,78,36.36,145.6,1800.0,0.206,0.432,14,63.6,10,34,50,3,22.4,69.6,96.3,80.8,True,
2026-03-02,P042,PEN02,79,36.96,,1256.5,0.144,0.418,12,58.5,8,28,41,0,23.9,66.9,87.0,77.3,True,
2026-03-03,P042,PEN02,80,36.99,151.6,1391.2,0.153,0.442,16,63.1,10,36,54,0,24.2,69.9,96.7,81.0,True,
2026-03-04,P042,PEN02,81,38.67,147.9,1686.5,0.19,0.498,12,73.6,8,33,52,1,24.2,72.0,88.5,85.1,True,
2026-03-05,P042,PEN02,82,38.43,157.8,1481.8,0.157,0.467,12,69.8,8,32,46,0,24.6,68.0,95.5,85.6,True,
2026-03-06,P042,PEN02,83,39.72,145.0,1548.8,0.178,0.43,13,73.6,7,34,55,2,26.8,73.0,88.9,86.3,True,
2026-03-07,P042,PEN02,84,40.43,142.6,1662.9,0.194,0.446,17,70.2,9,33,47,0,24.4,68.8,100.0,86.6,True,
2026-03-08,P042,PEN02,85,42.23,148.0,1518.8,0.171,0.489,14,70.0,10,34,46,0,25.8,68.3,93.5,83.1,True,
2026-03-09,P042,PEN02,86,41.68,156.5,1692.3,0.18,0.468,12,68.3,6,34,52,0,24.7,69.5,87.8,86.5,True,
2026-03-10,P042,PEN02,87,43.13,140.1,1522.1,0.181,0.489,11,64.5,8,32,43,0,25.3,63.1,90.9,78.3,True,
2026-03-11,P042,PEN02,88,43.52,158.2,1477.0,0.156,0.482,13,74.8,8,30,44,1,24.9,66.4,90.9,86.5,True,
2026-03-12,P042,PEN02,89,45.19,145.9,1660.5,0.19,0.488,12,57.0,10,26,53,1,25.0,61.1,98.5,74.4,True,
2026-03-13,P042,PEN02,90,45.25,156.0,1470.9,0.157,0.482,12,59.9,10,29,54,1,24.8,63.1,84.6,76.4,True,
2026-03-14,P042,PEN02,91,46.37,155.5,1649.2,0.177,0.473,17,65.8,5,32,47,0,25.3,61.8,90.7,84.0,True,
2026-03-15,P042,PEN02,92,46.27,151.9,1425.8,0.156,0.475,15,65.9,8,30,50,1,23.3,58.3,88.2,79.6,True,
2026-03-16,P042,PEN02,93,46.57,137.1,1593.8,0.194,0.434,11,65.8,10,30,44,0,24.5,55.2,94.9,83.0,True,
2026-03-17,P042,PEN02,94,47.92,,1413.5,0.166,0.385,13,53.9,7,27,55,2,23.3,56.2,88.0,74.6,True,
2026-03-18,P042,PEN02,95,49.08,147.6,1607.9,0.182,0.444,15,66.6,9,33,46,1,23.3,61.6,89.8,83.3,True,
2026-03-19,P042,PEN02,96,48.96,156.2,1469.0,0.157,0.446,13,70.9,8,32,50,1,22.3,54.8,97.8,85.9,True,
2026-03-20,P042,PEN02,97,49.13,149.3,1491.4,0.167,0.461,13,74.6,8,25,47,1,21.5,58.7,95.3,86.4,True,
2026-03-21,P042,PEN02,98,51.28,145.4,1541.0,0.177,0.503,14,70.9,6,38,61,0,21.5,58.5,90.4,82.6,True,
2026-03-22,P042,PEN02,99,52.04,160.0,1555.8,0.162,,14,59.0,8,35,61,1,20.0,56.9,95.1,78.7,True,
2026-03-23,P042,PEN02,100,52.4,160.0,1643.6,0.171,0.489,14,63.6,8,35,50,0,20.5,52.3,99.3,82.1,True,
2026-03-24,P042,PEN02,101,52.3,150.1,1593.4,0.177,0.423,15,64.6,8,24,48,0,20.1,57.2,90.7,85.0,True,
2026-03-25,P042,PEN02,102,53.53,157.1,1710.8,0.181,0.492,14,65.0,8,30,54,0,20.0,58.0,100.0,83.1,True,
2026-03-26,P042,PEN02,103,53.79,151.3,1654.6,0.182,0.418,13,70.5,8,34,48,0,18.6,55.6,96.2,89.9,True,
2026-03-27,P042,PEN02,104,55.74,140.5,1529.9,0.182,0.394,16,62.9,7,41,52,1,20.6,59.7,89.5,82.1,True,
2026-03-28,P042,PEN02,105,55.71,153.7,1432.7,0.155,0.418,16,67.2,9,28,54,0,19.4,61.3,92.0,85.9,True,
2026-03-29,P042,PEN02,106,56.2,155.7,1651.4,0.177,0.471,14,,9,33,57,0,18.8,66.5,94.9,82.5,True,
2026-03-30,P042,PEN02,107,56.67,148.2,1391.1,0.156,0.431,14,62.6,9,33,49,1,20.0,62.1,96.3,79.4,True,
2026-03-31,P042,PEN02,108,57.58,155.2,1557.6,0.167,0.487,15,68.3,10,27,54,0,21.4,62.5,100.0,83.7,True,
2026-04-01,P042,PEN02,109,59.12,,1649.5,0.172,0.511,14,75.1,7,37,55,0,20.5,65.0,95.4,88.2,True,
2026-04-02,P042,PEN02,110,58.94,149.2,1329.9,0.149,0.499,13,61.4,7,36,50,0,21.6,64.9,96.4,75.1,True,
2026-04-03,P042,PEN02,111,59.27,144.1,1546.2,0.179,0.409,13,62.8,8,36,56,2,22.8,67.1,100.0,80.5,True,
2026-04-04,P042,PEN02,112,60.55,156.9,1649.3,0.175,0.509,13,63.8,8,33,45,2,22.7,71.1,96.2,77.7,True,
2026-04-05,P042,PEN02,113,61.9,148.5,1551.8,0.174,0.468,17,63.4,6,31,58,0,23.4,70.4,96.3,80.6,True,
2026-04-06,P042,PEN02,114,62.19,144.6,1410.2,0.162,0.435,12,68.5,7,33,53,1,24.0,68.3,98.0,82.6,True,
2026-04-07,P042,PEN02,115,62.99,141.9,1724.3,0.203,0.494,15,74.6,9,32,45,0,24.7,70.7,94.7,86.8,True,
2026-04-08,P042,PEN02,116,63.57,148.7,1518.2,0.17,0.464,13,62.2,7,37,52,0,24.8,74.7,83.8,79.7,True,
2026-04-09,P042,PEN02,117,64.42,159.7,1389.7,0.145,0.445,13,73.0,9,30,54,2,25.4,72.8,96.9,85.6,True,
2026-04-10,P042,PEN02,118,65.57,147.2,1521.9,0.172,0.445,12,58.5,7,41,51,0,23.5,72.7,86.1,78.4,True,
2026-04-11,P042,PEN02,119,65.28,153.6,1582.8,0.172,0.439,12,70.2,9,33,60,0,25.4,69.3,85.3,88.0,True,
2026-03-01,P043,PEN03,81,52.9,144.1,1493.4,0.173,0.524,14,62.0,10,41,51,0,23.0,73.8,92.4,74.8,True,
2026-03-02,P043,PEN03,82,53.83,160.0,1510.3,0.157,0.434,16,60.3,7,30,51,0,24.4,71.6,89.2,82.2,True,
2026-03-03,P043,PEN03,83,54.13,160.0,1228.7,0.128,0.459,13,65.7,6,30,48,0,24.6,74.1,96.3,81.3,True,
2026-03-04,P043,PEN03,84,55.35,147.7,1511.4,0.171,0.46,12,63.1,8,36,49,0,25.4,71.8,100.0,80.3,True,
2026-03-05,P043,PEN03,85,55.7,139.7,1641.6,0.196,0.47,13,63.4,10,28,51,0,24.3,69.3,90.9,79.9,True,
2026-03-06,P043,PEN03,86,57.37,141.2,1463.2,0.173,0.439,15,68.4,7,31,43,0,24.8,64.6,85.7,83.6,True,
2026-03-07,P043,PEN03,87,57.02,146.1,1561.9,0.178,0.489,12,71.6,10,30,40,0,24.6,70.4,95.5,84.3,True,
2026-03-08,P043,PEN03,88,57.98,135.0,1692.9,0.209,0.543,16,59.5,9,32,46,0,25.5,62.3,99.6,72.4,True,
2026-03-09,P043,PEN03,89,59.15,126.2,1094.2,0.145,0.483,14,64.3,11,31,55,0,30.5,75.8,95.0,72.0,True,
2026-03-10,P043,PEN03,90,58.95,126.8,1342.7,0.177,0.583,14,67.2,8,37,42,0,29.9,71.7,97.8,69.9,True,
2026-03-11,P043,PEN03,91,60.07,121.6,1397.5,0.192,0.592,14,65.1,8,33,57,0,29.8,70.8,96.2,67.8,True,
2026-03-12,P043,PEN03,92,61.06,132.8,1449.6,0.182,0.521,12,56.5,11,37,50,0,31.1,66.4,93.5,69.1,True,
2026-03-13,P043,PEN03,93,61.65,145.2,1460.3,0.168,0.476,12,68.6,9,28,47,1,25.0,61.5,93.8,80.5,True,
2026-03-14,P043,PEN03,94,62.13,137.6,1363.2,0.165,0.447,13,58.5,7,34,49,0,26.6,58.1,95.8,75.2,True,
2026-03-15,P043,PEN03,95,62.4,149.8,1478.4,0.164,0.467,14,71.6,10,30,39,1,24.9,57.7,85.8,84.0,True,
2026-03-16,P043,PEN03,96,64.27,153.4,1467.5,0.159,0.45,13,60.4,8,33,53,0,24.7,57.9,86.6,79.7,True,
2026-03-17,P043,PEN03,97,64.95,160.0,1595.4,0.166,0.486,15,59.8,8,33,51,0,24.1,60.4,89.5,79.3,True,
2026-03-18,P043,PEN03,98,65.18,156.3,1377.2,0.147,0.475,15,74.2,11,31,40,1,22.6,52.7,87.4,85.2,True,
2026-03-19,P043,PEN03,99,66.12,144.3,1556.9,0.18,0.473,16,64.9,8,34,45,0,23.4,53.9,95.6,80.6,True,
2026-03-20,P043,PEN03,100,66.4,150.0,1612.7,0.179,0.498,13,72.1,8,33,49,1,21.2,58.6,91.3,83.7,True,
2026-03-21,P043,PEN03,101,66.82,122.9,1436.7,0.195,,13,62.3,7,34,40,1,21.9,59.9,80.9,72.9,True,
2026-03-22,P043,PEN03,102,68.14,149.0,1682.5,0.188,0.449,14,67.4,7,28,44,1,20.2,55.4,94.2,84.4,True,
2026-03-23,P043,PEN03,103,68.57,143.5,1719.1,0.2,0.467,13,62.9,9,40,39,0,19.7,53.1,93.3,81.2,True,
2026-03-24,P043,PEN03,104,69.05,143.5,1671.2,0.194,0.444,13,67.2,9,35,49,1,21.5,56.5,100.0,83.6,True,
2026-03-25,P043,PEN03,105,69.62,144.3,1579.4,0.182,0.465,13,56.7,9,31,47,1,19.3,56.3,89.2,74.7,True,
2026-03-26,P043,PEN03,106,70.67,150.2,1284.8,0.143,0.532,13,67.7,9,33,46,0,20.1,60.7,100.0,76.8,True,
2026-03-27,P043,PEN03,107,71.35,149.1,1500.0,0.168,0.494,13,65.5,8,30,52,1,20.2,55.3,94.7,78.4,True,
2026-03-28,P043,PEN03,108,72.42,144.7,1532.5,0.176,0.461,13,63.9,8,33,53,1,19.4,58.8,96.0,79.1,True,
2026-03-29,P043,PEN03,109,73.0,152.4,1387.7,0.152,0.474,16,63.5,6,32,48,1,20.9,63.2,87.3,77.8,True,
2026-03-30,P043,PEN03,110,74.14,137.4,1470.7,0.178,0.415,15,59.2,8,29,44,0,20.9,66.5,93.6,78.7,True,
2026-03-31,P043,PEN03,111,74.93,132.0,1499.6,0.189,0.47,13,58.4,7,23,50,0,21.3,67.4,88.6,74.0,True,
2026-04-01,P043,PEN03,112,74.04,139.0,1472.1,0.177,0.427,15,73.9,11,25,49,2,21.6,67.6,96.1,84.9,True,
2026-04-02,P043,PEN03,113,76.45,140.2,1449.9,0.172,0.518,12,56.3,9,35,57,0,22.0,65.3,83.0,70.4,True,
2026-04-03,P043,PEN03,114,76.0,151.1,1469.1,0.162,0.537,15,64.2,9,34,49,0,22.3,64.9,85.9,76.2,True,
2026-04-04,P043,PEN03,115,77.38,141.4,1606.9,0.189,0.451,14,71.6,8,29,47,0,23.4,72.5,91.7,86.4,True,
2026-04-05,P043,PEN03,116,78.13,143.6,1508.5,0.175,0.487,13,70.9,6,25,49,1,24.1,74.9,99.7,81.6,True,
2026-04-06,P043,PEN03,117,79.01,142.8,1439.2,0.168,0.498,12,62.3,7,35,47,0,23.9,69.6,98.9,75.9,True,
2026-04-07,P043,PEN03,118,79.41,139.5,1598.6,0.191,0.484,12,66.4,6,31,54,0,24.5,71.3,95.7,80.5,True,
2026-04-08,P043,PEN03,119,80.93,160.0,1437.1,0.15,0.508,11,53.7,7,33,43,0,26.2,74.1,94.8,72.3,True,
2026-04-09,P043,PEN03,120,80.77,128.6,1341.4,0.174,0.49,14,56.8,8,37,36,0,26.4,72.4,96.7,69.5,True,
2026-04-10,P043,PEN03,121,82.41,134.4,1529.7,0.19,0.521,13,75.8,10,37,38,0,25.3,74.2,95.4,82.7,True,
2026-04-11,P043,PEN03,122,82.39,143.2,1301.9,0.151,0.461,13,63.8,8,28,51,1,24.7,73.0,94.7,76.6,True,
2026-03-01,P044,PEN04,80,48.23,153.5,1501.0,0.163,0.391,15,66.8,7,27,54,0,24.8,70.4,100.0,88.1,True,
2026-03-02,P044,PEN04,81,48.13,155.8,1714.9,0.183,0.41,15,65.4,8,38,47,0,24.5,71.0,90.5,88.5,True,
2026-03-03,P044,PEN04,82,48.47,154.4,1586.1,0.171,0.472,13,67.3,10,29,53,1,25.1,68.4,90.1,82.7,True,
2026-03-04,P044,PEN04,83,49.73,155.5,1584.6,0.17,0.43,16,69.3,8,32,39,0,26.5,67.9,97.2,88.3,True,
2026-03-05,P044,PEN04,84,50.4,157.7,1682.8,0.178,0.415,14,62.5,7,34,51,1,25.8,71.2,98.3,84.8,True,
2026-03-06,P044,PEN04,85,51.43,129.4,1346.1,0.173,0.428,12,61.2,8,39,52,1,26.1,75.1,87.5,75.2,True,
2026-03-07,P044,PEN04,86,51.12,151.2,1483.4,0.164,0.496,15,80.1,9,34,56,1,26.8,67.7,89.0,87.9,True,
2026-03-08,P044,PEN04,87,52.92,141.9,1587.0,0.186,0.424,12,64.3,10,32,59,1,27.8,66.0,100.0,81.9,True,
2026-03-09,P044,PEN04,88,53.08,137.5,1544.1,0.187,0.423,16,56.9,11,29,53,0,32.1,76.2,95.4,77.5,True,
2026-03-10,P044,PEN04,89,53.02,146.3,1592.5,0.181,0.537,12,69.1,11,30,54,0,31.1,69.9,94.0,79.9,True,
2026-03-11,P044,PEN04,90,54.87,122.9,1410.2,0.191,0.482,12,67.4,10,35,48,0,32.3,66.6,91.2,76.8,True,
2026-03-12,P044,PEN04,91,55.32,118.4,1416.8,0.199,0.545,13,69.1,9,31,52,0,31.8,68.6,89.6,73.1,True,
2026-03-13,P044,PEN04,92,55.6,151.9,1596.9,0.175,0.472,13,71.8,6,31,55,0,26.5,59.8,98.4,86.8,True,
2026-03-14,P044,PEN04,93,57.41,134.5,1569.2,0.194,0.487,15,66.3,8,28,47,0,26.7,61.8,90.8,79.1,True,
2026-03-15,P044,PEN04,94,57.57,155.1,1522.4,0.164,0.453,14,64.8,8,31,54,0,26.0,51.3,92.9,83.2,True,
2026-03-16,P044,PEN04,95,58.35,156.4,1606.2,0.171,0.44,15,74.6,6,31,48,0,25.4,60.2,98.1,91.4,True,
2026-03-17,P044,PEN04,96,59.17,159.5,1655.4,0.173,0.505,15,58.3,7,30,61,2,24.4,58.6,95.7,74.8,True,
2026-03-18,P044,PEN04,97,60.53,160.0,1572.6,0.164,0.429,12,71.6,9,35,49,0,23.6,59.6,98.5,90.5,True,
2026-03-19,P044,PEN04,98,60.23,160.0,1800.0,0.188,0.477,15,70.4,10,37,54,0,23.7,57.8,89.5,88.9,True,
2026-03-20,P044,PEN04,99,61.01,143.8,1800.0,0.209,0.478,16,58.6,7,22,47,1,22.8,58.5,93.3,77.1,True,
2026-03-21,P044,PEN04,100,62.01,,1620.1,0.169,0.474,13,68.1,7,35,52,0,24.2,53.1,97.6,85.8,True,
2026-03-22,P044,PEN04,101,63.06,135.0,1633.3,0.202,0.527,16,78.7,10,36,50,1,22.7,50.9,94.1,83.9,True,
2026-03-23,P044,PEN04,102,63.53,153.3,1684.9,0.183,0.492,15,66.2,8,34,49,1,21.3,57.8,95.6,81.5,True,
2026-03-24,P044,PEN04,103,65.16,158.2,1749.0,0.184,0.454,15,71.0,9,27,48,1,22.9,58.3,81.1,88.5,True,
2026-03-25,P044,PEN04,104,64.81,148.3,1580.6,0.178,0.484,14,65.1,10,28,47,2,20.9,62.7,94.3,78.1,True,
2026-03-26,P044,PEN04,105,66.04,143.6,1536.8,0.178,0.489,14,68.3,9,25,51,0,21.2,60.7,94.3,81.5,True,
2026-03-27,P044,PEN04,106,65.96,160.0,1591.3,0.166,0.484,14,63.6,8,33,49,1,22.3,56.6,86.6,80.5,True,
2026-03-28,P044,PEN04,107,66.6,152.4,1606.7,0.176,0.437,13,67.9,9,28,43,0,21.9,54.7,97.9,86.7,True,
2026-03-29,P044,PEN04,108,67.24,155.9,1459.4,0.156,0.477,14,71.3,8,33,46,1,21.3,59.8,87.9,84.0,True,
2026-03-30,P044,PEN04,109,67.86,135.3,1463.5,0.18,0.469,16,66.7,8,25,52,0,23.1,67.7,98.2,79.6,True,
2026-03-31,P044,PEN04,110,69.02,142.6,1613.1,0.188,0.517,12,52.9,8,38,50,0,21.9,64.4,95.2,70.2,True,
2026-04-01,P044,PEN04,111,70.24,148.6,1520.4,0.17,0.428,14,73.3,7,39,42,0,23.1,64.5,95.4,89.4,True,
2026-04-02,P044,PEN04,112,70.93,151.2,1718.2,0.189,0.465,13,62.0,9,34,55,0,24.3,65.6,90.4,82.0,True,
2026-04-03,P044,PEN04,113,71.73,144.7,1487.6,0.171,0.426,14,66.2,9,37,52,0,24.4,70.0,88.6,83.8,True,
2026-04-04,P044,PEN04,114,71.82,155.6,1592.0,0.171,0.481,15,61.4,11,29,46,0,25.2,68.1,91.2,79.9,True,
2026-04-05,P044,PEN04,115,72.95,155.7,1349.4,0.144,0.456,11,61.7,8,39,53,1,25.4,67.7,92.7,78.0,True,
2026-04-06,P044,PEN04,116,73.52,147.4,1469.2,0.166,0.512,13,75.1,10,30,47,1,26.0,69.1,99.4,82.9,True,
2026-04-07,P044,PEN04,117,74.15,158.7,1438.5,0.151,,13,68.3,9,34,51,0,27.2,71.1,99.8,86.3,True,
2026-04-08,P044,PEN04,118,74.58,151.0,1431.8,0.158,0.467,14,64.8,8,39,45,0,24.2,68.3,97.1,80.8,True,
2026-04-09,P044,PEN04,119,75.31,141.6,1684.3,0.198,0.443,15,77.3,7,32,53,0,27.1,75.8,94.4,91.4,True,
2026-04-10,P044,PEN04,120,76.28,144.6,1615.9,0.186,0.422,14,60.9,7,36,60,0,26.7,73.4,87.8,81.9,True,
2026-04-11,P044,PEN04,121,76.69,152.1,1603.5,0.176,0.435,13,74.6,8,38,53,0,27.3,69.0,95.1,91.1,True,
2026-03-01,P045,PEN05,85,43.29,130.9,1448.8,0.184,0.509,12,56.4,10,25,37,0,22.3,77.3,94.9,69.5,True,
2026-03-02,P045,PEN05,86,44.1,122.8,1536.6,0.209,0.525,15,66.1,10,28,51,0,23.3,75.3,93.7,74.4,True,
2026-03-03,P045,PEN05,87,44.73,140.3,1482.5,0.176,0.515,15,57.4,9,26,39,1,23.9,67.3,89.1,70.2,True,
2026-03-04,P045,PEN05,88,45.59,138.2,1295.6,0.156,0.531,13,61.5,8,23,42,1,24.9,67.6,89.9,69.6,True,
2026-03-05,P045,PEN05,89,45.63,154.1,1449.8,0.157,0.449,16,,8,29,45,1,25.6,74.1,82.4,77.6,True,
2026-03-06,P045,PEN05,90,46.82,124.5,1292.2,0.173,0.518,15,56.9,7,20,42,1,24.6,64.4,100.0,65.3,True,
2026-03-07,P045,PEN05,91,46.96,128.0,1395.5,0.182,0.508,14,58.3,6,35,49,0,25.6,69.7,93.4,69.9,True,
2026-03-08,P045,PEN05,92,48.04,145.1,1291.4,0.148,0.521,15,56.0,8,34,32,1,26.8,64.6,87.8,67.8,True,
2026-03-09,P045,PEN05,93,48.95,134.8,1564.9,0.193,,16,54.1,6,23,42,0,25.3,62.9,89.3,71.6,True,
2026-03-10,P045,PEN05,94,48.37,123.5,1209.4,0.163,0.566,12,56.9,9,27,43,0,24.9,66.5,100.0,62.6,True,
2026-03-11,P045,PEN05,95,50.43,122.1,1377.3,0.188,0.521,13,66.2,10,28,46,0,25.8,61.0,99.9,73.0,True,
2026-03-12,P045,PEN05,96,50.52,128.5,1432.9,0.186,0.467,12,49.7,8,31,37,1,24.9,65.3,89.7,65.9,True,
2026-03-13,P045,PEN05,97,51.71,133.5,1376.3,0.172,0.482,11,56.4,7,33,53,0,25.6,66.6,98.1,70.9,True,
2026-03-14,P045,PEN05,98,51.88,125.0,1086.3,0.145,0.504,13,57.6,7,26,47,0,25.1,61.5,97.3,66.0,True,
2026-03-15,P045,PEN05,99,53.24,133.7,1244.2,0.155,0.451,13,52.6,7,33,41,0,24.4,51.4,93.8,69.3,True,
2026-03-16,P045,PEN05,100,53.82,140.6,1429.4,0.169,0.467,13,59.2,8,33,45,2,23.3,62.9,98.2,72.6,True,
2026-03-17,P045,PEN05,101,54.52,122.1,,0.181,0.509,14,57.5,7,22,44,1,24.2,57.6,98.1,66.2,True,
2026-03-18,P045,PEN05,102,55.01,136.1,1454.6,0.178,0.551,13,56.9,9,30,35,2,22.8,57.3,98.5,65.2,True,
2026-03-19,P045,PEN05,103,55.88,134.3,1363.3,0.169,0.454,13,62.9,8,21,42,0,21.9,54.1,98.5,77.0,True,
2026-03-20,P045,PEN05,104,56.02,120.6,1564.2,0.216,0.472,13,50.2,9,27,41,1,22.0,55.0,93.0,66.0,True,
2026-03-21,P045,PEN05,105,58.01,141.3,1329.6,0.157,0.505,16,58.4,9,25,42,0,22.3,54.7,108.0,71.5,False,coverage_out_of_range
2026-03-22,P045,PEN05,106,58.6,142.2,1379.1,0.162,0.491,13,73.7,7,29,46,1,20.2,52.7,87.5,81.6,True,
2026-03-23,P045,PEN05,107,58.59,121.2,1522.8,0.209,0.478,9,58.0,7,31,41,1,21.4,54.6,92.9,70.3,True,
2026-03-24,P045,PEN05,108,60.32,138.9,1317.4,0.158,0.502,13,54.8,7,30,40,0,20.7,56.2,92.6,68.9,True,
2026-03-25,P045,PEN05,109,60.04,148.3,1449.7,0.163,0.499,11,55.9,10,25,43,0,21.3,51.1,98.4,72.6,True,
2026-03-26,P045,PEN05,110,60.68,126.8,1371.7,0.18,0.482,13,65.9,10,18,41,2,21.1,59.7,87.1,73.2,True,
2026-03-27,P045,PEN05,111,62.16,136.3,1331.2,0.163,0.505,14,72.1,9,26,45,0,21.5,59.1,89.4,79.7,True,
2026-03-28,P045,PEN05,112,61.99,131.8,1340.0,0.169,0.494,14,57.3,8,26,45,0,21.1,59.7,90.4,70.1,True,
2026-03-29,P045,PEN05,113,63.55,136.7,1353.6,0.165,0.503,13,61.7,7,29,53,1,20.9,60.4,91.6,71.9,True,
2026-03-30,P045,PEN05,114,64.32,128.6,1400.8,0.182,0.473,14,55.6,10,31,42,0,22.1,62.7,100.0,70.5,True,
2026-03-31,P045,PEN05,115,64.13,139.9,1503.2,0.179,0.443,15,57.2,8,31,42,0,21.4,59.5,87.1,76.3,True,
2026-04-01,P045,PEN05,116,65.14,129.9,1287.0,0.165,0.497,14,57.7,7,28,41,0,20.5,66.0,88.5,69.3,True,
2026-04-02,P045,PEN05,117,65.86,126.7,1414.2,0.186,0.47,13,62.7,8,31,44,0,22.0,70.0,91.8,75.1,True,
2026-04-03,P045,PEN05,118,67.16,142.6,1234.0,0.144,0.472,14,65.8,8,31,49,0,21.8,61.7,89.9,77.8,True,
2026-04-04,P045,PEN05,119,67.32,121.0,1591.2,0.219,0.556,12,60.0,9,27,46,3,23.1,72.7,88.9,64.5,True,
2026-04-05,P045,PEN05,120,68.51,136.8,1411.3,0.172,0.515,12,59.9,8,28,41,1,24.1,72.4,91.6,70.5,True,
2026-04-06,P045,PEN05,121,68.95,134.0,1404.5,0.175,0.503,11,60.0,9,33,38,0,22.8,74.1,96.9,72.3,True,
2026-04-07,P045,PEN05,122,70.29,137.1,1403.5,0.171,0.511,13,60.4,7,27,39,0,22.9,76.0,96.9,72.5,True,
2026-04-08,P045,PEN05,123,70.24,141.3,1526.3,0.18,0.499,12,64.6,10,34,40,0,25.1,65.6,100.0,77.9,True,
2026-04-09,P045,PEN05,124,70.33,127.3,1357.8,0.178,0.491,14,56.3,8,22,49,1,25.0,73.4,100.0,67.8,True,
2026-04-10,P045,PEN05,125,71.28,122.7,1392.2,0.189,0.473,13,53.4,8,29,44,0,25.4,72.9,88.6,68.0,True,
2026-04-11,P045,PEN05,126,72.19,135.1,1275.3,0.157,0.475,11,63.8,6,29,37,1,25.7,70.0,95.7,74.1,True,
2026-03-01,P046,PEN06,88,34.55,70.7,958.0,0.226,0.621,11,37.1,7,31,40,0,22.8,67.7,87.3,35.1,True,
2026-03-02,P046,PEN06,89,37.01,89.4,1096.6,0.205,0.604,9,33.0,5,23,32,0,23.3,71.4,93.3,38.0,True,
2026-03-03,P046,PEN06,90,37.03,119.7,965.7,0.134,0.565,7,38.8,7,16,32,0,24.7,68.7,87.8,47.8,True,
2026-03-04,P046,PEN06,91,37.23,85.8,913.3,0.177,0.603,11,55.3,11,27,37,1,23.7,72.7,93.6,48.7,True,
2026-03-05,P046,PEN06,92,39.0,97.6,1038.2,0.177,0.613,11,42.0,7,26,32,1,24.3,69.5,88.7,42.6,True,
2026-03-06,P046,PEN06,93,38.96,86.9,1073.3,0.206,0.571,10,44.1,6,22,38,0,26.6,72.5,94.7,46.6,True,
2026-03-07,P046,PEN06,94,40.04,110.0,910.6,0.138,0.55,11,49.7,9,19,42,0,26.5,64.4,100.0,53.8,True,
2026-03-08,P046,PEN06,95,40.51,91.2,1196.1,0.219,0.605,10,46.5,7,23,40,0,25.9,62.2,94.3,48.0,True,
2026-03-09,P046,PEN06,96,41.13,104.3,1086.5,0.174,0.558,11,51.2,7,29,40,0,26.2,69.4,89.1,55.0,True,
2026-03-10,P046,PEN06,97,41.31,94.1,1131.4,0.2,0.638,9,47.2,9,20,33,0,27.0,64.7,92.6,46.1,True,
2026-03-11,P046,PEN06,98,42.4,89.2,781.3,0.146,0.545,13,40.9,6,19,33,0,24.7,61.5,93.7,43.8,True,
2026-03-12,P046,PEN06,99,43.16,82.2,1061.8,0.215,0.604,12,47.9,9,22,34,0,25.5,62.8,92.8,46.1,True,
2026-03-13,P046,PEN06,100,43.93,91.1,1157.1,0.212,0.607,10,41.3,9,16,37,0,24.6,57.6,92.1,44.0,True,
2026-03-14,P046,PEN06,101,44.38,89.6,730.9,0.136,0.513,11,52.2,8,19,30,0,24.4,64.4,99.0,52.7,True,
2026-03-15,P046,PEN06,102,46.02,90.1,1161.1,0.215,0.543,12,40.6,9,20,44,1,24.7,55.1,96.5,46.2,True,
2026-03-16,P046,PEN06,103,46.42,89.2,1076.8,0.201,0.609,11,49.6,6,13,40,0,22.7,61.4,87.8,48.1,True,
2026-03-17,P046,PEN06,104,47.44,107.5,978.7,0.152,0.624,11,46.9,9,28,38,0,23.2,60.8,89.4,47.4,True,
2026-03-18,P046,PEN06,105,47.7,78.1,1083.5,0.231,0.546,11,36.5,12,22,40,1,23.1,52.4,100.0,40.7,True,
2026-03-19,P046,PEN06,106,48.23,87.2,1113.4,0.213,0.579,9,48.1,6,18,40,0,23.8,53.2,95.5,49.2,True,
2026-03-20,P046,PEN06,107,49.7,102.3,967.7,0.158,0.589,12,43.5,11,28,34,3,22.6,54.3,95.7,42.3,True,
2026-03-21,P046,PEN06,108,49.48,96.9,1060.4,0.182,0.648,12,45.5,8,14,38,2,21.6,48.1,93.5,41.3,True,
2026-03-22,P046,PEN06,109,50.96,,1031.9,0.209,0.608,12,33.7,5,20,41,0,21.6,60.6,99.7,36.4,True,
2026-03-23,P046,PEN06,110,50.36,83.0,867.5,0.174,0.564,12,50.8,9,10,28,0,20.2,55.0,97.2,48.8,True,
2026-03-24,P046,PEN06,111,52.31,100.7,973.2,0.161,0.58,13,35.9,7,18,29,0,20.6,57.7,93.7,41.9,True,
2026-03-25,P046,PEN06,112,52.83,99.9,1162.8,0.194,0.523,10,51.0,9,16,37,1,19.4,56.9,86.3,55.9,True,
2026-03-26,P046,PEN06,113,53.24,83.3,967.1,0.194,0.609,10,54.1,8,18,21,0,20.6,58.7,95.6,49.1,True,
2026-03-27,P046,PEN06,114,54.28,107.3,1073.2,0.167,0.641,11,40.0,7,23,34,0,20.3,54.0,96.9,42.8,True,
2026-03-28,P046,PEN06,115,54.47,91.2,837.7,0.153,0.57,11,51.1,10,19,35,0,20.8,66.2,91.6,49.7,True,
2026-03-29,P046,PEN06,116,55.18,85.4,1085.4,0.212,0.566,11,53.7,8,20,28,0,19.9,60.7,100.0,53.1,True,
2026-03-30,P046,PEN06,117,56.27,86.8,987.8,0.19,0.57,10,53.6,5,16,40,1,20.5,56.9,100.0,50.7,True,
2026-03-31,P046,PEN06,118,56.12,95.6,1014.6,0.177,0.561,10,53.0,7,23,35,0,22.4,67.7,91.4,53.9,True,
2026-04-01,P046,PEN06,119,57.25,92.9,996.3,0.179,0.634,12,46.6,5,24,37,3,21.9,64.1,88.0,40.2,True,
2026-04-02,P046,PEN06,120,58.59,98.5,1065.3,0.18,0.581,10,51.3,6,25,33,0,22.6,66.7,96.2,52.5,True,
2026-04-03,P046,PEN06,121,58.97,100.7,1131.2,0.187,,10,51.3,8,16,36,0,22.9,67.4,100.0,53.0,True,
2026-04-04,P046,PEN06,122,59.55,95.1,992.4,0.174,0.569,11,44.4,8,20,35,0,24.3,71.6,88.2,47.5,True,
2026-04-05,P046,PEN06,123,60.12,93.7,878.2,0.156,0.534,13,35.5,8,26,35,0,22.8,73.7,94.4,42.6,True,
2026-04-06,P046,PEN06,124,60.77,92.0,965.5,0.175,0.505,11,49.7,7,18,36,1,23.7,67.4,92.0,52.9,True,
2026-04-07,P046,PEN06,125,62.17,88.8,1032.0,0.194,0.58,12,35.5,8,19,31,0,24.6,75.8,100.0,40.4,True,
2026-04-08,P046,PEN06,126,62.32,75.9,1173.2,0.258,0.608,12,40.3,8,22,34,0,25.9,66.2,99.7,41.1,True,
2026-04-09,P046,PEN06,127,62.78,86.9,900.2,0.173,0.582,11,49.1,8,17,36,0,25.5,71.7,94.0,47.5,True,
2026-04-10,P046,PEN06,128,63.61,93.5,936.5,0.167,0.611,9,41.6,11,26,30,0,24.9,68.2,95.7,42.1,True,
2026-04-11,P046,PEN06,129,65.22,92.4,984.0,0.178,0.57,12,49.0,7,22,37,0,26.8,65.7,88.9,49.9,True,
2026-03-01,P047,PEN07,85,42.39,160.0,1774.6,0.185,0.437,14,73.5,7,24,49,1,22.6,66.4,93.6,91.8,True,
2026-03-02,P047,PEN07,86,42.25,160.0,1518.1,0.158,0.39,13,62.5,7,36,51,0,23.3,78.6,85.0,86.5,True,
2026-03-03,P047,PEN07,87,44.72,146.6,1731.5,0.197,0.433,12,76.3,7,31,51,0,23.0,70.7,95.1,92.7,True,
2026-03-04,P047,PEN07,88,45.48,148.7,1757.3,0.197,0.474,14,72.9,9,30,49,2,23.7,70.4,98.0,85.6,True,
2026-03-05,P047,PEN07,89,46.11,155.8,1698.8,0.182,0.483,14,73.2,9,29,58,0,24.2,73.8,91.1,88.6,True,
2026-03-06,P047,PEN07,90,46.83,160.0,1553.3,0.162,0.481,13,73.4,9,38,56,1,25.9,60.9,85.9,86.7,True,
2026-03-07,P047,PEN07,91,46.97,157.4,1562.6,0.165,0.374,16,80.3,10,33,51,0,25.6,67.3,100.0,99.2,True,
2026-03-08,P047,PEN07,92,46.98,160.0,1800.0,0.188,0.468,14,70.8,8,36,49,0,26.6,66.6,95.9,89.7,True,
2026-03-09,P047,PEN07,93,47.57,157.7,1605.8,0.17,0.408,15,74.5,9,37,54,2,25.8,65.7,97.6,90.9,True,
2026-03-10,P047,PEN07,94,49.33,149.5,1800.0,0.201,0.497,14,74.0,4,32,53,3,24.7,63.1,98.2,84.0,True,
2026-03-11,P047,PEN07,95,49.29,160.0,1800.0,0.188,0.417,15,70.4,6,37,58,1,24.9,68.4,100.0,91.3,True,
2026-03-12,P047,PEN07,96,50.2,160.0,1779.6,0.185,0.446,14,74.0,9,25,55,0,25.6,60.9,83.8,93.0,True,
2026-03-13,P047,PEN07,97,51.17,160.0,1590.9,0.166,0.383,13,65.9,7,37,49,1,23.6,63.9,100.0,88.6,True,
2026-03-14,P047,PEN07,98,52.39,160.0,1735.7,0.181,0.435,17,68.9,10,28,50,0,25.0,63.1,98.3,90.0,True,
2026-03-15,P047,PEN07,99,52.25,160.0,1788.6,0.186,0.416,15,74.4,6,38,60,0,24.2,58.1,94.2,95.3,True,
2026-03-16,P047,PEN07,100,52.87,158.9,1685.7,0.177,0.461,15,,9,34,57,2,25.3,54.9,100.0,82.6,True,
2026-03-17,P047,PEN07,101,54.3,158.9,1609.0,0.169,0.488,14,75.8,8,34,59,0,22.6,62.3,98.5,89.6,True,
2026-03-18,P047,PEN07,102,54.65,160.0,1800.0,0.188,0.445,17,76.0,8,35,65,1,23.8,58.0,90.3,93.2,True,
2026-03-19,P047,PEN07,103,55.14,160.0,1613.9,0.168,0.446,14,61.5,5,43,58,1,22.5,57.4,92.0,81.8,True,
2026-03-20,P047,PEN07,104,56.55,143.6,1785.5,0.207,0.437,15,75.5,9,41,45,0,21.2,58.5,97.2,92.0,True,
2026-03-21,P047,PEN07,105,57.09,151.2,1641.9,0.181,0.463,13,74.0,7,33,49,2,21.6,52.2,95.4,86.3,True,
2026-03-22,P047,PEN07,106,57.87,160.0,1711.4,0.178,0.409,17,72.0,6,30,59,0,20.6,55.5,94.6,93.5,True,
2026-03-23,P047,PEN07,107,57.79,160.0,1701.4,0.177,0.4,15,60.5,8,37,57,0,19.8,56.3,98.4,86.4,True,
2026-03-24,P047,PEN07,108,59.33,157.5,1625.2,0.172,0.529,13,68.3,8,45,49,0,19.6,55.0,86.2,82.0,True,
2026-03-25,P047,PEN07,109,59.49,160.0,1538.3,0.16,0.484,12,66.3,10,38,52,0,20.2,57.9,100.0,83.1,True,
2026-03-26,P047,PEN07,110,59.79,160.0,1610.2,0.168,0.484,16,75.0,7,33,59,2,20.4,61.3,100.0,86.6,True,
2026-03-27,P047,PEN07,111,61.22,160.0,1566.8,0.163,0.416,15,75.4,9,43,59,0,20.6,59.9,94.3,93.7,True,
2026-03-28,P047,PEN07,112,62.37,156.3,1708.2,0.182,0.428,14,73.8,6,36,55,0,19.8,70.1,96.1,92.7,True,
2026-03-29,P047,PEN07,113,63.32,160.0,1800.0,0.188,0.414,17,64.2,8,37,51,0,21.3,64.6,85.3,89.0,True,
2026-03-30,P047,PEN07,114,63.21,160.0,1651.5,0.172,0.385,15,63.2,9,35,59,0,20.6,61.8,84.6,88.7,True,
2026-03-31,P047,PEN07,115,64.2,160.0,1534.7,0.16,0.376,16,64.3,8,29,60,0,22.1,65.6,90.8,88.8,True,
2026-04-01,P047,PEN07,116,64.18,160.0,1800.0,0.188,0.43,15,78.7,7,35,53,0,21.9,62.9,98.6,97.3,True,
2026-04-02,P047,PEN07,117,64.98,160.0,1792.4,0.187,0.435,17,69.4,7,32,65,0,22.0,65.4,92.1,90.9,True,
2026-04-03,P047,PEN07,118,66.35,160.0,1701.3,0.177,0.418,16,77.4,8,32,58,0,22.6,69.1,89.2,96.3,True,
2026-04-04,P047,PEN07,119,66.35,160.0,1488.9,0.155,0.424,15,72.5,5,29,48,1,22.9,68.9,88.0,89.2,True,
2026-04-05,P047,PEN07,120,68.27,160.0,1637.5,0.171,0.391,15,,9,34,53,1,22.8,66.1,98.1,89.6,True,
2026-04-06,P047,PEN07,121,67.72,160.0,1800.0,0.188,0.457,14,81.3,8,41,60,0,23.4,67.6,91.7,97.3,True,
2026-04-07,P047,PEN07,122,69.59,159.5,1791.7,0.187,0.414,13,75.5,10,42,56,0,25.1,72.0,89.9,96.1,True,
2026-04-08,P047,PEN07,123,69.47,150.9,1710.9,0.189,0.457,17,73.6,8,34,57,1,24.0,67.5,86.8,88.4,True,
2026-04-09,P047,PEN07,124,70.29,157.3,1754.7,0.186,0.455,14,79.3,7,36,56,0,25.5,70.3,94.6,95.2,True,
2026-04-10,P047,PEN07,125,71.41,160.0,1763.6,0.184,0.364,13,74.3,10,31,54,1,25.3,68.9,96.7,97.0,True,
2026-04-11,P047,PEN07,126,71.91,160.0,1720.6,0.179,0.455,17,68.0,8,29,52,1,25.2,70.7,85.1,86.6,True,
2026-03-01,P048,PEN08,86,38.49,68.1,554.6,0.136,0.708,6,38.2,8,3,22,1,24.0,75.0,93.0,24.3,True,
2026-03-02,P048,PEN08,87,39.46,40.1,513.1,0.213,0.651,8,31.9,11,15,26,1,23.4,72.6,96.4,19.1,True,
2026-03-03,P048,PEN08,88,39.92,53.3,585.3,0.183,0.696,5,37.2,9,15,18,0,26.2,69.4,94.0,23.8,True,
2026-03-04,P048,PEN08,89,39.86,45.6,667.4,0.244,0.637,8,32.0,8,11,31,0,28.2,67.1,90.2,23.9,True,
2026-03-05,P048,PEN08,90,41.15,43.1,758.0,0.293,0.641,9,28.4,11,7,14,1,24.8,69.9,98.6,20.3,True,
2026-03-06,P048,PEN08,91,41.51,68.5,376.9,0.092,0.687,9,25.5,6,13,28,1,26.4,74.8,93.3,15.8,True,
2026-03-07,P048,PEN08,92,42.23,66.1,605.3,0.153,0.668,8,35.6,9,9,29,1,27.2,71.1,93.2,25.4,True,
2026-03-08,P048,PEN08,93,42.73,58.4,363.7,0.104,0.666,8,36.6,8,14,25,0,27.4,67.8,92.3,24.0,True,
2026-03-09,P048,PEN08,94,44.16,65.8,664.2,0.168,0.688,8,24.4,8,12,18,0,27.8,68.6,89.5,18.8,True,
2026-03-10,P048,PEN08,95,45.3,62.6,511.3,0.136,0.622,8,39.5,8,14,17,0,28.3,66.1,98.9,30.9,True,
2026-03-11,P048,PEN08,96,45.42,56.8,804.9,0.236,0.663,7,36.1,8,10,28,1,27.5,60.4,88.8,26.6,True,
2026-03-12,P048,PEN08,97,46.16,59.7,676.9,0.189,,8,24.9,8,15,21,1,27.0,60.2,95.1,19.0,True,
2026-03-13,P048,PEN08,98,46.41,59.5,530.1,0.149,0.595,11,42.4,9,9,19,0,27.3,55.6,92.4,34.2,True,
2026-03-14,P048,PEN08,99,47.31,48.1,532.4,0.184,0.702,10,29.3,8,17,19,0,26.8,61.5,93.3,16.9,True,
2026-03-15,P048,PEN08,100,48.24,56.8,367.4,0.108,0.711,8,23.4,9,19,26,1,26.6,56.9,88.2,10.9,True,
2026-03-16,P048,PEN08,101,48.44,63.2,654.0,0.172,0.677,7,29.8,8,9,21,2,26.5,56.6,84.9,19.7,True,
2026-03-17,P048,PEN08,102,50.03,57.3,690.0,0.201,0.686,8,30.0,10,10,22,0,25.0,62.2,100.0,21.5,True,
2026-03-18,P048,PEN08,103,50.6,62.7,549.3,0.146,0.644,9,27.0,9,2,23,0,24.1,54.7,100.0,21.7,True,
2026-03-19,P048,PEN08,104,51.06,52.7,554.1,0.175,0.683,11,24.3,9,22,20,0,23.0,55.1,90.0,15.9,True,
2026-03-20,P048,PEN08,105,51.89,45.5,814.8,0.298,0.685,9,38.7,7,17,30,0,23.7,53.1,96.4,26.6,True,
2026-03-21,P048,PEN08,106,52.93,50.2,694.0,0.23,0.63,6,39.2,10,15,27,1,23.5,59.4,98.2,28.6,True,
2026-03-22,P048,PEN08,107,53.74,58.2,456.5,0.131,0.661,8,36.7,9,10,26,0,20.7,55.6,100.0,25.3,True,
2026-03-23,P048,PEN08,108,53.08,43.8,608.0,0.232,0.625,7,45.0,10,13,18,1,22.8,57.6,91.4,30.8,True,
2026-03-24,P048,PEN08,109,54.93,43.6,672.3,0.257,0.671,7,39.1,11,15,20,3,22.4,55.4,100.0,21.8,True,
2026-03-25,P048,PEN08,110,55.75,57.1,506.4,0.148,0.685,8,34.7,10,16,25,0,22.6,51.8,98.5,22.8,True,
2026-03-26,P048,PEN08,111,56.22,71.8,659.2,0.153,0.614,8,37.6,8,10,29,1,22.0,53.4,94.5,31.7,True,
2026-03-27,P048,PEN08,112,57.11,73.7,798.8,0.181,0.673,7,33.3,8,18,20,0,21.8,57.3,100.0,28.2,True,
2026-03-28,P048,PEN08,113,57.96,67.9,661.6,0.162,0.668,9,41.0,8,13,9,1,22.4,63.0,86.2,29.8,True,
2026-03-29,P048,PEN08,114,57.36,49.2,,0.188,0.687,8,29.1,6,11,24,0,22.3,62.6,90.3,18.2,True,
2026-03-30,P048,PEN08,115,59.15,38.1,,0.302,0.657,9,43.5,6,8,34,0,22.8,65.3,92.0,29.1,True,
2026-03-31,P048,PEN08,116,58.96,52.1,615.9,0.197,0.68,7,31.0,9,11,19,0,23.1,64.9,92.7,20.9,True,
2026-04-01,P048,PEN08,117,60.29,41.3,674.3,0.272,0.629,8,31.8,7,9,23,0,22.4,66.3,99.8,23.7,True,
2026-04-02,P048,PEN08,118,60.87,56.2,842.2,0.25,0.668,9,26.1,6,17,17,0,23.9,64.6,93.7,21.4,True,
2026-04-03,P048,PEN08,119,61.95,56.2,693.4,0.206,0.655,8,25.7,10,6,24,0,23.9,67.9,97.0,20.5,True,
2026-04-04,P048,PEN08,120,62.72,46.2,790.2,0.285,0.701,7,32.5,8,6,22,0,25.0,68.1,100.0,21.4,True,
2026-04-05,P048,PEN08,121,63.32,59.8,729.0,0.203,0.66,10,35.8,7,12,35,0,24.7,71.2,93.4,27.8,True,
2026-04-06,P048,PEN08,122,64.3,62.6,596.9,0.159,0.654,7,36.0,9,9,27,0,25.6,67.7,100.0,27.4,True,
2026-04-07,P048,PEN08,123,64.59,67.9,542.3,0.133,0.675,7,30.7,7,16,23,2,26.2,72.6,92.0,20.0,True,
2026-04-08,P048,PEN08,124,64.6,41.9,702.4,0.279,0.651,9,31.5,9,15,24,2,26.2,68.7,100.0,19.5,True,
2026-04-09,P048,PEN08,125,66.47,60.6,636.3,0.175,0.642,9,35.7,9,13,32,0,26.4,75.1,92.1,28.0,True,
2026-04-10,P048,PEN08,126,67.48,49.6,671.4,0.226,0.616,8,25.7,9,19,31,1,26.7,70.6,92.1,20.4,True,
2026-04-11,P048,PEN08,127,67.66,40.4,621.1,0.256,0.635,10,28.5,8,3,20,0,27.0,70.7,100.0,20.4,True,
2026-03-01,P049,PEN01,81,33.31,127.2,1570.1,0.206,0.49,12,58.1,6,33,44,0,23.9,69.2,87.3,72.5,True,
2026-03-02,P049,PEN01,82,34.18,131.5,1078.3,0.137,0.512,15,65.5,7,25,45,0,25.2,73.1,95.8,71.6,True,
2026-03-03,P049,PEN01,83,34.2,129.7,1265.7,0.163,0.517,13,54.2,8,24,44,1,25.1,72.5,95.9,64.1,True,
2026-03-04,P049,PEN01,84,34.97,132.3,1328.1,0.167,0.49,14,59.7,9,23,36,0,24.2,64.1,95.7,71.9,True,
2026-03-05,P049,PEN01,85,35.88,135.0,1313.7,0.162,0.521,14,49.5,6,20,34,0,26.1,68.9,86.7,63.6,True,
2026-03-06,P049,PEN01,86,36.73,120.4,1343.4,0.186,0.546,11,57.2,9,20,48,1,26.4,67.2,95.4,63.5,True,
2026-03-07,P049,PEN01,87,37.78,124.9,1400.9,0.187,0.502,11,60.5,8,21,46,0,27.1,71.2,89.1,71.2,True,
2026-03-08,P049,PEN01,88,38.08,133.9,1568.5,0.195,0.477,11,57.5,8,28,45,2,26.3,63.3,93.5,71.2,True,
2026-03-09,P049,PEN01,89,38.63,121.9,1445.0,0.198,0.544,11,60.6,9,21,45,1,25.4,63.5,97.5,67.1,True,
2026-03-10,P049,PEN01,90,38.97,134.4,1107.9,0.137,0.474,11,64.1,10,33,52,0,26.8,61.5,100.0,74.0,True,
2026-03-11,P049,PEN01,91,40.75,109.8,1436.3,0.218,0.457,15,51.0,7,27,45,1,27.1,60.3,89.7,64.5,True,
2026-03-12,P049,PEN01,92,40.38,133.1,1299.0,0.163,0.516,14,51.0,10,27,45,1,26.2,64.4,97.7,63.0,True,
2026-03-13,P049,PEN01,93,41.94,,1123.1,0.135,0.503,13,65.6,7,32,41,0,27.0,66.2,99.8,73.8,True,
2026-03-14,P049,PEN01,94,41.66,133.0,1539.3,0.193,0.429,12,55.8,7,23,47,2,25.6,58.7,95.3,72.7,True,
2026-03-15,P049,PEN01,95,43.43,121.9,1319.0,0.18,0.509,12,51.1,7,26,32,1,25.9,59.0,95.6,61.9,True,
2026-03-16,P049,PEN01,96,44.64,131.9,1143.7,0.145,0.546,11,53.2,5,28,39,0,24.2,54.5,95.9,62.1,True,
2026-03-17,P049,PEN01,97,45.48,132.0,1039.5,0.131,0.553,13,56.5,9,24,33,0,23.8,62.3,86.3,62.8,True,
2026-03-18,P049,PEN01,98,45.62,118.2,1149.4,0.162,0.546,12,51.1,8,24,53,1,23.9,51.5,96.3,57.3,True,
2026-03-19,P049,PEN01,99,46.44,112.0,1250.1,0.186,0.518,13,51.9,7,31,46,1,23.8,53.9,100.0,59.6,True,
2026-03-20,P049,PEN01,100,45.66,119.3,1451.6,0.203,0.535,12,60.1,8,25,50,0,23.1,58.8,94.9,68.4,True,
2026-03-21,P049,PEN01,101,48.11,143.9,1406.4,0.163,0.479,13,56.2,5,29,41,0,22.6,59.5,96.4,73.0,True,
2026-03-22,P049,PEN01,102,48.71,108.8,1233.4,0.189,0.535,12,54.6,9,34,36,1,22.6,55.1,93.6,59.6,True,
2026-03-23,P049,PEN01,103,48.72,128.8,1298.8,0.168,0.55,12,64.6,9,24,44,0,20.8,57.1,91.5,70.3,True,
2026-03-24,P049,PEN01,104,48.97,125.9,1497.6,0.198,0.51,11,73.0,7,26,43,1,22.1,53.0,84.3,78.5,True,
2026-03-25,P049,PEN01,105,51.13,137.4,1222.3,0.148,0.56,12,55.1,7,25,42,1,21.7,58.1,96.3,62.7,True,
2026-03-26,P049,PEN01,106,51.49,123.1,1392.1,0.189,0.474,12,54.5,9,19,43,0,22.4,55.6,86.5,68.7,True,
2026-03-27,P049,PEN01,107,51.89,123.3,1341.1,0.181,0.477,11,65.1,10,26,49,1,20.7,62.1,92.7,73.6,True,
2026-03-28,P049,PEN01,108,52.86,133.4,1321.2,0.165,0.583,14,52.7,10,19,48,1,20.9,62.6,100.0,60.0,True,
2026-03-29,P049,PEN01,109,52.55,118.9,1263.6,0.177,0.5,13,47.9,8,33,50,0,20.7,61.3,99.1,60.8,True,
2026-03-30,P049,PEN01,110,54.02,118.4,1404.0,0.198,0.531,15,56.0,5,32,38,0,20.0,65.0,95.2,65.4,True,
2026-03-31,P049,PEN01,111,54.61,121.8,1065.8,0.146,0.51,13,67.0,8,32,48,0,21.4,66.2,100.0,71.0,True,
2026-04-01,P049,PEN01,112,55.13,114.3,1454.4,0.212,0.479,14,55.2,4,19,48,1,22.9,65.2,97.8,66.7,True,
2026-04-02,P049,PEN01,113,55.58,121.1,1560.7,0.215,0.526,15,61.4,7,27,38,0,23.3,63.0,89.5,71.2,True,
2026-04-03,P049,PEN01,114,57.27,117.6,1460.6,0.207,0.532,13,52.9,10,26,38,0,22.6,65.9,97.5,63.7,True,
2026-04-04,P049,PEN01,115,58.1,117.8,1531.6,0.217,0.536,10,57.9,8,32,49,1,25.3,65.0,94.8,66.1,True,
2026-04-05,P049,PEN01,116,57.64,120.9,1315.1,0.181,0.551,13,47.2,7,26,46,0,25.0,67.6,90.9,57.9,True,
2026-04-06,P049,PEN01,117,59.53,121.8,905.1,0.124,0.479,10,53.0,9,26,42,0,25.8,69.9,86.4,62.3,True,
2026-04-07,P049,PEN01,118,59.09,119.6,1364.2,0.19,0.448,13,56.2,8,24,45,0,24.9,80.1,88.4,70.7,True,
2026-04-08,P049,PEN01,119,59.69,106.4,1373.1,0.215,,12,62.5,11,27,40,0,24.7,73.9,99.5,71.2,True,
2026-04-09,P049,PEN01,120,60.82,149.3,1381.4,0.154,0.478,13,56.7,10,33,50,0,26.3,69.9,100.0,74.0,True,
2026-04-10,P049,PEN01,121,61.49,117.4,1260.0,0.179,0.505,12,59.6,7,23,45,0,25.4,71.9,86.0,67.8,True,
2026-04-11,P049,PEN01,122,62.45,124.6,1320.8,0.177,0.53,11,69.9,8,22,44,2,25.4,66.8,91.6,71.8,True,
2026-03-01,P050,PEN02,82,41.45,68.5,436.9,0.106,0.648,9,31.3,7,16,16,1,22.8,67.6,89.3,22.6,True,
2026-03-02,P050,PEN02,83,42.13,80.0,808.6,0.169,0.675,8,32.9,8,9,25,0,23.2,69.3,100.0,28.8,True,
2026-03-03,P050,PEN02,84,42.79,52.9,470.5,0.148,0.645,8,29.1,9,15,23,2,23.6,73.6,91.1,17.9,True,
2026-03-04,P050,PEN02,85,44.19,76.6,712.8,0.155,0.647,11,37.1,8,14,28,0,23.6,73.5,87.6,31.9,True,
2026-03-05,P050,PEN02,86,43.74,63.9,798.4,0.208,0.684,11,34.8,8,15,20,0,24.5,70.4,89.2,26.8,True,
2026-03-06,P050,PEN02,87,45.86,64.1,578.3,0.15,0.62,6,34.8,7,13,30,0,25.9,76.8,100.0,28.9,True,
2026-03-07,P050,PEN02,88,46.18,54.5,648.8,0.198,0.643,10,36.4,6,6,28,0,25.7,69.5,93.9,27.6,True,
2026-03-08,P050,PEN02,89,46.93,59.7,417.3,0.117,0.624,8,29.3,10,9,26,0,26.5,69.2,100.0,22.7,True,
2026-03-09,P050,PEN02,90,46.54,63.0,603.4,0.16,0.695,8,30.3,9,17,22,1,25.3,66.2,100.0,19.7,True,
2026-03-10,P050,PEN02,91,48.35,48.6,669.4,0.229,0.726,9,26.5,8,9,25,0,25.2,62.7,88.9,15.0,True,
2026-03-11,P050,PEN02,92,49.18,64.2,684.1,0.178,0.605,9,25.7,9,11,21,0,25.6,57.7,91.8,25.0,True,
2026-03-12,P050,PEN02,93,48.84,60.7,664.4,0.182,0.641,9,38.6,8,26,19,0,24.7,61.3,90.0,30.3,True,
2026-03-13,P050,PEN02,94,51.03,51.9,605.8,0.194,0.589,8,41.1,9,23,27,1,24.8,61.5,91.8,31.9,True,
2026-03-14,P050,PEN02,95,51.75,64.6,836.0,0.216,0.677,10,34.8,8,10,11,0,23.7,58.5,91.6,27.8,True,
2026-03-15,P050,PEN02,96,51.0,65.4,715.6,0.182,0.647,9,35.4,9,17,30,1,24.7,57.6,96.1,27.6,True,
2026-03-16,P050,PEN02,97,52.41,55.0,707.4,0.214,0.605,10,34.4,10,16,21,0,24.4,54.2,86.3,29.4,True,
2026-03-17,P050,PEN02,98,53.42,61.5,725.1,0.196,0.635,9,33.8,9,13,19,0,23.2,57.4,94.3,28.3,True,
2026-03-18,P050,PEN02,99,54.3,56.8,774.7,0.227,0.699,9,33.9,6,15,23,0,21.7,56.7,92.0,23.9,True,
2026-03-19,P050,PEN02,100,54.34,48.4,617.9,0.213,0.649,10,,8,7,22,0,22.1,54.0,91.5,22.8,True,
2026-03-20,P050,PEN02,101,55.87,54.5,834.1,0.255,0.6,10,39.5,8,12,34,0,21.5,54.7,89.8,34.2,True,
2026-03-21,P050,PEN02,102,55.65,51.6,682.7,0.221,0.6,8,33.8,5,9,23,0,21.2,53.5,94.2,28.5,True,
2026-03-22,P050,PEN02,103,56.67,43.1,610.7,0.236,0.545,8,37.3,10,8,25,1,21.8,56.1,96.3,31.0,True,
2026-03-23,P050,PEN02,104,57.91,59.8,614.0,0.171,0.602,9,35.6,7,17,29,0,19.8,57.2,94.1,30.2,True,
2026-03-24,P050,PEN02,105,58.21,58.5,702.0,0.2,0.672,9,28.9,8,16,26,0,20.3,53.8,89.8,22.0,True,
2026-03-25,P050,PEN02,106,59.39,49.9,835.0,0.279,0.628,7,38.7,10,11,16,0,19.4,58.9,98.0,31.2,True,
2026-03-26,P050,PEN02,107,59.84,63.3,621.4,0.163,0.675,11,33.6,7,10,27,0,20.9,60.2,91.3,24.8,True,
2026-03-27,P050,PEN02,108,60.26,44.1,627.4,0.237,0.726,7,33.0,6,9,22,0,19.8,57.1,93.3,18.1,True,
2026-03-28,P050,PEN02,109,60.93,74.5,715.4,0.16,0.689,11,39.1,5,12,22,0,19.4,57.4,99.9,30.2,True,
2026-03-29,P050,PEN02,110,62.14,53.0,491.5,0.154,0.658,8,46.7,8,16,19,0,21.1,59.8,99.5,31.5,True,
2026-03-30,P050,PEN02,111,62.64,55.9,680.0,0.203,0.655,8,33.3,8,14,31,0,19.9,60.7,95.3,25.4,True,
2026-03-31,P050,PEN02,112,63.4,64.4,537.9,0.139,0.621,9,34.8,8,10,26,0,21.4,66.8,100.0,28.4,True,
2026-04-01,P050,PEN02,113,63.32,69.8,562.5,0.134,0.624,6,41.6,5,11,28,1,20.9,69.9,87.8,32.4,True,
2026-04-02,P050,PEN02,114,64.56,52.8,554.0,0.175,,8,40.3,7,8,21,0,21.8,68.0,95.8,26.9,True,
2026-04-03,P050,PEN02,115,65.54,58.1,593.1,0.17,0.614,7,37.8,10,16,31,1,21.1,69.0,87.3,29.0,True,
2026-04-04,P050,PEN02,116,66.52,60.5,636.9,0.175,0.588,9,40.9,9,7,20,0,24.0,68.9,86.3,34.9,True,
2026-04-05,P050,PEN02,117,66.54,73.2,753.3,0.172,0.652,8,24.9,8,10,26,1,23.9,67.6,88.8,22.2,True,
2026-04-06,P050,PEN02,118,67.72,73.9,669.5,0.151,0.672,8,31.1,8,1,28,1,23.9,69.9,90.2,24.2,True,
2026-04-07,P050,PEN02,119,68.32,66.6,522.2,0.131,0.648,7,,8,7,32,1,24.1,70.4,100.0,23.2,True,
2026-04-08,P050,PEN02,120,68.36,54.6,574.5,0.175,0.574,10,30.5,7,14,25,1,24.6,69.0,90.3,26.1,True,
2026-04-09,P050,PEN02,121,69.32,79.7,690.8,0.145,0.654,11,42.8,7,11,26,1,23.8,67.5,97.9,34.1,True,
2026-04-10,P050,PEN02,122,70.72,58.3,610.2,0.174,0.574,9,31.3,6,16,23,0,25.7,70.8,90.2,29.0,True,
2026-04-11,P050,PEN02,123,71.3,48.5,746.7,0.257,0.682,11,35.0,9,21,27,0,26.5,72.7,96.7,24.1,True,
2026-03-01,P051,PEN03,80,42.39,49.8,525.0,0.176,0.662,9,23.5,9,15,29,0,23.1,70.0,92.2,15.9,True,
2026-03-02,P051,PEN03,81,43.08,45.1,407.1,0.15,0.686,6,28.0,8,6,20,0,23.7,69.4,100.0,15.4,True,
2026-03-03,P051,PEN03,82,44.79,54.3,427.2,0.131,0.735,8,22.4,7,10,21,0,24.5,70.0,95.0,10.3,True,
2026-03-04,P051,PEN03,83,45.37,41.9,674.3,0.268,0.67,7,27.3,9,8,19,2,24.8,63.3,83.7,15.3,True,
2026-03-05,P051,PEN03,84,45.72,33.2,409.0,0.205,0.645,10,23.7,8,11,7,0,25.1,68.9,92.9,13.4,True,
2026-03-06,P051,PEN03,85,46.22,49.7,715.3,0.24,,9,33.7,5,13,22,0,25.1,70.4,90.0,21.6,True,
2026-03-07,P051,PEN03,86,47.2,47.8,632.6,0.221,0.704,7,24.5,10,5,20,1,25.1,69.1,92.6,13.3,True,
2026-03-08,P051,PEN03,87,48.35,47.4,471.3,0.166,0.702,6,26.3,7,7,28,0,24.9,66.6,83.7,14.3,True,
2026-03-09,P051,PEN03,88,48.21,39.2,189.6,0.081,0.782,7,30.0,9,8,18,0,29.8,72.3,87.8,7.3,True,
2026-03-10,P051,PEN03,89,49.65,19.2,247.7,0.215,0.704,7,30.3,11,19,19,1,31.3,71.1,88.9,8.6,True,
2026-03-11,P051,PEN03,90,50.45,19.5,295.0,0.252,0.749,4,28.6,12,8,26,0,30.3,76.7,97.6,6.5,True,
2026-03-12,P051,PEN03,91,50.29,40.1,358.1,0.149,0.741,10,18.4,10,5,19,0,31.2,63.7,100.0,4.3,True,
2026-03-13,P051,PEN03,92,51.95,57.8,515.1,0.148,0.63,8,24.9,8,13,28,0,25.6,61.1,85.2,20.1,True,
2026-03-14,P051,PEN03,93,53.15,48.2,293.0,0.101,0.643,10,28.1,7,12,19,0,25.8,55.6,86.4,17.6,True,
2026-03-15,P051,PEN03,94,53.5,51.7,554.9,0.179,0.738,5,20.3,8,7,12,0,24.6,53.7,88.0,9.6,True,
2026-03-16,P051,PEN03,95,53.85,42.3,197.1,0.078,0.634,8,33.2,8,13,14,1,24.4,64.0,97.1,18.2,True,
2026-03-17,P051,PEN03,96,54.52,40.8,368.2,0.15,0.723,7,21.1,8,10,20,0,22.0,58.9,93.2,7.4,True,
2026-03-18,P051,PEN03,97,55.1,44.2,543.6,0.205,0.673,7,,6,8,15,0,22.9,58.6,86.2,20.6,True,
2026-03-19,P051,PEN03,98,56.41,58.0,358.4,0.103,0.682,10,29.6,9,6,18,1,22.4,60.5,100.0,16.8,True,
2026-03-20,P051,PEN03,99,56.29,48.6,622.9,0.214,0.676,5,26.3,6,10,26,1,22.5,54.6,96.8,16.3,True,
2026-03-21,P051,PEN03,100,57.83,40.2,509.4,0.211,0.703,6,28.7,8,12,19,1,21.9,53.0,99.7,13.6,True,
2026-03-22,P051,PEN03,101,58.35,46.1,526.4,0.19,0.657,9,35.0,6,11,21,0,21.0,62.3,90.5,23.2,True,
2026-03-23,P051,PEN03,102,59.46,35.5,375.9,0.177,0.635,9,33.9,9,14,15,0,21.6,56.0,83.5,20.7,True,
2026-03-24,P051,PEN03,103,59.93,46.0,552.7,0.2,0.661,8,25.4,8,1,15,0,21.0,48.7,88.8,17.0,True,
2026-03-25,P051,PEN03,104,61.98,40.1,687.7,0.286,0.738,6,24.8,10,8,15,1,20.9,59.9,98.3,10.6,True,
2026-03-26,P051,PEN03,105,62.0,45.9,503.4,0.183,0.638,7,30.6,8,17,24,0,20.7,54.8,97.4,21.3,True,
2026-03-27,P051,PEN03,106,62.51,48.3,485.0,0.167,0.667,7,43.5,8,8,16,2,20.9,63.7,98.5,25.2,True,
2026-03-28,P051,PEN03,107,63.26,44.1,,0.231,0.667,9,36.6,10,6,20,1,20.3,61.5,96.2,22.7,True,
2026-03-29,P051,PEN03,108,63.48,53.1,381.8,0.12,0.691,7,29.6,9,12,11,2,21.2,59.4,95.2,14.4,True,
2026-03-30,P051,PEN03,109,63.95,52.0,429.1,0.137,0.686,6,26.5,9,4,26,1,19.7,65.0,100.0,14.3,True,
2026-03-31,P051,PEN03,110,65.21,52.2,486.0,0.155,0.715,9,25.5,9,6,26,1,20.4,61.1,95.5,12.4,True,
2026-04-01,P051,PEN03,111,66.06,44.6,396.4,0.148,0.708,8,35.4,8,8,23,0,20.4,61.8,97.1,18.6,True,
2026-04-02,P051,PEN03,112,66.7,45.0,404.4,0.15,0.711,7,40.0,9,17,26,1,22.1,60.5,89.3,20.1,True,
2026-04-03,P051,PEN03,113,66.6,56.8,515.7,0.151,0.655,7,23.1,8,11,15,1,23.2,70.3,93.7,15.8,True,
2026-04-04,P051,PEN03,114,67.64,32.4,550.0,0.283,0.648,7,28.6,10,4,24,0,22.8,66.5,98.0,17.6,True,
2026-04-05,P051,PEN03,115,68.35,61.3,337.9,0.092,,9,18.4,8,15,16,0,22.3,67.3,80.0,12.0,True,
2026-04-06,P051,PEN03,116,68.53,51.3,415.1,0.135,0.655,8,38.7,9,9,27,1,23.5,69.7,100.0,24.0,True,
2026-04-07,P051,PEN03,117,69.88,59.5,602.6,0.169,0.706,8,30.9,8,12,19,0,24.7,73.7,100.0,20.3,True,
2026-04-08,P051,PEN03,118,70.03,62.2,472.4,0.127,0.653,10,27.6,8,8,21,2,24.4,69.3,90.4,17.9,True,
2026-04-09,P051,PEN03,119,71.32,40.3,668.4,0.277,0.743,8,41.1,9,14,14,0,25.1,70.5,99.0,22.0,True,
2026-04-10,P051,PEN03,120,72.14,57.2,659.8,0.192,0.648,7,28.8,8,9,20,0,26.6,68.3,99.4,22.8,True,
2026-04-11,P051,PEN03,121,72.51,46.8,690.5,0.246,0.672,7,29.5,8,18,23,0,25.9,68.5,93.4,20.4,True,
2026-03-01,P052,PEN04,83,44.0,149.9,1609.2,0.179,0.432,12,56.7,8,28,55,0,24.5,72.6,92.8,79.3,True,
2026-03-02,P052,PEN04,84,45.28,150.7,1601.9,0.177,0.492,15,63.3,9,26,44,1,24.3,70.2,94.6,78.4,True,
2026-03-03,P052,PEN04,85,45.34,141.0,1499.5,0.177,0.476,14,70.4,8,35,47,0,25.1,69.2,91.2,82.8,True,
2026-03-04,P052,PEN04,86,45.78,151.4,1420.1,0.156,0.507,14,67.5,8,29,38,0,26.2,68.5,99.4,79.8,True,
2026-03-05,P052,PEN04,87,46.84,155.5,1441.6,0.155,0.488,16,62.6,8,35,52,0,25.7,65.3,93.5,78.8,True,
2026-03-06,P052,PEN04,88,46.48,138.8,1482.7,0.178,0.516,13,69.2,8,23,46,1,25.8,73.0,86.5,77.6,True,
2026-03-07,P052,PEN04,89,47.5,128.8,1389.7,0.18,0.486,13,65.5,8,31,52,1,27.3,70.4,90.8,74.6,True,
2026-03-08,P052,PEN04,90,48.58,138.4,1675.7,0.202,0.449,13,60.7,9,37,52,0,26.3,69.1,98.9,79.7,True,
2026-03-09,P052,PEN04,91,49.82,128.8,1407.3,0.182,0.544,15,,11,28,52,0,33.8,70.3,80.8,72.9,True,
2026-03-10,P052,PEN04,92,49.76,137.5,1508.4,0.183,0.506,14,72.1,8,37,55,0,31.7,67.8,94.1,81.6,True,
2026-03-11,P052,PEN04,93,49.98,147.2,1188.1,0.135,0.524,12,62.9,9,29,55,1,31.9,68.6,95.5,71.4,True,
2026-03-12,P052,PEN04,94,51.94,136.3,1243.2,0.152,0.493,14,66.1,9,33,56,1,31.9,67.1,90.8,74.3,True,
2026-03-13,P052,PEN04,95,53.01,150.6,1726.3,0.191,0.425,14,62.8,6,32,50,2,26.6,61.1,98.2,82.2,True,
2026-03-14,P052,PEN04,96,53.26,142.9,1452.7,0.169,0.553,13,64.4,10,27,52,0,25.5,60.2,92.2,73.8,True,
2026-03-15,P052,PEN04,97,54.14,,1463.6,0.166,0.438,15,67.9,9,31,49,2,26.5,57.2,94.2,81.6,True,
2026-03-16,P052,PEN04,98,54.91,146.4,1577.3,0.18,0.46,15,55.1,7,33,47,0,24.9,57.3,84.1,75.6,True,
2026-03-17,P052,PEN04,99,55.85,152.6,,0.152,0.43,16,64.8,7,30,49,0,24.2,58.8,96.6,82.9,True,
2026-03-18,P052,PEN04,100,56.09,142.5,1362.3,0.159,0.415,11,65.7,6,26,53,2,23.0,54.8,100.0,79.9,True,
2026-03-19,P052,PEN04,101,57.26,152.3,1613.4,0.177,0.463,16,66.2,9,29,49,1,23.8,57.2,89.3,82.5,True,
2026-03-20,P052,PEN04,102,56.89,138.5,1725.9,0.208,0.481,11,67.6,7,35,49,1,22.5,56.6,92.4,81.2,True,
2026-03-21,P052,PEN04,103,57.85,131.8,1713.1,0.217,0.434,14,65.2,8,36,47,0,21.1,58.4,88.7,82.9,True,
2026-03-22,P052,PEN04,104,58.16,150.5,1563.2,0.173,0.448,15,57.9,8,40,49,1,23.1,54.2,98.2,77.4,True,
2026-03-23,P052,PEN04,105,60.02,139.3,1603.3,0.192,0.465,12,63.0,8,36,54,1,22.5,57.8,94.8,78.2,True,
2026-03-24,P052,PEN04,106,59.53,128.8,1598.5,0.207,0.441,14,63.9,8,34,50,1,21.8,61.2,96.4,78.5,True,
2026-03-25,P052,PEN04,107,60.34,160.0,1734.6,0.181,0.429,12,76.3,7,32,46,0,21.4,57.9,99.4,95.1,True,
2026-03-26,P052,PEN04,108,61.33,150.9,1615.6,0.178,0.449,14,72.6,8,29,49,0,20.4,55.4,93.9,88.8,True,
2026-03-27,P052,PEN04,109,62.13,144.0,1593.7,0.184,0.458,13,63.2,7,31,52,0,21.6,59.7,95.3,80.8,True,
2026-03-28,P052,PEN04,110,63.33,145.1,1619.7,0.186,0.479,12,64.5,8,21,47,0,22.3,60.4,91.5,80.7,True,
2026-03-29,P052,PEN04,111,63.34,152.9,1718.1,0.187,0.462,13,,6,38,47,0,21.9,63.9,98.0,77.0,True,
2026-03-30,P052,PEN04,112,64.43,157.0,1570.6,0.167,0.437,15,55.9,8,29,49,1,22.4,59.9,100.0,77.9,True,
2026-03-31,P052,PEN04,113,65.35,160.0,1443.9,0.15,0.496,13,71.6,10,37,50,0,22.5,60.3,98.1,84.9,True,
2026-04-01,P052,PEN04,114,64.97,141.8,1619.2,0.19,0.556,12,70.8,9,32,44,0,23.0,64.9,90.9,79.3,True,
2026-04-02,P052,PEN04,115,66.25,133.7,1490.6,0.186,0.476,14,57.2,9,32,46,2,23.7,66.0,98.1,70.2,True,
2026-04-03,P052,PEN04,116,66.92,143.4,1365.5,0.159,0.588,15,56.8,9,25,43,2,25.5,67.9,96.3,63.0,True,
2026-04-04,P052,PEN04,117,66.53,141.1,1271.5,0.15,0.537,13,47.1,10,28,46,2,24.2,72.6,94.2,58.8,True,
2026-04-05,P052,PEN04,118,67.66,132.8,1180.1,0.148,0.58,12,58.1,8,21,45,2,25.2,74.3,89.7,60.8,True,
2026-04-06,P052,PEN04,119,69.39,136.8,1203.7,0.147,0.529,11,50.9,9,21,48,0,27.9,71.3,84.2,63.1,True,
2026-04-07,P052,PEN04,120,69.98,116.4,1261.0,0.181,0.528,9,39.2,11,25,34,0,26.4,66.0,95.8,52.9,True,
2026-04-08,P052,PEN04,121,70.51,121.8,1234.3,0.169,0.575,10,46.3,8,31,40,2,26.2,69.2,94.8,52.3,True,
2026-04-09,P052,PEN04,122,70.67,111.8,1374.1,0.205,0.596,13,50.3,8,27,44,2,25.8,70.8,86.9,53.3,True,
2026-04-10,P052,PEN04,123,71.74,118.4,1327.8,0.187,0.572,10,45.5,11,40,42,2,26.1,71.6,91.7,52.3,True,
2026-04-11,P052,PEN04,124,71.91,122.7,1307.6,0.178,0.515,11,50.4,7,25,44,0,27.5,72.2,92.5,62.5,True,
2026-03-01,P053,PEN05,88,39.09,114.9,985.3,0.143,0.531,12,50.2,6,25,38,0,22.6,66.9,91.6,56.9,True,
2026-03-02,P053,PEN05,89,39.92,103.0,887.4,0.144,0.582,11,54.0,8,23,35,0,23.2,69.2,100.0,53.2,True,
2026-03-03,P053,PEN05,90,40.41,100.3,1146.7,0.19,0.5,11,55.0,6,24,41,1,23.5,66.8,100.0,59.9,True,
2026-03-04,P053,PEN05,91,41.99,119.8,1341.5,0.187,0.506,10,42.5,6,28,35,1,24.4,70.0,100.0,56.4,True,
2026-03-05,P053,PEN05,92,41.88,105.9,887.6,0.14,0.573,9,44.6,5,18,38,0,25.1,71.8,100.0,48.1,True,
2026-03-06,P053,PEN05,93,42.32,105.0,1047.1,0.166,0.529,9,55.2,9,18,37,0,25.9,66.0,99.9,59.3,True,
2026-03-07,P053,PEN05,94,43.55,115.6,984.9,0.142,0.58,13,44.9,6,34,44,0,24.7,66.9,100.0,50.3,True,
2026-03-08,P053,PEN05,95,43.84,97.5,1138.3,0.194,0.562,12,44.0,10,17,34,1,26.2,65.5,96.3,48.1,True,
2026-03-09,P053,PEN05,96,44.56,87.3,898.0,0.171,0.573,11,50.4,8,24,29,0,25.7,66.3,83.7,49.0,True,
2026-03-10,P053,PEN05,97,44.91,112.2,1156.0,0.172,0.622,12,46.0,10,18,39,1,24.6,67.7,98.1,48.1,True,
2026-03-11,P053,PEN05,98,45.47,95.4,1087.5,0.19,0.562,11,55.2,8,15,41,0,26.1,63.7,98.6,56.0,True,
2026-03-12,P053,PEN05,99,46.51,105.0,1040.3,0.165,0.589,13,47.6,8,33,32,0,26.1,60.2,88.5,50.3,True,
2026-03-13,P053,PEN05,100,46.69,102.3,1121.7,0.183,0.537,10,45.2,10,25,35,0,25.4,60.2,95.5,52.5,True,
2026-03-14,P053,PEN05,101,47.91,110.6,1333.9,0.201,0.541,8,46.0,9,27,36,1,23.9,55.7,88.2,54.9,True,
2026-03-15,P053,PEN05,102,49.11,102.2,1119.1,0.183,0.63,10,56.7,10,20,50,0,25.2,61.3,100.0,53.9,True,
2026-03-16,P053,PEN05,103,50.08,103.0,1149.0,0.186,0.58,8,60.1,9,25,37,0,25.1,54.3,93.0,59.8,True,
2026-03-17,P053,PEN05,104,50.39,90.2,1128.9,0.209,0.552,10,47.3,9,23,33,0,24.4,53.6,92.2,51.1,True,
2026-03-18,P053,PEN05,105,51.31,108.8,1282.8,0.197,0.555,12,51.1,7,25,32,0,23.2,55.9,91.9,57.9,True,
2026-03-19,P053,PEN05,106,51.95,123.8,1210.4,0.163,0.489,12,43.7,7,24,42,1,22.0,48.7,99.8,57.6,True,
2026-03-20,P053,PEN05,107,52.75,101.3,1241.8,0.204,0.535,12,47.9,6,19,34,1,21.4,57.4,85.2,54.1,True,
2026-03-21,P053,PEN05,108,52.87,101.5,983.1,0.161,0.608,9,45.8,6,19,35,0,20.9,50.4,96.7,46.8,True,
2026-03-22,P053,PEN05,109,53.87,116.6,1121.3,0.16,0.525,13,47.6,4,25,31,0,20.5,57.2,92.9,57.2,True,
2026-03-23,P053,PEN05,110,54.93,107.9,1023.8,0.158,0.588,13,45.4,8,18,40,0,19.6,59.7,97.6,49.3,True,
2026-03-24,P053,PEN05,111,55.46,86.6,1069.0,0.206,0.587,12,57.0,7,21,35,1,20.7,59.0,100.0,52.6,True,
2026-03-25,P053,PEN05,112,56.31,96.5,851.3,0.147,0.601,9,55.1,8,22,39,1,20.3,55.3,100.0,49.8,True,
2026-03-26,P053,PEN05,113,56.78,112.9,1133.6,0.167,0.54,10,53.8,10,28,42,0,20.7,54.9,96.1,59.8,True,
2026-03-27,P053,PEN05,114,57.71,96.1,1174.6,0.204,0.583,13,50.9,9,29,37,1,20.6,62.7,96.3,51.4,True,
2026-03-28,P053,PEN05,115,58.81,121.5,1161.8,0.159,0.49,12,61.3,8,24,40,0,19.8,64.3,98.6,69.5,True,
2026-03-29,P053,PEN05,116,58.78,93.7,815.3,0.145,0.627,9,40.9,9,14,38,0,21.2,62.9,93.5,39.5,True,
2026-03-30,P053,PEN05,117,59.76,111.1,1177.1,0.177,0.574,11,45.2,6,17,39,1,20.0,56.6,87.5,50.8,True,
2026-03-31,P053,PEN05,118,60.75,105.5,1204.2,0.19,0.615,8,66.8,5,24,39,0,21.0,61.6,94.7,62.9,True,
2026-04-01,P053,PEN05,119,60.58,96.0,951.3,0.165,0.523,9,43.0,8,29,40,0,20.5,67.2,100.0,49.3,True,
2026-04-02,P053,PEN05,120,62.78,115.6,1205.0,0.174,0.473,12,52.9,7,22,26,1,22.4,66.8,94.9,63.3,True,
2026-04-03,P053,PEN05,121,62.33,89.7,1032.1,0.192,0.62,12,51.4,8,18,37,1,22.6,71.5,93.4,46.9,True,
2026-04-04,P053,PEN05,122,63.42,112.0,1120.6,0.167,0.591,12,46.0,7,17,37,1,23.9,70.4,88.1,49.8,True,
2026-04-05,P053,PEN05,123,63.41,93.9,1092.4,0.194,0.574,9,51.0,9,20,36,0,23.0,75.6,94.0,52.3,True,
2026-04-06,P053,PEN05,124,65.24,108.7,1154.2,0.177,0.525,11,50.3,8,27,38,0,24.6,70.4,92.5,58.0,True,
2026-04-07,P053,PEN05,125,64.98,92.7,898.4,0.162,0.569,12,54.2,9,19,36,1,25.1,73.7,100.0,51.2,True,
2026-04-08,P053,PEN05,126,66.54,106.7,1108.6,0.173,0.58,12,44.0,8,29,34,1,23.9,69.4,95.4,48.1,True,
2026-04-09,P053,PEN05,127,66.99,95.6,997.8,0.174,0.615,9,41.3,6,23,41,1,24.6,69.0,95.1,41.2,True,
2026-04-10,P053,PEN05,128,67.88,105.6,1088.6,0.172,0.576,12,56.8,6,21,35,1,26.0,69.9,95.2,56.4,True,
2026-04-11,P053,PEN05,129,69.19,113.9,1150.2,0.168,0.561,13,54.8,9,22,32,0,26.0,67.5,88.9,59.4,True,
2026-03-01,P054,PEN06,85,40.06,107.2,1160.5,0.18,0.534,11,48.5,9,22,38,1,23.3,70.0,96.4,54.6,True,
2026-03-02,P054,PEN06,86,40.4,100.8,1279.9,0.212,0.599,11,56.7,9,27,43,1,23.5,64.4,95.0,56.0,True,
2026-03-03,P054,PEN06,87,40.45,100.7,1205.9,0.2,0.519,11,43.6,8,31,39,0,22.9,74.5,99.6,53.3,True,
2026-03-04,P054,PEN06,88,42.23,107.7,964.7,0.149,0.534,10,55.4,9,25,39,1,24.6,66.4,82.2,57.2,True,
2026-03-05,P054,PEN06,89,42.42,113.7,873.2,0.128,0.55,9,52.0,6,20,32,0,24.7,71.0,100.0,55.5,True,
2026-03-06,P054,PEN06,90,43.31,101.5,1158.8,0.19,0.547,13,47.7,7,22,40,0,25.8,72.7,100.0,53.8,True,
2026-03-07,P054,PEN06,91,43.47,106.3,964.7,0.151,0.493,13,53.8,6,25,44,0,26.0,69.2,96.4,60.1,True,
2026-03-08,P054,PEN06,92,44.56,100.0,1206.5,0.201,0.594,10,52.1,7,21,39,1,26.9,63.5,95.0,52.4,True,
2026-03-09,P054,PEN06,93,45.15,106.2,1038.0,0.163,0.513,14,58.9,8,22,33,0,26.0,63.8,93.9,62.8,True,
2026-03-10,P054,PEN06,94,46.08,108.7,1218.9,0.187,0.581,13,45.4,8,24,29,2,26.0,59.1,88.4,49.0,True,
2026-03-11,P054,PEN06,95,46.49,118.3,897.1,0.126,0.531,12,42.2,11,22,40,0,26.9,61.8,90.9,51.3,True,
2026-03-12,P054,PEN06,96,47.14,118.9,1128.5,0.158,0.512,11,44.4,9,29,41,0,25.1,60.4,91.3,56.4,True,
2026-03-13,P054,PEN06,97,48.47,108.8,1212.5,0.186,0.569,9,47.0,8,26,38,0,25.8,61.1,92.3,53.6,True,
2026-03-14,P054,PEN06,98,48.73,105.8,1093.1,0.172,0.571,12,64.2,11,20,38,0,25.6,62.7,89.2,63.0,True,
2026-03-15,P054,PEN06,99,50.02,114.2,1012.2,0.148,0.549,11,45.2,10,21,41,0,24.8,58.1,87.4,52.5,True,
2026-03-16,P054,PEN06,100,50.3,104.4,1099.7,0.176,0.521,10,52.9,9,27,48,0,25.5,60.1,96.7,58.7,True,
2026-03-17,P054,PEN06,101,51.66,106.6,1408.4,0.22,0.591,14,51.3,8,23,40,0,24.0,56.4,99.2,56.6,True,
2026-03-18,P054,PEN06,102,51.1,110.6,1144.0,0.172,0.573,13,,7,24,37,0,23.8,60.3,100.0,56.7,True,
2026-03-19,P054,PEN06,103,52.22,111.0,1036.9,0.156,0.592,13,52.9,7,12,35,0,22.7,57.3,86.5,54.5,True,
2026-03-20,P054,PEN06,104,53.08,87.1,1206.6,0.231,0.596,10,48.1,6,27,38,0,22.1,52.2,97.9,49.0,True,
2026-03-21,P054,PEN06,105,54.98,99.7,1259.3,0.21,0.488,13,61.4,7,28,35,4,22.7,52.9,94.6,61.6,True,
2026-03-22,P054,PEN06,106,54.63,94.7,1292.9,0.228,0.519,12,50.3,5,21,52,2,20.9,57.0,87.4,54.8,True,
2026-03-23,P054,PEN06,107,55.0,107.0,993.0,0.155,0.621,11,56.8,8,20,43,1,19.5,56.7,95.3,52.6,True,
2026-03-24,P054,PEN06,108,55.79,102.6,1056.9,0.172,0.54,13,50.9,8,16,38,2,19.9,53.3,94.1,52.6,True,
2026-03-25,P054,PEN06,109,56.38,100.7,1118.0,0.185,0.527,12,51.1,7,21,37,0,20.9,54.8,94.1,56.8,True,
2026-03-26,P054,PEN06,110,57.48,106.2,1217.7,0.191,0.586,11,40.5,9,30,32,0,20.7,60.8,96.7,47.9,True,
2026-03-27,P054,PEN06,111,57.95,111.6,987.9,0.148,0.621,12,50.2,11,23,36,0,19.7,62.3,90.2,50.5,True,
2026-03-28,P054,PEN06,112,58.78,99.2,1256.8,0.211,0.454,14,51.1,8,20,45,0,21.0,58.8,85.0,62.6,True,
2026-03-29,P054,PEN06,113,60.13,101.6,1241.2,0.204,0.548,11,47.5,9,19,33,0,21.4,59.5,97.6,54.4,True,
2026-03-30,P054,PEN06,114,60.04,110.9,1116.5,0.168,0.61,12,44.2,8,23,37,0,22.7,55.4,93.3,48.5,True,
2026-03-31,P054,PEN06,115,60.58,118.5,1249.0,0.176,0.523,13,39.9,8,34,34,0,22.0,57.8,93.6,53.9,True,
2026-04-01,P054,PEN06,116,62.16,113.6,1114.3,0.164,0.519,11,53.5,9,23,33,0,22.0,71.4,95.8,60.9,True,
2026-04-02,P054,PEN06,117,62.46,105.8,1145.0,0.18,0.523,9,44.0,9,20,41,1,20.6,66.6,97.4,52.1,True,
2026-04-03,P054,PEN06,118,62.91,115.2,1241.9,0.18,0.541,11,43.6,7,25,45,0,22.9,66.6,95.6,54.5,True,
2026-04-04,P054,PEN06,119,64.36,98.8,1149.3,0.194,0.558,12,59.8,7,11,33,1,24.0,69.1,91.9,58.9,True,
2026-04-05,P054,PEN06,120,64.1,97.9,1302.1,0.222,0.562,11,51.7,7,26,37,0,24.2,72.9,89.3,56.2,True,
2026-04-06,P054,PEN06,121,64.96,100.7,1161.4,0.192,,13,60.3,8,25,34,0,23.0,66.5,92.2,61.5,True,
2026-04-07,P054,PEN06,122,66.19,130.3,1322.6,0.169,0.542,13,42.8,6,25,34,2,24.3,72.4,96.9,54.4,True,
2026-04-08,P054,PEN06,123,66.53,100.6,1182.3,0.196,0.565,11,53.7,7,26,44,1,25.6,72.7,88.6,55.2,True,
2026-04-09,P054,PEN06,124,67.11,96.6,1108.2,0.191,0.571,12,38.7,9,21,39,0,25.6,74.9,98.3,45.0,True,
2026-04-10,P054,PEN06,125,68.54,71.4,1142.7,0.267,0.554,11,53.4,6,17,42,0,25.6,72.2,96.5,52.1,True,
2026-04-11,P054,PEN06,126,68.03,119.9,1248.4,0.174,0.508,12,46.6,9,19,32,1,26.4,72.1,96.4,58.0,True,
2026-03-01,P055,PEN07,80,44.56,99.0,830.4,0.14,0.556,11,39.8,7,16,43,0,22.3,72.6,100.0,44.4,True,
2026-03-02,P055,PEN07,81,45.96,98.2,882.3,0.15,0.594,13,49.1,9,18,31,0,22.4,72.5,89.5,48.4,True,
2026-03-03,P055,PEN07,82,46.18,100.4,984.5,0.163,0.563,11,45.8,9,22,39,0,23.5,69.7,86.5,49.5,True,
2026-03-04,P055,PEN07,83,47.59,98.8,1087.3,0.183,0.579,9,50.8,9,15,40,0,25.1,70.5,94.7,52.6,True,
2026-03-05,P055,PEN07,84,47.29,96.0,960.5,0.167,0.539,10,45.8,9,29,40,0,24.7,70.0,85.2,50.2,True,
2026-03-06,P055,PEN07,85,48.29,96.8,1052.5,0.181,0.577,11,49.5,8,21,35,0,24.8,66.0,93.8,51.1,True,
2026-03-07,P055,PEN07,86,48.82,101.6,1017.0,0.167,0.532,12,57.5,6,18,34,1,25.8,66.3,86.4,58.3,True,
2026-03-08,P055,PEN07,87,50.38,90.1,1152.1,0.213,0.543,10,55.7,8,24,31,0,25.3,70.7,92.4,57.4,True,
2026-03-09,P055,PEN07,88,50.27,95.7,1026.2,0.179,0.569,11,45.9,7,16,30,1,25.8,62.1,98.4,47.6,True,
2026-03-10,P055,PEN07,89,50.89,106.6,1071.6,0.168,0.532,11,41.0,8,12,37,1,25.1,55.0,98.4,49.0,True,
2026-03-11,P055,PEN07,90,52.09,102.9,,0.161,0.555,13,47.7,10,19,31,0,25.4,65.0,97.5,51.9,True,
2026-03-12,P055,PEN07,91,52.97,102.7,987.1,0.16,0.573,8,47.0,6,21,34,0,25.1,65.1,93.9,50.0,True,
2026-03-13,P055,PEN07,92,53.07,107.1,1304.0,0.203,0.561,11,35.5,11,20,30,0,23.3,56.4,93.6,47.3,True,
2026-03-14,P055,PEN07,93,54.97,98.3,912.1,0.155,0.559,12,52.4,7,26,30,1,26.1,51.9,99.9,51.7,True,
2026-03-15,P055,PEN07,94,54.74,92.6,662.0,0.119,0.552,10,43.3,7,29,30,0,23.5,56.4,90.4,44.2,True,
2026-03-16,P055,PEN07,95,55.11,80.5,1002.9,0.208,0.573,10,48.5,8,24,27,2,24.7,62.7,94.8,44.9,True,
2026-03-17,P055,PEN07,96,56.25,98.9,837.3,0.141,0.607,10,49.4,9,22,40,0,23.5,54.7,92.1,47.3,True,
2026-03-18,P055,PEN07,97,57.27,100.5,987.6,0.164,0.568,10,43.4,7,15,32,0,24.5,45.9,86.8,47.7,True,
2026-03-19,P055,PEN07,98,57.7,105.5,1206.3,0.191,0.656,9,44.0,7,16,36,2,22.9,54.8,92.5,42.6,True,
2026-03-20,P055,PEN07,99,58.23,99.2,894.3,0.15,0.565,11,54.8,7,19,38,0,22.4,56.1,100.0,54.2,True,
2026-03-21,P055,PEN07,100,59.43,99.2,1067.2,0.179,0.562,11,54.7,6,22,39,0,21.6,56.3,95.6,56.1,True,
2026-03-22,P055,PEN07,101,59.94,74.4,1076.2,0.241,0.635,13,38.8,8,21,37,2,21.1,53.2,92.9,34.4,True,
2026-03-23,P055,PEN07,102,60.2,83.2,1036.4,0.208,0.573,14,40.8,7,17,38,0,19.7,55.8,98.3,43.4,True,
2026-03-24,P055,PEN07,103,61.42,101.3,1129.0,0.186,0.59,12,51.6,9,22,28,0,20.2,58.2,90.5,53.1,True,
2026-03-25,P055,PEN07,104,62.35,87.0,1001.7,0.192,0.604,11,42.7,8,26,53,0,20.0,59.8,95.3,43.0,True,
2026-03-26,P055,PEN07,105,62.22,80.7,999.3,0.207,0.537,13,52.9,7,25,33,1,19.4,59.9,90.9,51.5,True,
2026-03-27,P055,PEN07,106,63.12,97.8,1039.9,0.177,0.66,12,31.7,9,24,32,0,18.3,56.3,95.0,34.3,True,
2026-03-28,P055,PEN07,107,63.76,89.2,849.5,0.159,0.613,10,55.9,8,18,27,1,19.6,64.3,99.0,48.3,True,
2026-03-29,P055,PEN07,108,64.44,66.6,707.4,0.177,0.595,9,39.5,8,15,26,0,20.3,59.7,93.1,35.2,True,
2026-03-30,P055,PEN07,109,64.56,73.6,747.2,0.169,0.7,10,40.0,8,26,35,1,21.0,65.9,97.7,28.8,True,
2026-03-31,P055,PEN07,110,65.67,70.6,623.4,0.147,0.696,9,31.3,8,9,33,0,20.9,62.4,98.6,23.1,True,
2026-04-01,P055,PEN07,111,65.75,61.3,540.0,0.147,0.732,8,42.8,8,13,29,2,21.1,64.5,91.2,23.1,True,
2026-04-02,P055,PEN07,112,67.05,68.2,496.9,0.121,0.663,7,33.9,5,10,26,0,21.6,67.1,81.7,25.3,True,
2026-04-03,P055,PEN07,113,67.67,57.4,629.8,0.183,0.715,8,39.4,6,18,27,1,21.8,65.6,87.8,23.7,True,
2026-04-04,P055,PEN07,114,68.16,79.1,689.5,0.145,0.707,8,47.9,4,20,24,0,21.8,73.5,83.8,35.3,True,
2026-04-05,P055,PEN07,115,68.91,63.3,556.8,0.147,0.682,6,40.6,8,20,31,0,23.0,67.7,95.7,28.2,True,
2026-04-06,P055,PEN07,116,69.41,49.7,830.5,0.278,0.807,9,39.0,8,3,24,2,23.0,77.3,90.5,16.9,True,
2026-04-07,P055,PEN07,117,71.08,87.7,705.5,0.134,0.645,12,52.3,7,21,40,1,24.2,71.3,77.0,42.2,True,
2026-04-08,P055,PEN07,118,71.97,94.7,937.5,0.165,0.595,11,33.5,10,15,29,0,23.9,75.3,92.9,38.2,True,
2026-04-09,P055,PEN07,119,73.0,106.4,1096.2,0.172,0.585,9,47.5,7,18,26,0,27.0,69.7,98.8,51.3,True,
2026-04-10,P055,PEN07,120,72.6,82.0,986.4,0.2,0.603,12,53.7,9,23,33,0,25.1,68.0,94.5,49.2,True,
2026-04-11,P055,PEN07,121,74.06,81.5,856.0,0.175,0.612,12,44.5,9,23,37,0,26.1,74.3,100.0,41.2,True,
2026-03-01,P056,PEN08,83,41.5,152.1,1745.7,0.191,0.416,13,67.8,6,31,56,0,22.8,72.9,91.1,89.3,True,
2026-03-02,P056,PEN08,84,42.34,160.0,1440.4,0.15,0.464,13,68.5,6,28,56,0,23.6,66.5,97.6,84.9,True,
2026-03-03,P056,PEN08,85,42.76,130.7,1510.8,0.193,0.456,16,66.0,10,31,45,1,25.7,76.1,95.7,78.4,True,
2026-03-04,P056,PEN08,86,44.4,152.7,1405.3,0.153,0.439,13,59.3,10,30,59,0,24.7,67.9,97.3,79.0,True,
2026-03-05,P056,PEN08,87,44.12,125.9,1574.6,0.209,0.434,12,73.9,7,34,55,0,25.5,75.1,96.6,86.2,True,
2026-03-06,P056,PEN08,88,45.35,134.3,1573.3,0.195,0.451,14,59.3,6,31,47,0,26.2,69.0,93.3,77.0,True,
2026-03-07,P056,PEN08,89,46.88,151.0,1611.4,0.178,0.494,13,65.1,7,37,44,0,27.7,71.8,95.2,81.0,True,
2026-03-08,P056,PEN08,90,46.31,140.5,1595.5,0.189,0.49,10,65.7,7,32,51,0,26.5,66.4,98.8,79.8,True,
2026-03-09,P056,PEN08,91,47.72,145.0,1286.7,0.148,0.509,15,74.8,7,36,52,0,28.4,63.5,90.4,82.1,True,
2026-03-10,P056,PEN08,92,48.3,153.6,1427.0,0.155,0.447,14,61.9,8,31,58,0,27.3,64.9,96.6,80.5,True,
2026-03-11,P056,PEN08,93,48.51,159.1,1301.8,0.136,0.463,16,69.3,6,37,48,0,27.8,64.2,100.0,83.9,True,
2026-03-12,P056,PEN08,94,49.31,154.0,1772.1,0.192,0.461,15,65.2,5,32,41,1,27.3,59.9,96.5,83.9,True,
2026-03-13,P056,PEN08,95,49.84,156.3,1680.3,0.179,,13,72.4,7,32,57,0,27.5,60.0,98.2,90.1,True,
2026-03-14,P056,PEN08,96,51.99,158.1,1490.5,0.157,0.475,15,74.7,9,35,45,0,27.0,56.0,90.0,88.4,True,
2026-03-15,P056,PEN08,97,51.72,135.8,1413.4,0.173,0.475,14,61.9,9,35,46,0,26.1,59.5,99.2,75.7,True,
2026-03-16,P056,PEN08,98,52.38,143.8,1549.2,0.18,0.428,13,56.4,8,28,49,0,24.6,60.3,88.2,77.8,True,
2026-03-17,P056,PEN08,99,53.43,153.0,1674.2,0.182,0.454,14,56.1,9,29,52,0,25.3,51.9,93.8,78.7,True,
2026-03-18,P056,PEN08,100,53.57,151.7,1446.6,0.159,0.445,12,64.1,8,29,48,0,24.0,53.8,81.8,81.9,True,
2026-03-19,P056,PEN08,101,54.4,136.9,1622.6,0.198,0.485,13,70.9,9,41,50,0,23.2,58.8,91.3,83.2,True,
2026-03-20,P056,PEN08,102,55.42,155.7,1421.6,0.152,0.46,13,59.2,7,27,51,2,24.3,56.5,92.3,75.4,True,
2026-03-21,P056,PEN08,103,56.37,149.7,1426.0,0.159,0.505,11,60.7,9,32,52,0,23.9,52.2,89.0,75.3,True,
2026-03-22,P056,PEN08,104,57.16,148.3,1642.7,0.185,0.43,14,69.1,7,27,48,0,23.4,55.8,100.0,87.6,True,
2026-03-23,P056,PEN08,105,57.37,148.1,1475.5,0.166,0.57,13,66.4,8,34,56,0,23.3,60.3,88.9,75.1,True,
2026-03-24,P056,PEN08,106,57.72,145.3,1537.2,0.176,0.533,16,62.7,10,38,53,0,22.2,60.7,87.2,75.2,True,
2026-03-25,P056,PEN08,107,58.09,146.2,1616.6,0.184,0.445,13,60.4,7,31,45,1,21.3,54.5,98.6,79.0,True,
2026-03-26,P056,PEN08,108,59.98,143.7,1335.7,0.155,0.447,14,67.0,8,35,54,0,22.5,60.7,100.0,81.4,True,
2026-03-27,P056,PEN08,109,60.02,152.6,1622.3,0.177,0.497,14,64.6,8,34,46,0,22.0,58.7,97.5,80.8,True,
2026-03-28,P056,PEN08,110,60.33,154.1,1389.7,0.15,0.512,14,62.5,9,36,62,0,21.8,58.3,100.0,76.4,True,
2026-03-29,P056,PEN08,111,60.78,152.6,1473.9,0.161,0.426,14,63.7,9,32,46,0,20.8,62.8,100.0,83.4,True,
2026-03-30,P056,PEN08,112,62.64,141.6,1611.0,0.19,0.413,14,55.9,8,30,48,2,23.6,64.7,94.0,75.9,True,
2026-03-31,P056,PEN08,113,62.8,144.1,1551.7,0.18,0.413,14,65.9,8,34,39,0,22.3,61.4,91.4,85.0,True,
2026-04-01,P056,PEN08,114,63.68,156.5,1651.8,0.176,0.446,15,71.7,8,30,45,1,23.0,61.8,91.3,88.2,True,
2026-04-02,P056,PEN08,115,64.1,140.3,1494.1,0.177,0.541,14,65.6,8,36,55,0,24.7,64.0,89.2,75.4,True,
2026-04-03,P056,PEN08,116,64.97,140.8,1552.7,0.184,0.456,12,63.1,7,34,43,1,24.2,71.1,94.6,78.5,True,
2026-04-04,P056,PEN08,117,65.46,133.7,1589.3,0.198,0.423,14,69.5,7,32,51,1,24.3,73.1,91.0,84.0,True,
2026-04-05,P056,PEN08,118,65.91,156.1,1459.7,0.156,0.573,13,64.3,10,35,54,0,23.6,68.6,96.6,74.6,True,
2026-04-06,P056,PEN08,119,67.33,135.8,1417.0,0.174,,13,66.7,7,40,52,0,26.2,61.6,91.7,79.5,True,
2026-04-07,P056,PEN08,120,68.53,149.0,1491.2,0.167,0.508,12,57.0,8,27,48,2,26.0,70.4,97.6,70.5,True,
2026-04-08,P056,PEN08,121,68.72,143.0,1439.2,0.168,0.494,10,53.9,7,35,52,0,25.4,71.4,96.4,70.7,True,
2026-04-09,P056,PEN08,122,69.66,143.3,1599.4,0.186,0.51,14,57.7,8,33,57,1,27.3,75.9,93.0,72.4,True,
2026-04-10,P056,PEN08,123,70.16,144.3,1495.8,0.173,0.489,14,68.9,8,32,52,0,26.9,73.9,89.9,81.5,True,
2026-04-11,P056,PEN08,124,70.08,160.0,1602.5,0.167,0.455,16,71.7,8,29,50,0,28.0,70.8,95.0,89.2,True,
2026-03-01,P057,PEN01,87,38.95,103.7,1207.6,0.194,0.59,11,54.9,9,23,35,0,24.1,68.1,94.2,56.5,True,
2026-03-02,P057,PEN01,88,39.82,97.1,1166.3,0.2,0.586,12,49.2,7,10,32,0,24.8,67.4,97.5,51.6,True,
2026-03-03,P057,PEN01,89,41.47,100.6,1181.0,0.196,0.544,11,57.1,9,24,33,0,25.2,77.3,85.7,60.1,True,
2026-03-04,P057,PEN01,90,42.2,100.9,1123.7,0.186,0.498,13,58.3,7,18,25,1,24.4,70.9,97.5,62.0,True,
2026-03-05,P057,PEN01,91,41.47,86.9,1022.9,0.196,0.524,12,55.9,5,25,39,0,25.7,65.7,100.0,56.9,True,
2026-03-06,P057,PEN01,92,42.51,95.8,1021.2,0.178,0.543,13,45.8,8,16,32,2,26.8,70.6,89.3,47.7,True,
2026-03-07,P057,PEN01,93,43.65,103.8,1052.0,0.169,0.647,12,46.7,7,28,35,0,24.9,66.0,93.8,46.0,True,
2026-03-08,P057,PEN01,94,45.2,91.3,1032.4,0.188,0.546,8,50.2,9,12,34,1,26.3,64.1,93.5,51.2,True,
2026-03-09,P057,PEN01,95,44.22,112.5,1258.0,0.186,0.566,11,50.8,10,15,30,0,25.0,66.1,95.4,57.3,True,
2026-03-10,P057,PEN01,96,45.95,92.6,1086.1,0.196,0.621,10,54.0,7,16,34,1,27.0,63.6,95.0,49.5,True,
2026-03-11,P057,PEN01,97,47.29,100.3,991.9,0.165,0.616,10,54.7,7,19,33,1,26.5,64.5,95.9,50.6,True,
2026-03-12,P057,PEN01,98,47.03,100.0,984.3,0.164,0.629,12,56.4,9,14,31,0,26.5,62.1,88.3,52.1,True,
2026-03-13,P057,PEN01,99,47.69,84.0,1130.3,0.224,0.586,7,50.5,8,25,35,0,27.0,64.6,88.6,49.9,True,
2026-03-14,P057,PEN01,100,48.63,98.6,871.7,0.147,0.554,10,43.5,6,20,31,0,26.9,57.5,89.3,47.3,True,
2026-03-15,P057,PEN01,101,49.1,106.8,629.3,0.098,0.572,11,,9,15,46,0,25.0,59.0,100.0,49.4,True,
2026-03-16,P057,PEN01,102,49.91,101.6,914.4,0.15,0.519,13,52.4,7,24,34,0,24.6,58.9,94.1,56.3,True,
2026-03-17,P057,PEN01,103,50.46,92.1,1103.3,0.2,0.566,11,51.2,7,18,34,0,25.3,56.7,98.6,52.8,True,
2026-03-18,P057,PEN01,104,52.71,101.0,1101.5,0.182,0.554,12,48.5,7,27,38,3,24.1,57.5,96.9,49.0,True,
2026-03-19,P057,PEN01,105,52.37,90.1,1116.6,0.207,0.554,11,51.2,8,21,33,0,23.6,53.3,89.7,53.3,True,
2026-03-20,P057,PEN01,106,52.74,98.6,1138.5,0.192,0.577,10,47.1,9,15,36,0,22.0,51.4,90.5,50.8,True,
2026-03-21,P057,PEN01,107,53.61,104.1,1035.0,0.166,0.589,9,53.6,9,20,37,0,21.5,53.3,93.5,54.0,True,
2026-03-22,P057,PEN01,108,55.03,104.1,1231.2,0.197,0.617,10,46.1,10,19,37,1,20.5,61.5,95.6,47.9,True,
2026-03-23,P057,PEN01,109,55.25,104.3,1117.7,0.179,0.578,11,50.7,8,22,34,1,21.8,55.0,91.0,52.4,True,
2026-03-24,P057,PEN01,110,55.88,106.4,792.1,0.124,0.634,12,52.9,6,25,34,1,21.2,57.5,91.1,47.2,True,
2026-03-25,P057,PEN01,111,57.08,105.4,1104.5,0.175,0.543,13,50.9,5,24,37,0,21.3,63.5,93.6,56.2,True,
2026-03-26,P057,PEN01,112,56.89,93.4,879.5,0.157,0.486,11,52.5,9,23,35,0,21.0,59.1,89.6,56.7,True,
2026-03-27,P057,PEN01,113,57.99,99.9,954.4,0.159,0.584,9,41.2,11,26,31,0,20.7,55.9,100.0,44.8,True,
2026-03-28,P057,PEN01,114,58.63,102.1,947.4,0.155,0.543,11,39.5,9,22,35,1,21.2,65.2,93.8,45.2,True,
2026-03-29,P057,PEN01,115,58.99,106.1,1046.9,0.164,0.512,10,50.8,6,29,31,1,22.1,58.4,89.0,56.3,True,
2026-03-30,P057,PEN01,116,61.14,101.1,1074.5,0.177,0.522,9,39.3,10,17,41,0,21.4,64.8,95.1,49.0,True,
2026-03-31,P057,PEN01,117,60.91,90.7,1041.4,0.191,0.571,11,50.9,9,17,35,0,23.5,65.5,100.0,51.4,True,
2026-04-01,P057,PEN01,118,61.3,109.6,1049.0,0.16,0.576,10,44.1,6,25,35,1,21.3,70.1,93.2,48.3,True,
2026-04-02,P057,PEN01,119,62.23,105.3,1216.9,0.193,0.541,9,51.6,10,15,47,0,22.9,65.2,89.2,57.9,True,
2026-04-03,P057,PEN01,120,63.36,105.2,1108.7,0.176,0.564,12,54.3,8,21,35,0,24.7,73.2,100.0,57.0,True,
2026-04-04,P057,PEN01,121,63.73,90.3,1120.3,0.207,0.544,12,52.5,7,14,31,0,23.4,68.6,100.0,54.9,True,
2026-04-05,P057,PEN01,122,64.72,102.4,939.2,0.153,0.547,8,51.4,9,21,39,1,23.4,64.8,95.3,52.7,True,
2026-04-06,P057,PEN01,123,65.35,94.5,1250.4,0.22,0.55,14,43.5,7,20,31,1,24.5,74.4,94.3,49.3,True,
2026-04-07,P057,PEN01,124,66.72,109.8,876.7,0.133,0.598,10,52.2,6,20,34,0,25.8,71.4,96.6,51.9,True,
2026-04-08,P057,PEN01,125,66.74,,1081.5,0.178,0.551,10,45.9,8,25,42,0,27.2,70.3,85.9,51.6,True,
2026-04-09,P057,PEN01,126,67.31,98.7,1242.0,0.21,0.579,11,48.9,8,18,41,1,26.1,75.7,91.6,51.5,True,
2026-04-10,P057,PEN01,127,67.9,83.9,1056.7,0.21,0.505,10,48.3,9,25,39,1,26.1,69.0,93.4,51.7,True,
2026-04-11,P057,PEN01,128,68.77,115.8,1225.2,0.176,0.55,10,46.8,8,30,41,0,25.7,76.0,89.9,55.9,True,
2026-03-01,P058,PEN02,90,46.33,90.2,764.0,0.141,0.542,12,39.2,9,23,38,1,22.8,74.0,100.0,41.4,True,
2026-03-02,P058,PEN02,91,47.95,93.7,859.9,0.153,0.626,11,,8,18,35,0,23.6,68.6,100.0,44.5,True,
2026-03-03,P058,PEN02,92,48.82,106.6,953.4,0.149,0.594,10,36.9,7,18,34,1,23.9,72.1,93.4,41.1,True,
2026-03-04,P058,PEN02,93,49.04,94.2,1020.4,0.181,0.559,9,30.4,5,20,27,1,25.2,69.9,98.9,37.8,True,
2026-03-05,P058,PEN02,94,49.92,84.9,1140.2,0.224,0.567,12,41.4,7,26,34,1,23.9,69.7,88.9,44.2,True,
2026-03-06,P058,PEN02,95,50.72,92.3,915.5,0.165,0.565,13,37.8,9,17,30,0,25.5,65.2,88.5,42.2,True,
2026-03-07,P058,PEN02,96,51.85,93.5,1137.3,0.203,0.591,11,51.1,7,22,42,2,25.4,64.2,98.6,48.9,True,
2026-03-08,P058,PEN02,97,51.55,103.4,1061.4,0.171,0.597,9,53.5,7,20,29,0,25.3,65.5,100.0,53.6,True,
2026-03-09,P058,PEN02,98,53.48,92.1,959.8,0.174,0.504,10,49.2,10,27,31,0,26.1,61.2,95.7,54.1,True,
2026-03-10,P058,PEN02,99,53.58,113.7,975.0,0.143,0.606,13,45.5,9,21,29,1,25.2,64.9,96.6,47.2,True,
2026-03-11,P058,PEN02,100,53.63,78.4,1002.1,0.213,0.585,9,41.6,8,14,25,0,26.1,58.7,91.5,42.1,True,
2026-03-12,P058,PEN02,101,55.25,99.6,992.2,0.166,0.607,11,34.2,8,18,28,1,26.0,59.5,91.5,37.7,True,
2026-03-13,P058,PEN02,102,55.54,96.6,914.5,0.158,0.636,10,39.2,7,24,35,2,25.1,58.3,85.0,36.5,True,
2026-03-14,P058,PEN02,103,57.07,91.4,1076.4,0.196,0.577,11,42.0,10,17,35,0,24.4,57.6,86.4,45.7,True,
2026-03-15,P058,PEN02,104,57.59,105.1,1058.9,0.168,0.599,10,50.5,7,15,34,2,24.8,58.4,93.3,49.0,True,
2026-03-16,P058,PEN02,105,57.24,89.3,853.8,0.159,0.559,10,46.4,8,23,38,0,24.1,61.8,98.5,47.1,True,
2026-03-17,P058,PEN02,106,58.91,94.2,1062.0,0.188,0.498,10,39.2,7,17,34,0,23.3,52.3,98.5,49.3,True,
2026-03-18,P058,PEN02,107,59.5,94.3,1013.2,0.179,0.562,9,49.1,8,16,33,0,22.6,58.6,84.8,51.1,True,
2026-03-19,P058,PEN02,108,60.13,94.5,1171.3,0.207,0.6,11,44.7,6,19,28,0,23.2,58.3,97.0,47.4,True,
2026-03-20,P058,PEN02,109,60.69,109.9,844.8,0.128,0.522,13,48.6,10,23,24,2,23.2,50.8,97.0,51.4,True,
2026-03-21,P058,PEN02,110,62.03,94.0,912.1,0.162,0.595,10,47.8,6,17,34,0,20.9,50.3,89.7,47.1,True,
2026-03-22,P058,PEN02,111,61.83,88.8,894.5,0.168,0.58,11,44.4,7,19,25,0,20.8,58.0,98.0,44.8,True,
2026-03-23,P058,PEN02,112,63.17,83.7,920.0,0.183,0.596,9,53.2,7,27,33,0,19.4,56.5,100.0,48.9,True,
2026-03-24,P058,PEN02,113,63.55,94.3,982.9,0.174,0.567,9,49.9,9,24,31,1,20.6,55.6,94.7,49.6,True,
2026-03-25,P058,PEN02,114,64.17,97.3,943.8,0.162,0.596,10,51.6,10,13,23,0,19.4,63.4,92.4,50.3,True,
2026-03-26,P058,PEN02,115,65.05,89.9,1000.5,0.186,0.533,14,49.5,8,20,30,1,20.8,60.0,87.8,51.0,True,
2026-03-27,P058,PEN02,116,65.43,100.0,,0.161,0.622,10,40.6,7,22,32,0,20.9,55.1,92.1,42.1,True,
2026-03-28,P058,PEN02,117,67.01,85.8,973.0,0.189,0.642,10,49.0,9,26,33,1,19.5,64.6,86.6,42.7,True,
2026-03-29,P058,PEN02,118,66.91,,865.3,0.148,0.536,12,46.6,6,23,34,0,20.5,59.0,96.7,50.3,True,
2026-03-30,P058,PEN02,119,67.92,93.9,1033.4,0.183,0.525,9,52.4,8,13,37,1,20.6,59.4,98.9,54.4,True,
2026-03-31,P058,PEN02,120,67.8,83.5,924.2,0.185,0.517,12,46.3,8,24,32,1,20.4,68.0,98.5,48.2,True,
2026-04-01,P058,PEN02,121,70.04,104.9,1068.6,0.17,0.515,9,40.8,8,26,39,0,19.6,66.7,90.1,51.0,True,
2026-04-02,P058,PEN02,122,69.31,95.1,853.8,0.15,0.537,10,40.8,7,21,28,0,22.6,62.7,89.1,45.9,True,
2026-04-03,P058,PEN02,123,70.9,98.3,1043.3,0.177,,11,39.2,9,21,33,0,23.0,67.1,94.7,45.5,True,
2026-04-04,P058,PEN02,124,72.09,79.6,1145.6,0.24,0.585,10,55.0,8,18,35,0,23.1,66.4,99.5,52.4,True,
2026-04-05,P058,PEN02,125,72.12,98.1,796.3,0.135,0.561,12,37.8,7,10,40,2,23.6,68.7,94.4,39.4,True,
2026-04-06,P058,PEN02,126,72.62,89.5,1119.9,0.209,0.652,11,52.0,9,19,39,0,23.8,76.0,93.4,47.4,True,
2026-04-07,P058,PEN02,127,73.54,108.3,1028.7,0.158,0.57,12,45.8,6,14,31,2,23.7,69.1,95.1,48.0,True,
2026-04-08,P058,PEN02,128,74.7,96.1,905.8,0.157,0.561,10,47.6,8,16,28,0,24.5,74.3,100.0,49.4,True,
2026-04-09,P058,PEN02,129,75.54,92.1,1019.6,0.185,0.575,10,51.5,8,21,39,0,24.9,72.1,93.3,51.5,True,
2026-04-10,P058,PEN02,130,75.86,88.8,933.0,0.175,0.584,11,41.9,9,16,32,1,25.5,68.7,97.6,41.9,True,
2026-04-11,P058,PEN02,131,76.76,100.4,953.3,0.158,,11,57.8,9,25,32,0,24.1,69.5,85.9,57.2,True,
2026-03-01,P059,PEN03,85,51.34,158.5,1755.5,0.185,0.405,14,74.5,8,39,52,1,23.6,74.5,100.0,94.1,True,
2026-03-02,P059,PEN03,86,51.97,160.0,1762.6,0.184,0.361,14,74.0,8,41,57,1,22.9,71.8,86.8,96.9,True,
2026-03-03,P059,PEN03,87,52.64,160.0,1800.0,0.188,0.398,14,73.4,9,35,51,0,22.8,71.5,84.3,95.9,True,
2026-03-04,P059,PEN03,88,54.32,160.0,1800.0,0.188,0.394,17,80.3,6,41,59,1,24.3,70.0,85.9,99.3,True,
2026-03-05,P059,PEN03,89,53.89,160.0,1800.0,0.188,0.417,15,77.3,8,44,61,0,24.6,67.4,98.6,97.2,True,
2026-03-06,P059,PEN03,90,56.54,160.0,1740.2,0.181,0.404,15,69.8,8,44,52,0,26.0,73.4,94.0,92.6,True,
2026-03-07,P059,PEN03,91,56.34,160.0,1800.0,0.188,0.368,17,76.1,9,41,50,1,25.0,67.7,93.7,98.3,True,
2026-03-08,P059,PEN03,92,56.84,160.0,1800.0,0.188,0.394,15,75.1,7,36,55,1,25.2,66.8,96.9,95.9,True,
2026-03-09,P059,PEN03,93,58.29,160.0,1544.7,0.161,0.489,15,71.8,11,39,57,0,30.5,70.0,93.5,86.4,True,
2026-03-10,P059,PEN03,94,58.17,133.1,1471.6,0.184,0.416,13,65.9,9,45,62,0,30.0,68.2,96.2,82.3,True,
2026-03-11,P059,PEN03,95,58.71,156.5,1683.4,0.179,0.456,16,81.2,10,36,50,0,31.1,74.2,95.5,95.5,True,
2026-03-12,P059,PEN03,96,59.56,160.0,1779.0,0.185,0.47,13,77.3,12,38,61,2,29.9,70.7,99.3,90.7,True,
2026-03-13,P059,PEN03,97,60.54,160.0,1800.0,0.188,0.36,15,78.9,7,35,52,0,23.8,55.1,86.7,100.0,True,
2026-03-14,P059,PEN03,98,61.86,155.9,1800.0,0.192,0.376,17,72.9,9,37,53,0,24.2,57.4,86.7,96.4,True,
2026-03-15,P059,PEN03,99,62.24,160.0,1737.1,0.181,0.393,17,83.5,9,36,65,0,24.8,60.5,95.7,100.0,True,
2026-03-16,P059,PEN03,100,62.32,160.0,1800.0,0.188,0.433,16,59.7,8,41,56,0,23.8,58.6,93.5,84.8,True,
2026-03-17,P059,PEN03,101,63.44,160.0,1769.4,0.184,0.393,14,85.0,6,33,54,0,23.3,53.4,83.9,100.0,True,
2026-03-18,P059,PEN03,102,63.29,160.0,1800.0,0.188,0.341,13,80.2,8,33,61,0,23.1,54.7,100.0,100.0,True,
2026-03-19,P059,PEN03,103,65.01,160.0,1768.8,0.184,0.38,16,74.1,10,33,59,1,22.2,60.8,85.2,95.8,True,
2026-03-20,P059,PEN03,104,65.12,160.0,1800.0,0.188,0.37,15,74.6,10,42,55,0,22.2,51.8,90.6,98.5,True,
2026-03-21,P059,PEN03,105,66.85,159.5,1456.7,0.152,0.417,16,71.9,8,40,53,0,22.7,54.1,100.0,90.2,True,
2026-03-22,P059,PEN03,106,67.22,160.0,1800.0,0.188,0.449,16,84.5,7,37,62,1,20.3,52.5,89.3,98.4,True,
2026-03-23,P059,PEN03,107,67.33,160.0,1800.0,0.188,0.42,18,81.0,8,35,58,0,20.8,53.0,96.0,99.4,True,
2026-03-24,P059,PEN03,108,67.19,160.0,1800.0,0.188,0.385,14,76.3,8,33,58,1,20.0,58.6,92.8,97.3,True,
2026-03-25,P059,PEN03,109,69.26,160.0,1634.9,0.17,0.447,14,64.7,6,38,62,0,18.6,58.8,100.0,85.4,True,
2026-03-26,P059,PEN03,110,69.52,154.0,1699.6,0.184,0.45,17,73.4,9,38,50,1,18.7,58.1,96.7,89.2,True,
2026-03-27,P059,PEN03,111,70.03,157.2,1800.0,0.191,0.371,15,70.8,8,33,58,2,20.9,61.2,100.0,92.8,True,
2026-03-28,P059,PEN03,112,70.84,160.0,1800.0,0.188,0.344,14,79.9,7,42,65,0,20.6,60.9,91.0,100.0,True,
2026-03-29,P059,PEN03,113,72.5,160.0,1586.9,0.165,0.426,15,85.0,9,33,60,0,20.7,65.2,98.4,99.6,True,
2026-03-30,P059,PEN03,114,72.35,160.0,1749.4,0.182,0.408,15,80.5,8,36,63,0,20.4,64.9,100.0,99.4,True,
2026-03-31,P059,PEN03,115,72.65,160.0,1746.5,0.182,0.38,16,70.8,9,36,64,1,21.3,56.5,91.8,93.5,True,
2026-04-01,P059,PEN03,116,74.37,160.0,1800.0,0.188,0.461,15,79.8,8,38,55,0,20.9,61.1,99.0,96.1,True,
2026-04-02,P059,PEN03,117,74.05,160.0,1800.0,0.188,0.449,16,76.7,9,31,62,3,22.1,64.3,99.8,90.6,True,
2026-04-03,P059,PEN03,118,74.69,147.4,1765.3,0.2,0.425,15,82.4,9,25,48,0,23.1,64.1,96.8,97.7,True,
2026-04-04,P059,PEN03,119,75.68,151.0,1767.0,0.195,0.471,13,79.9,9,37,52,2,22.1,67.1,86.7,90.8,True,
2026-04-05,P059,PEN03,120,76.94,151.7,1353.2,0.149,0.477,13,67.5,10,35,52,2,22.6,64.6,92.4,78.4,True,
2026-04-06,P059,PEN03,121,77.13,147.0,1490.0,0.169,0.492,13,63.2,8,28,48,0,23.1,69.8,93.0,78.0,True,
2026-04-07,P059,PEN03,122,77.1,144.2,1646.3,0.19,0.51,11,51.6,9,28,49,1,24.3,72.1,93.3,69.0,True,
2026-04-08,P059,PEN03,123,77.1,154.1,1615.5,0.175,0.494,13,62.4,11,33,47,0,23.8,71.5,95.4,79.7,True,
2026-04-09,P059,PEN03,124,79.06,160.0,1569.5,0.163,0.533,12,59.2,9,35,48,1,25.8,72.9,94.7,74.3,True,
2026-04-10,P059,PEN03,125,79.05,146.0,1671.5,0.191,0.504,13,47.4,8,28,52,1,24.2,70.6,95.2,67.2,True,
2026-04-11,P059,PEN03,126,80.88,151.2,1614.1,0.178,0.521,12,52.8,8,35,61,1,26.3,66.6,97.7,69.9,True,
2026-03-01,P060,PEN04,91,46.72,127.4,1443.8,0.189,0.465,14,60.1,7,30,44,1,24.3,68.3,94.6,72.7,True,
2026-03-02,P060,PEN04,92,47.36,142.1,1337.6,0.157,0.481,11,71.0,8,30,53,1,25.1,69.7,91.4,80.1,True,
2026-03-03,P060,PEN04,93,48.19,132.4,1476.5,0.186,0.453,14,59.2,8,31,37,1,26.3,71.2,94.2,74.1,True,
2026-03-04,P060,PEN04,94,48.05,134.5,1541.9,0.191,0.444,12,57.2,9,31,49,1,26.0,66.6,91.3,74.3,True,
2026-03-05,P060,PEN04,95,50.01,124.2,1671.7,0.224,0.403,13,61.5,7,30,45,2,25.6,71.6,89.9,78.1,True,
2026-03-06,P060,PEN04,96,50.89,,1349.6,0.153,0.446,12,59.7,7,34,41,0,26.3,71.4,100.0,77.3,True,
2026-03-07,P060,PEN04,97,51.61,137.6,1405.5,0.17,0.447,12,62.0,9,32,43,0,27.4,75.2,94.4,77.8,True,
2026-03-08,P060,PEN04,98,52.0,138.7,1535.5,0.184,0.512,12,62.9,8,37,46,1,27.8,65.3,92.7,74.2,True,
2026-03-09,P060,PEN04,99,51.59,122.7,975.9,0.133,0.554,15,63.2,12,28,44,0,31.6,71.0,97.8,65.0,True,
2026-03-10,P060,PEN04,100,52.34,129.2,1455.6,0.188,0.508,13,59.4,11,26,51,1,31.9,67.7,89.7,69.9,True,
2026-03-11,P060,PEN04,101,53.65,139.7,1299.2,0.155,,12,56.0,11,33,44,0,32.9,66.9,100.0,63.2,True,
2026-03-12,P060,PEN04,102,54.48,119.7,1292.8,0.18,0.508,13,76.0,9,33,48,1,32.9,62.4,94.6,77.6,True,
2026-03-13,P060,PEN04,103,54.84,137.9,1557.8,0.188,0.472,11,47.6,10,33,42,1,26.5,59.2,96.7,67.0,True,
2026-03-14,P060,PEN04,104,55.55,136.2,1592.5,0.195,0.485,13,66.0,10,30,45,1,26.0,63.6,94.8,78.2,True,
2026-03-15,P060,PEN04,105,56.13,130.6,1649.3,0.21,0.452,16,60.1,8,38,40,0,24.7,60.1,95.8,77.6,True,
2026-03-16,P060,PEN04,106,57.13,128.0,1595.8,0.208,0.539,13,66.5,8,28,45,0,24.7,56.0,94.3,75.2,True,
2026-03-17,P060,PEN04,107,57.68,123.0,1268.4,0.172,0.442,14,65.0,8,29,50,0,24.9,56.7,93.5,76.3,True,
2026-03-18,P060,PEN04,108,58.39,142.8,1344.9,0.157,0.517,14,57.1,10,27,48,0,24.8,59.1,94.7,70.3,True,
2026-03-19,P060,PEN04,109,59.53,155.1,1316.7,0.142,0.474,13,68.1,8,30,45,0,22.3,53.4,100.0,81.9,True,
2026-03-20,P060,PEN04,110,59.09,129.9,1304.8,0.167,0.513,14,58.7,8,34,51,0,22.2,57.0,93.9,69.2,True,
2026-03-21,P060,PEN04,111,59.92,149.1,1189.5,0.133,0.506,13,70.8,9,31,46,1,23.1,45.9,98.7,78.0,True,
2026-03-22,P060,PEN04,112,62.19,145.5,1381.4,0.158,,12,64.6,6,30,52,0,21.7,59.3,99.6,80.8,True,
2026-03-23,P060,PEN04,113,61.98,145.8,1204.2,0.138,0.482,13,55.0,7,17,49,1,21.3,56.8,94.7,68.9,True,
2026-03-24,P060,PEN04,114,63.07,155.2,1304.4,0.14,0.432,13,64.9,11,28,46,1,21.3,55.0,87.3,81.0,True,
2026-03-25,P060,PEN04,115,63.9,149.8,1379.6,0.154,0.492,13,69.7,7,33,47,0,21.3,58.0,87.2,81.6,True,
2026-03-26,P060,PEN04,116,64.67,144.3,1453.5,0.168,0.55,15,61.8,7,39,56,0,21.4,63.3,100.0,72.5,True,
2026-03-27,P060,PEN04,117,65.08,127.3,1456.6,0.191,0.473,13,70.4,10,25,52,2,21.3,62.4,95.3,77.7,True,
2026-03-28,P060,PEN04,118,66.14,135.0,1295.8,0.16,0.456,13,53.8,9,31,50,1,21.6,60.3,80.4,69.0,True,
2026-03-29,P060,PEN04,119,65.97,122.8,1499.9,0.203,0.441,16,63.2,8,27,42,0,21.6,63.4,90.1,77.6,True,
2026-03-30,P060,PEN04,120,67.73,149.5,1463.8,0.163,0.425,14,68.4,8,29,56,0,21.2,66.4,93.4,85.9,True,
2026-03-31,P060,PEN04,121,67.82,131.2,1385.9,0.176,0.508,15,57.2,7,31,44,0,22.7,63.4,100.0,69.5,True,
2026-04-01,P060,PEN04,122,68.83,137.7,1498.3,0.181,0.502,14,52.0,11,27,44,1,21.7,61.3,88.9,67.3,True,
2026-04-02,P060,PEN04,123,69.0,130.3,1302.9,0.167,0.503,12,58.7,9,24,48,0,22.7,64.5,87.5,69.8,True,
2026-04-03,P060,PEN04,124,70.26,109.1,1418.8,0.217,0.469,14,69.4,6,30,48,1,24.7,69.7,95.3,75.3,True,
2026-04-04,P060,PEN04,125,71.98,137.8,1387.4,0.168,0.45,14,68.6,7,38,43,1,25.2,65.6,98.5,80.4,True,
2026-04-05,P060,PEN04,126,71.86,146.2,1604.7,0.183,0.507,12,66.6,5,36,38,1,25.6,67.8,93.6,78.8,True,
2026-04-06,P060,PEN04,127,73.33,144.7,1585.3,0.183,0.484,16,57.7,8,33,49,0,26.2,71.4,95.9,75.5,True,
2026-04-07,P060,PEN04,128,72.78,136.9,1417.8,0.173,0.513,15,55.9,6,27,49,0,25.8,65.6,100.0,69.5,True,
2026-04-08,P060,PEN04,129,73.56,145.1,1326.7,0.152,0.501,13,69.7,8,33,38,0,27.5,70.1,98.3,79.7,True,
2026-04-09,P060,PEN04,130,74.95,134.1,1283.6,0.16,0.451,12,64.7,7,28,45,2,25.3,72.2,87.3,74.7,True,
2026-04-10,P060,PEN04,131,75.31,135.6,1479.0,0.182,0.45,11,57.5,9,33,44,0,26.8,68.4,92.1,75.1,True,
2026-04-11,P060,PEN04,132,76.26,129.1,1502.3,0.194,0.5,16,60.1,7,31,52,0,26.4,68.7,95.4,72.7,True,
2026-03-01,P061,PEN05,84,41.22,96.1,1155.9,0.2,0.587,10,43.0,8,14,30,1,23.8,68.1,100.0,45.9,True,
2026-03-02,P061,PEN05,85,41.58,91.7,777.1,0.141,0.605,11,47.6,8,13,29,0,23.4,67.9,97.4,44.6,True,
2026-03-03,P061,PEN05,86,41.54,81.1,902.1,0.185,0.572,10,26.3,8,18,25,0,23.3,67.9,89.9,32.4,True,
2026-03-04,P061,PEN05,87,41.85,93.8,889.6,0.158,0.603,11,49.0,8,20,34,0,24.0,65.1,100.0,47.0,True,
2026-03-05,P061,PEN05,88,42.78,85.4,901.3,0.176,0.624,10,52.7,7,22,35,0,24.5,70.9,86.2,46.9,True,
2026-03-06,P061,PEN05,89,43.51,79.2,816.7,0.172,0.599,12,43.9,8,25,35,1,25.5,70.7,99.9,39.5,True,
2026-03-07,P061,PEN05,90,44.65,87.0,956.9,0.183,0.59,7,42.0,9,19,33,0,24.9,64.2,87.0,42.9,True,
2026-03-08,P061,PEN05,91,44.73,99.3,817.0,0.137,0.617,12,54.3,8,17,38,1,25.9,64.6,88.4,48.4,True,
2026-03-09,P061,PEN05,92,45.98,77.0,,0.232,0.598,10,42.8,9,12,30,0,25.7,59.3,99.5,42.5,True,
2026-03-10,P061,PEN05,93,46.94,87.4,,0.164,0.643,12,39.8,5,20,24,0,26.1,61.8,92.8,37.2,True,
2026-03-11,P061,PEN05,94,47.04,85.0,728.5,0.143,0.58,13,43.9,10,23,41,0,25.3,57.6,92.2,42.2,True,
2026-03-12,P061,PEN05,95,48.22,102.9,892.7,0.145,0.567,11,41.6,9,19,36,0,24.7,62.7,92.2,46.1,True,
2026-03-13,P061,PEN05,96,48.75,83.6,897.8,0.179,0.563,9,45.6,8,21,28,1,24.5,60.9,96.4,44.6,True,
2026-03-14,P061,PEN05,97,49.13,80.3,808.0,0.168,0.577,12,55.6,11,22,24,0,25.2,56.0,94.0,50.0,True,
2026-03-15,P061,PEN05,98,50.33,82.2,773.5,0.157,0.602,7,41.0,7,12,21,0,23.1,53.0,91.4,38.9,True,
2026-03-16,P061,PEN05,99,51.31,92.8,998.3,0.179,0.612,9,48.0,7,26,35,1,23.5,61.1,93.2,45.3,True,
2026-03-17,P061,PEN05,100,51.33,90.8,897.8,0.165,0.629,10,42.3,8,14,32,0,23.6,59.8,93.6,40.6,True,
2026-03-18,P061,PEN05,101,52.47,81.5,1195.9,0.245,0.549,11,48.8,6,15,28,2,22.3,57.4,88.2,48.7,True,
2026-03-19,P061,PEN05,102,52.81,88.7,833.5,0.157,0.614,9,47.3,7,16,35,0,23.2,51.4,88.8,43.9,True,
2026-03-20,P061,PEN05,103,54.29,97.2,793.6,0.136,0.583,9,37.8,10,21,41,0,22.0,52.7,90.4,40.7,True,
2026-03-21,P061,PEN05,104,55.26,92.2,963.6,0.174,0.658,8,43.3,9,16,30,0,21.2,59.0,97.0,40.3,True,
2026-03-22,P061,PEN05,105,55.23,79.4,988.7,0.208,0.556,11,42.7,6,16,32,1,22.5,57.7,91.5,43.3,True,
2026-03-23,P061,PEN05,106,56.94,89.5,791.5,0.147,0.543,10,46.9,7,13,33,0,19.2,56.8,100.0,48.0,True,
2026-03-24,P061,PEN05,107,56.62,92.2,746.0,0.135,0.58,12,36.0,7,19,31,0,21.1,53.4,95.7,38.4,True,
2026-03-25,P061,PEN05,108,57.7,90.2,987.3,0.182,0.597,10,42.3,7,19,25,0,20.5,54.8,98.7,43.5,True,
2026-03-26,P061,PEN05,109,57.8,102.5,888.1,0.144,0.619,9,35.1,6,13,29,0,19.8,57.1,90.4,38.4,True,
2026-03-27,P061,PEN05,110,58.32,90.7,964.7,0.177,0.577,13,34.9,8,17,37,0,19.7,56.4,100.0,39.8,True,
2026-03-28,P061,PEN05,111,59.57,98.3,705.9,0.12,0.6,10,46.6,7,22,24,0,21.6,62.0,92.2,44.6,True,
2026-03-29,P061,PEN05,112,59.23,103.4,791.3,0.128,0.617,10,37.4,10,17,33,1,20.9,61.3,91.4,37.8,True,
2026-03-30,P061,PEN05,113,61.19,91.2,988.3,0.181,0.581,9,47.5,9,24,36,1,20.6,67.7,94.1,46.7,True,
2026-03-31,P061,PEN05,114,61.86,93.8,937.6,0.167,0.573,11,37.1,10,14,32,1,21.3,62.5,90.8,40.3,True,
2026-04-01,P061,PEN05,115,63.23,86.4,674.4,0.13,0.609,11,35.2,9,21,27,0,22.4,65.3,92.0,34.4,True,
2026-04-02,P061,PEN05,116,63.46,,752.6,0.155,0.596,9,46.9,7,20,32,0,22.1,63.1,78.2,42.8,True,
2026-04-03,P061,PEN05,117,64.24,62.9,910.1,0.241,0.613,11,42.2,7,18,27,0,23.1,64.4,92.9,37.2,True,
2026-04-04,P061,PEN05,118,64.22,79.3,903.2,0.19,0.561,8,46.1,8,17,30,0,22.4,62.3,88.7,45.7,True,
2026-04-05,P061,PEN05,119,65.5,81.0,775.4,0.16,0.583,10,38.6,8,15,35,1,22.9,70.0,86.4,37.0,True,
2026-04-06,P061,PEN05,120,65.37,82.0,935.9,0.19,0.601,12,44.5,9,19,31,0,23.1,68.5,93.9,42.9,True,
2026-04-07,P061,PEN05,121,67.11,94.4,812.0,0.143,0.551,12,45.8,9,20,31,0,23.6,76.1,92.1,47.6,True,
2026-04-08,P061,PEN05,122,67.64,77.1,878.8,0.19,0.635,10,38.1,9,18,25,0,24.2,69.9,86.1,35.2,True,
2026-04-09,P061,PEN05,123,69.43,69.3,1017.8,0.245,0.599,13,33.7,7,11,26,1,25.4,70.7,99.6,33.4,True,
2026-04-10,P061,PEN05,124,69.35,96.9,837.9,0.144,0.637,12,43.4,7,18,35,0,25.5,70.8,96.2,41.2,True,
2026-04-11,P061,PEN05,125,69.56,85.9,1025.8,0.199,0.644,11,37.8,8,29,36,0,25.4,66.4,89.7,37.2,True,
2026-03-01,P062,PEN06,85,49.74,150.6,1563.0,0.173,0.445,13,64.8,6,32,44,0,23.4,70.6,88.2,83.4,True,
2026-03-02,P062,PEN06,86,50.46,138.4,1623.4,0.196,0.474,12,62.8,7,30,38,0,25.1,74.3,97.1,78.9,True,
2026-03-03,P062,PEN06,87,51.28,140.5,1579.5,0.187,0.454,13,65.6,9,27,46,1,23.4,70.2,100.0,80.5,True,
2026-03-04,P062,PEN06,88,51.28,149.4,1441.6,0.161,0.504,14,48.9,9,31,49,0,24.6,68.7,91.2,67.8,True,
2026-03-05,P062,PEN06,89,52.63,144.2,1299.3,0.15,0.473,12,61.0,7,36,47,0,24.7,66.4,94.2,75.5,True,
2026-03-06,P062,PEN06,90,53.38,137.4,1513.0,0.184,0.435,13,68.7,10,28,41,1,25.2,64.5,98.5,82.5,True,
2026-03-07,P062,PEN06,91,54.38,135.1,1527.3,0.188,0.458,15,62.0,9,32,42,0,27.2,69.4,92.8,77.9,True,
2026-03-08,P062,PEN06,92,55.48,147.0,1645.0,0.186,0.498,15,60.9,9,34,52,1,26.3,66.2,92.2,76.3,True,
2026-03-09,P062,PEN06,93,55.23,143.4,1391.1,0.162,0.449,13,73.9,6,31,47,0,26.5,66.4,96.6,86.2,True,
2026-03-10,P062,PEN06,94,56.37,,1561.7,0.176,0.394,14,60.8,7,32,47,0,26.9,61.8,81.8,83.7,True,
2026-03-11,P062,PEN06,95,57.13,143.3,1515.1,0.176,0.435,15,60.8,8,29,47,0,25.2,59.9,94.4,79.8,True,
2026-03-12,P062,PEN06,96,57.96,155.2,1541.3,0.165,0.508,11,59.7,9,25,56,2,25.3,64.1,98.0,73.8,True,
2026-03-13,P062,PEN06,97,58.75,143.2,1484.5,0.173,0.405,13,62.9,9,22,56,0,26.7,57.0,89.6,82.8,True,
2026-03-14,P062,PEN06,98,59.42,149.7,1502.0,0.167,0.483,15,56.4,7,30,48,1,25.0,62.2,92.6,73.3,True,
2026-03-15,P062,PEN06,99,59.58,144.8,1620.2,0.187,0.513,16,71.1,10,24,42,0,24.2,57.1,86.1,82.7,True,
2026-03-16,P062,PEN06,100,61.21,155.0,1337.9,0.144,0.501,12,61.0,9,24,46,1,24.9,59.2,93.7,74.4,True,
2026-03-17,P062,PEN06,101,61.1,136.2,1439.8,0.176,0.49,13,60.8,9,32,46,0,25.1,54.7,85.9,74.3,True,
2026-03-18,P062,PEN06,102,62.47,132.5,1364.0,0.172,0.468,13,67.0,7,32,50,0,23.7,55.8,100.0,78.4,True,
2026-03-19,P062,PEN06,103,62.56,156.0,1587.3,0.17,0.504,14,59.5,9,30,45,0,22.8,56.7,91.0,77.2,True,
2026-03-20,P062,PEN06,104,64.01,143.0,1335.9,0.156,0.5,12,51.6,7,31,48,0,22.1,50.7,89.5,67.8,True,
2026-03-21,P062,PEN06,105,64.85,134.8,1524.2,0.188,0.432,13,67.2,5,27,48,2,22.1,45.8,93.5,80.1,True,
2026-03-22,P062,PEN06,106,65.43,137.4,1485.0,0.18,0.472,13,63.6,8,29,43,0,21.1,59.4,96.4,77.9,True,
2026-03-23,P062,PEN06,107,66.93,147.4,1229.1,0.139,0.516,11,56.2,9,33,55,0,21.5,56.9,93.3,69.3,True,
2026-03-24,P062,PEN06,108,66.16,128.8,1422.1,0.184,0.454,11,61.8,6,29,49,3,21.0,57.3,93.2,71.8,True,
2026-03-25,P062,PEN06,109,67.82,130.1,1270.8,0.163,0.465,11,54.2,8,42,42,1,20.7,60.1,100.0,67.7,True,
2026-03-26,P062,PEN06,110,67.72,135.0,1594.3,0.197,0.501,15,56.6,8,27,51,1,20.0,53.8,95.9,70.9,True,
2026-03-27,P062,PEN06,111,69.18,154.1,1404.2,0.152,0.464,14,66.4,8,35,39,0,19.3,56.6,92.2,82.2,True,
2026-03-28,P062,PEN06,112,70.07,145.7,1696.9,0.194,0.413,14,51.2,9,29,47,0,21.7,59.9,90.9,77.3,True,
2026-03-29,P062,PEN06,113,69.82,145.3,1480.5,0.17,0.424,15,64.5,9,33,42,0,20.7,61.4,94.8,82.9,True,
2026-03-30,P062,PEN06,114,70.33,122.0,1572.1,0.215,0.536,14,57.4,10,28,48,0,21.4,61.3,97.0,68.2,True,
2026-03-31,P062,PEN06,115,71.25,149.2,1531.3,0.171,0.489,14,54.2,6,33,52,0,20.4,65.4,97.1,73.2,True,
2026-04-01,P062,PEN06,116,73.25,156.1,1533.0,0.164,0.473,11,72.5,8,38,48,0,22.4,64.0,96.7,87.2,True,
2026-04-02,P062,PEN06,117,73.58,143.5,1348.7,0.157,0.443,13,65.2,10,32,54,2,23.2,69.7,83.0,77.8,True,
2026-04-03,P062,PEN06,118,74.0,124.3,1461.7,0.196,0.475,12,74.4,6,28,54,1,22.3,68.8,91.6,81.1,True,
2026-04-04,P062,PEN06,119,74.86,135.7,1387.8,0.17,0.45,13,53.4,9,36,54,0,22.6,69.6,95.1,71.5,True,
2026-04-05,P062,PEN06,120,75.46,153.2,,0.168,0.51,15,59.2,9,32,48,0,22.6,65.0,93.1,75.8,True,
2026-04-06,P062,PEN06,121,76.01,150.9,1257.2,0.139,0.494,14,57.9,9,29,39,1,24.4,70.6,96.6,71.3,True,
2026-04-07,P062,PEN06,122,76.62,152.3,1399.0,0.153,0.424,13,62.4,8,30,47,0,24.7,69.0,92.2,81.9,True,
2026-04-08,P062,PEN06,123,77.85,142.9,1425.9,0.166,0.483,15,71.1,8,30,50,2,26.0,79.6,91.8,79.6,True,
2026-04-09,P062,PEN06,124,78.52,146.8,1335.9,0.152,0.436,14,61.0,7,38,58,1,25.0,72.3,97.2,77.3,True,
2026-04-10,P062,PEN06,125,78.88,137.5,1567.0,0.19,0.481,12,64.5,9,25,58,0,25.4,72.8,93.0,78.8,True,
2026-04-11,P062,PEN06,126,79.69,145.9,,0.155,0.506,12,65.9,8,33,41,0,25.1,72.2,97.4,77.3,True,
2026-03-01,P063,PEN07,83,49.5,58.3,503.0,0.144,0.71,8,40.5,9,11,20,1,24.2,67.1,92.0,23.6,True,
2026-03-02,P063,PEN07,84,49.85,34.5,545.7,0.263,0.681,6,26.1,10,17,16,0,23.3,71.5,86.9,14.2,True,
2026-03-03,P063,PEN07,85,51.59,35.7,693.1,0.324,0.678,7,33.1,9,16,24,2,22.5,70.2,95.3,17.8,True,
2026-03-04,P063,PEN07,86,51.67,41.7,497.2,0.199,0.737,9,30.3,6,10,10,1,23.7,73.5,98.5,12.5,True,
2026-03-05,P063,PEN07,87,52.96,42.8,788.4,0.307,0.704,7,36.4,8,9,30,0,25.2,69.5,95.1,23.2,True,
2026-03-06,P063,PEN07,88,53.47,43.8,556.2,0.211,0.691,9,27.5,8,12,15,0,25.4,72.5,84.6,16.1,True,
2026-03-07,P063,PEN07,89,53.68,42.3,397.3,0.157,0.665,8,30.8,8,9,21,2,25.2,67.3,92.6,15.2,True,
2026-03-08,P063,PEN07,90,54.92,48.4,607.6,0.209,0.612,6,40.3,9,11,13,0,25.7,69.3,85.6,30.7,True,
2026-03-09,P063,PEN07,91,55.66,50.8,749.8,0.246,0.65,7,29.2,6,10,15,0,25.3,65.6,91.2,22.9,True,
2026-03-10,P063,PEN07,92,55.64,42.6,544.6,0.213,0.698,10,30.1,8,10,20,0,26.5,68.2,90.5,17.0,True,
2026-03-11,P063,PEN07,93,56.1,53.4,614.7,0.192,0.662,8,31.2,5,7,20,1,25.9,63.1,100.0,21.0,True,
2026-03-12,P063,PEN07,94,57.61,48.1,510.6,0.177,0.729,8,25.4,9,6,23,0,25.2,59.4,97.7,12.4,True,
2026-03-13,P063,PEN07,95,58.63,54.7,778.4,0.237,0.651,7,36.9,9,5,25,0,23.6,62.0,88.1,28.7,True,
2026-03-14,P063,PEN07,96,58.93,34.9,588.4,0.281,0.652,11,35.4,9,9,15,0,23.9,60.2,94.4,22.6,True,
2026-03-15,P063,PEN07,97,59.82,31.6,403.2,0.213,0.678,7,37.2,9,7,16,0,24.9,56.6,98.6,19.7,True,
2026-03-16,P063,PEN07,98,61.1,41.4,597.7,0.241,0.681,9,38.2,6,12,23,0,23.5,58.1,98.2,23.7,True,
2026-03-17,P063,PEN07,99,61.72,49.2,505.4,0.171,0.66,7,30.2,7,7,23,1,23.3,53.0,90.3,18.7,True,
2026-03-18,P063,PEN07,100,62.35,46.8,662.3,0.236,0.696,7,30.6,9,5,21,1,22.4,57.8,99.4,17.9,True,
2026-03-19,P063,PEN07,101,62.08,31.7,513.8,0.27,0.689,7,29.2,8,12,15,2,22.6,54.7,84.2,12.1,True,
2026-03-20,P063,PEN07,102,62.4,21.0,80.0,0.063,0.698,6,21.3,8,11,25,1,21.0,50.2,99.9,1.8,True,
2026-03-21,P063,PEN07,103,62.78,30.9,347.2,0.187,0.726,6,19.0,8,9,5,3,21.0,55.3,92.1,0.0,True,
2026-03-22,P063,PEN07,104,64.74,34.9,232.6,0.111,0.771,5,23.4,6,9,18,2,21.7,56.5,84.6,0.7,True,
2026-03-23,P063,PEN07,105,64.69,27.0,318.7,0.197,0.767,5,19.2,10,3,13,5,20.7,56.2,98.0,0.0,True,
2026-03-24,P063,PEN07,106,65.58,12.8,160.4,0.209,0.801,5,27.3,7,12,11,0,19.7,55.9,100.0,0.0,True,
2026-03-25,P063,PEN07,107,66.14,31.4,331.2,0.176,0.856,6,22.3,7,4,14,6,20.3,55.9,99.0,0.0,True,
2026-03-26,P063,PEN07,108,67.67,30.3,275.2,0.152,0.761,6,24.2,6,5,15,1,19.5,59.8,93.8,2.9,True,
2026-03-27,P063,PEN07,109,67.92,16.7,,0.375,0.729,3,22.5,6,4,16,3,20.4,59.3,93.9,0.0,True,
2026-03-28,P063,PEN07,110,69.18,31.7,352.4,0.185,0.744,7,25.5,7,9,7,0,19.1,58.1,94.9,7.3,True,
2026-03-29,P063,PEN07,111,70.22,36.4,385.0,0.176,0.704,9,21.7,10,13,16,1,19.6,64.7,97.5,7.1,True,
2026-03-30,P063,PEN07,112,71.36,20.6,612.3,0.496,0.684,8,23.0,8,11,19,1,19.9,65.3,94.8,8.9,True,
2026-03-31,P063,PEN07,113,70.82,25.1,529.9,0.351,0.732,8,25.6,8,13,15,2,21.6,68.1,97.5,6.1,True,
2026-04-01,P063,PEN07,114,71.88,31.9,338.6,0.177,0.711,10,32.5,7,8,9,0,21.0,65.5,96.1,13.9,True,
2026-04-02,P063,PEN07,115,72.68,28.0,513.2,0.305,0.653,6,22.7,8,9,18,3,21.9,67.2,96.8,8.2,True,
2026-04-03,P063,PEN07,116,72.69,52.8,662.4,0.209,0.66,9,31.9,5,8,19,3,22.0,65.3,96.4,19.2,True,
2026-04-04,P063,PEN07,117,73.72,33.2,353.5,0.177,0.695,7,29.9,8,10,7,1,23.5,69.7,97.9,12.2,True,
2026-04-05,P063,PEN07,118,75.12,51.4,282.5,0.092,0.67,9,27.0,7,5,21,1,24.4,69.7,95.4,14.1,True,
2026-04-06,P063,PEN07,119,75.96,40.5,411.4,0.169,0.738,9,31.1,7,6,12,2,23.2,71.7,100.0,10.6,True,
2026-04-07,P063,PEN07,120,76.76,48.7,424.1,0.145,0.665,6,24.7,6,16,26,0,22.7,67.5,99.8,15.4,True,
2026-04-08,P063,PEN07,121,77.33,38.6,375.7,0.162,0.686,7,23.7,7,4,18,2,24.3,71.3,94.8,8.5,True,
2026-04-09,P063,PEN07,122,77.9,49.3,,0.212,0.711,3,45.4,9,10,18,1,25.8,70.0,83.9,26.5,True,
2026-04-10,P063,PEN07,123,78.43,44.4,571.6,0.214,0.745,10,21.3,10,17,17,0,25.8,72.0,81.6,8.8,True,
2026-04-11,P063,PEN07,124,79.23,33.1,693.8,0.35,0.742,11,9.8,6,6,22,3,26.7,76.2,88.9,0.0,True,
2026-03-01,P064,PEN08,91,34.58,156.6,1326.7,0.141,0.445,13,72.8,7,31,41,0,24.6,73.0,100.0,87.3,True,
2026-03-02,P064,PEN08,92,35.38,159.0,1487.0,0.156,0.465,13,67.6,9,32,37,0,25.4,71.6,93.2,84.5,True,
2026-03-03,P064,PEN08,93,35.72,132.3,1527.2,0.192,0.463,15,66.5,8,30,59,0,26.1,72.8,90.6,80.1,True,
2026-03-04,P064,PEN08,94,37.9,133.0,1635.4,0.205,0.521,16,72.1,7,33,42,1,26.7,71.8,94.0,79.8,True,
2026-03-05,P064,PEN08,95,37.12,143.0,1515.3,0.177,0.447,12,68.6,8,31,50,2,26.4,68.7,100.0,81.2,True,
2026-03-06,P064,PEN08,96,38.28,160.0,1434.0,0.149,0.456,15,61.2,8,21,55,2,27.1,69.8,95.2,77.7,True,
2026-03-07,P064,PEN08,97,38.63,146.3,1435.2,0.163,0.492,13,69.4,9,33,52,1,26.0,69.7,83.0,80.0,True,
2026-03-08,P064,PEN08,98,40.36,136.7,1450.4,0.177,0.496,13,64.6,7,34,47,0,27.1,64.6,93.7,76.6,True,
2026-03-09,P064,PEN08,99,40.74,134.7,1378.9,0.171,0.514,11,60.5,8,30,50,0,25.3,64.6,98.0,71.8,True,
2026-03-10,P064,PEN08,100,41.13,146.0,1583.4,0.181,0.48,11,58.8,6,29,49,0,27.8,65.3,88.7,76.7,True,
2026-03-11,P064,PEN08,101,42.25,148.5,1629.5,0.183,0.484,14,57.3,10,29,45,2,27.9,61.3,96.0,73.5,True,
2026-03-12,P064,PEN08,102,42.78,145.2,1490.1,0.171,0.499,14,63.3,6,25,52,1,28.5,65.7,93.9,75.9,True,
2026-03-13,P064,PEN08,103,44.24,148.0,1409.4,0.159,0.383,16,64.1,8,30,45,0,26.1,59.5,89.5,85.1,True,
2026-03-14,P064,PEN08,104,44.12,141.9,1375.2,0.161,0.486,11,55.8,9,32,46,0,26.0,58.4,86.6,71.6,True,
2026-03-15,P064,PEN08,105,44.39,140.3,1588.9,0.189,0.526,15,70.4,8,36,58,1,25.4,64.3,89.9,79.0,True,
2026-03-16,P064,PEN08,106,45.64,149.8,1603.5,0.178,0.445,14,60.6,9,31,54,0,25.8,56.3,87.3,80.9,True,
2026-03-17,P064,PEN08,107,46.6,148.5,1492.5,0.168,0.482,13,54.0,8,33,51,2,25.3,58.1,97.1,70.1,True,
2026-03-18,P064,PEN08,108,46.75,141.5,1593.0,0.188,0.422,11,51.1,9,35,49,0,24.3,53.3,99.9,74.9,True,
2026-03-19,P064,PEN08,109,47.79,143.1,1453.1,0.169,0.518,14,62.9,10,27,49,0,23.3,57.4,97.7,75.1,True,
2026-03-20,P064,PEN08,110,49.27,142.1,1657.8,0.195,0.403,14,65.3,7,31,45,0,23.8,56.2,94.5,86.0,True,
2026-03-21,P064,PEN08,111,49.03,155.5,1600.9,0.172,0.521,15,67.9,8,34,52,1,24.1,55.5,93.8,80.3,True,
2026-03-22,P064,PEN08,112,49.73,157.8,1512.0,0.16,0.432,13,56.6,7,33,47,0,23.7,52.7,90.8,79.5,True,
2026-03-23,P064,PEN08,113,49.79,134.9,1481.1,0.183,0.5,16,72.8,7,28,52,0,21.7,55.9,97.6,81.7,True,
2026-03-24,P064,PEN08,114,51.3,145.7,1558.8,0.178,0.46,12,66.9,7,27,44,0,22.5,53.1,93.1,83.0,True,
2026-03-25,P064,PEN08,115,51.75,151.2,1548.7,0.171,0.439,14,61.4,8,31,47,0,21.9,52.9,92.2,81.6,True,
2026-03-26,P064,PEN08,116,52.23,145.0,1549.5,0.178,0.422,14,60.8,9,32,57,0,21.3,51.4,92.4,81.3,True,
2026-03-27,P064,PEN08,117,54.01,134.7,1389.2,0.172,0.48,13,65.2,8,32,48,2,21.9,59.6,95.1,74.3,True,
2026-03-28,P064,PEN08,118,54.35,155.0,1368.1,0.147,0.409,14,59.7,8,29,41,0,21.8,61.2,92.5,81.2,True,
2026-03-29,P064,PEN08,119,54.79,140.9,1594.9,0.189,0.47,13,60.7,7,33,50,3,22.1,61.5,94.9,73.7,True,
2026-03-30,P064,PEN08,120,55.82,147.5,1604.3,0.181,0.487,14,58.1,8,33,44,0,22.8,60.7,85.8,76.2,True,
2026-03-31,P064,PEN08,121,56.61,140.5,1624.3,0.193,0.451,16,64.0,11,30,47,0,23.2,64.5,89.4,81.5,True,
2026-04-01,P064,PEN08,122,57.32,160.0,1546.8,0.161,0.475,11,69.8,7,32,48,1,23.2,63.1,87.1,84.6,True,
2026-04-02,P064,PEN08,123,58.18,145.3,1345.8,0.154,0.456,15,66.0,6,30,51,0,21.9,65.1,99.3,80.5,True,
2026-04-03,P064,PEN08,124,58.81,132.2,1663.3,0.21,0.457,13,61.1,7,33,51,0,24.0,64.1,91.8,78.3,True,
2026-04-04,P064,PEN08,125,59.39,132.1,1327.3,0.168,0.506,13,60.6,8,34,47,1,24.8,64.8,100.0,70.0,True,
2026-04-05,P064,PEN08,126,59.01,139.8,1323.2,0.158,0.489,15,67.7,6,29,40,0,25.2,66.4,95.3,78.3,True,
2026-04-06,P064,PEN08,127,60.51,158.5,1337.6,0.141,0.451,14,61.5,9,30,51,1,25.1,67.0,95.5,78.5,True,
2026-04-07,P064,PEN08,128,60.74,142.0,1561.2,0.183,0.466,13,72.1,9,39,52,0,24.6,72.3,100.0,85.4,True,
2026-04-08,P064,PEN08,129,62.21,146.0,1509.9,0.172,0.463,14,67.9,8,21,41,0,24.4,75.4,95.0,83.0,True,
2026-04-09,P064,PEN08,130,62.81,146.6,1778.6,0.202,0.53,13,59.5,6,29,46,0,27.8,71.8,91.0,76.0,True,
2026-04-10,P064,PEN08,131,63.56,,1353.8,0.148,0.389,15,63.6,7,29,40,0,26.6,68.3,100.0,84.6,True,
2026-04-11,P064,PEN08,132,63.74,136.6,1800.0,0.22,0.439,15,63.7,7,32,47,1,27.2,69.7,88.0,81.8,True,
2026-03-01,P065,PEN01,78,39.79,108.2,1364.1,0.21,0.503,9,58.3,4,24,49,1,24.0,72.6,87.8,65.3,True,
2026-03-02,P065,PEN01,79,41.1,123.9,1244.9,0.168,0.561,9,66.4,9,25,44,0,24.3,67.5,88.4,69.5,True,
2026-03-03,P065,PEN01,80,41.18,136.0,1414.2,0.173,0.474,11,54.2,10,32,40,0,24.6,75.8,97.4,70.8,True,
2026-03-04,P065,PEN01,81,43.22,128.4,1203.1,0.156,0.453,14,56.7,7,32,37,1,24.8,68.4,92.8,69.1,True,
2026-03-05,P065,PEN01,82,42.73,125.6,1271.0,0.169,0.496,13,59.5,10,22,48,0,26.9,67.5,86.9,69.8,True,
2026-03-06,P065,PEN01,83,43.01,113.9,1309.4,0.192,0.522,13,64.6,9,29,52,0,26.2,69.2,93.5,69.9,True,
2026-03-07,P065,PEN01,84,44.8,121.5,1413.1,0.194,0.521,10,51.5,10,31,41,1,25.4,65.8,97.9,62.3,True,
2026-03-08,P065,PEN01,85,45.35,136.5,1106.6,0.135,0.538,12,62.7,8,29,47,0,26.0,72.1,100.0,69.2,True,
2026-03-09,P065,PEN01,86,46.86,116.5,1073.6,0.154,0.529,15,58.9,7,18,42,0,27.2,68.2,91.7,63.8,True,
2026-03-10,P065,PEN01,87,47.1,133.9,1220.6,0.152,0.444,13,58.0,7,34,45,0,27.3,68.1,94.7,73.0,True,
2026-03-11,P065,PEN01,88,46.33,129.1,1222.6,0.158,0.514,12,60.9,7,21,40,3,27.2,58.4,93.0,65.4,True,
2026-03-12,P065,PEN01,89,47.75,127.9,1425.8,0.186,0.568,9,55.0,9,27,46,1,25.0,65.0,85.8,62.7,True,
2026-03-13,P065,PEN01,90,48.86,128.4,1250.4,0.162,0.521,12,53.8,7,20,38,2,25.6,58.2,98.8,61.9,True,
2026-03-14,P065,PEN01,91,49.94,119.1,1148.9,0.161,0.491,13,43.2,6,31,53,0,24.5,59.2,95.5,57.2,True,
2026-03-15,P065,PEN01,92,50.44,134.6,1314.7,0.163,0.472,14,57.4,9,31,48,0,24.5,53.1,88.1,71.8,True,
2026-03-16,P065,PEN01,93,51.31,132.9,1095.9,0.137,0.54,12,57.8,10,20,42,0,25.3,57.9,97.2,65.2,True,
2026-03-17,P065,PEN01,94,50.9,110.1,1331.7,0.202,0.549,10,43.6,9,26,43,2,24.7,56.2,99.3,51.3,True,
2026-03-18,P065,PEN01,95,51.98,107.4,1267.2,0.197,0.563,14,53.2,9,28,41,2,22.0,59.4,100.0,55.5,True,
2026-03-19,P065,PEN01,96,53.06,139.5,1149.9,0.137,0.508,14,54.0,9,25,38,0,24.9,57.3,95.8,66.4,True,
2026-03-20,P065,PEN01,97,53.42,126.0,1184.3,0.157,0.538,12,66.1,8,33,40,2,22.8,56.6,97.9,67.7,True,
2026-03-21,P065,PEN01,98,54.66,127.3,1477.8,0.193,0.572,12,64.3,7,27,41,0,22.0,53.2,100.0,70.3,True,
2026-03-22,P065,PEN01,99,54.44,128.3,1424.2,0.185,0.501,13,64.5,8,23,39,0,23.2,56.0,93.2,74.7,True,
2026-03-23,P065,PEN01,100,56.12,140.7,1268.4,0.15,0.52,11,55.8,7,26,46,0,21.4,55.7,91.4,68.1,True,
2026-03-24,P065,PEN01,101,56.12,108.6,1295.4,0.199,0.461,14,49.7,7,29,31,1,21.0,55.0,100.0,61.7,True,
2026-03-25,P065,PEN01,102,57.45,124.0,1255.8,0.169,0.461,13,53.0,8,28,33,1,21.7,56.5,92.4,66.0,True,
2026-03-26,P065,PEN01,103,57.44,111.0,1144.8,0.172,0.544,11,55.8,7,28,42,0,21.1,53.4,97.7,60.6,True,
2026-03-27,P065,PEN01,104,59.01,117.7,1253.9,0.178,0.56,12,55.7,7,24,44,0,21.1,61.1,93.0,61.7,True,
2026-03-28,P065,PEN01,105,59.98,106.5,1363.4,0.213,0.546,14,59.4,7,27,47,0,22.2,56.8,100.0,64.3,True,
2026-03-29,P065,PEN01,106,60.18,118.7,1160.2,0.163,0.468,14,56.3,6,24,41,1,20.1,59.8,92.7,65.9,True,
2026-03-30,P065,PEN01,107,61.14,114.1,1206.4,0.176,0.568,12,56.5,9,27,43,0,20.5,60.7,93.7,60.6,True,
2026-03-31,P065,PEN01,108,61.36,121.6,1482.7,0.203,0.525,12,60.8,8,30,47,0,21.5,64.1,92.9,70.2,True,
2026-04-01,P065,PEN01,109,62.49,125.5,1233.3,0.164,0.512,13,67.6,7,36,37,1,22.4,67.7,100.0,72.2,True,
2026-04-02,P065,PEN01,110,62.75,130.4,1420.5,0.182,0.57,15,59.9,7,21,41,0,22.5,66.8,92.3,67.5,True,
2026-04-03,P065,PEN01,111,63.11,121.4,1165.0,0.16,0.567,11,55.7,6,23,41,0,23.9,70.8,99.4,60.9,True,
2026-04-04,P065,PEN01,112,64.67,127.9,1151.1,0.15,0.504,12,46.5,6,22,36,0,24.0,69.2,98.2,59.9,True,
2026-04-05,P065,PEN01,113,64.98,117.3,1191.1,0.169,0.502,13,52.7,7,25,31,0,24.7,72.5,91.4,62.8,True,
2026-04-06,P065,PEN01,114,65.92,119.7,1383.7,0.193,0.535,11,53.2,10,31,43,1,25.8,73.1,99.6,61.9,True,
2026-04-07,P065,PEN01,115,66.19,115.1,1357.1,0.197,0.499,11,50.8,9,25,47,0,26.3,72.9,83.9,63.1,True,
2026-04-08,P065,PEN01,116,67.34,116.1,1262.4,0.181,0.482,13,53.9,7,28,36,2,26.0,75.3,97.5,62.6,True,
2026-04-09,P065,PEN01,117,68.12,126.9,1207.3,0.159,0.51,14,55.5,9,26,43,0,26.4,71.2,100.0,65.8,True,
2026-04-10,P065,PEN01,118,68.64,100.0,1391.7,0.232,0.488,12,63.7,10,32,44,0,26.6,66.9,94.0,70.1,True,
2026-04-11,P065,PEN01,119,69.93,115.6,1314.2,0.189,0.489,10,58.6,8,20,39,0,26.4,67.2,91.6,68.4,True,
2026-03-01,P066,PEN02,81,46.14,160.0,1586.1,0.165,0.46,13,63.0,6,30,50,0,21.6,71.4,95.6,83.0,True,
2026-03-02,P066,PEN02,82,46.5,160.0,1384.9,0.144,0.43,16,69.4,7,32,62,0,22.6,75.9,100.0,87.1,True,
2026-03-03,P066,PEN02,83,47.05,149.5,1656.8,0.185,0.444,16,65.1,8,36,57,1,23.2,64.0,88.8,83.0,True,
2026-03-04,P066,PEN02,84,48.4,158.5,1800.0,0.189,0.45,14,63.4,9,40,61,0,25.0,64.1,97.8,85.8,True,
2026-03-05,P066,PEN02,85,48.6,160.0,1738.3,0.181,0.447,15,68.7,9,45,54,0,24.1,71.5,96.3,89.0,True,
2026-03-06,P066,PEN02,86,49.33,160.0,1596.8,0.166,0.46,13,66.0,7,35,54,0,24.9,69.4,94.1,85.1,True,
2026-03-07,P066,PEN02,87,50.36,159.9,1556.1,0.162,0.434,15,63.0,8,30,54,1,25.7,64.6,89.1,83.0,True,
2026-03-08,P066,PEN02,88,50.85,160.0,1605.8,0.167,0.412,13,62.7,7,33,63,0,24.8,64.2,99.6,86.1,True,
2026-03-09,P066,PEN02,89,51.46,159.6,1672.9,0.175,0.379,15,71.7,9,32,43,0,26.1,68.7,87.3,94.7,True,
2026-03-10,P066,PEN02,90,52.61,160.0,1548.9,0.161,0.42,15,78.1,9,32,60,0,24.9,63.6,100.0,95.1,True,
2026-03-11,P066,PEN02,91,53.15,160.0,1656.3,0.173,0.398,17,69.8,8,29,59,1,24.0,65.9,77.7,90.8,True,
2026-03-12,P066,PEN02,92,54.02,157.8,1554.4,0.164,0.421,16,66.2,8,34,61,0,25.7,60.2,95.8,87.0,True,
2026-03-13,P066,PEN02,93,54.81,158.2,1584.3,0.167,0.428,14,68.7,10,38,57,0,24.1,56.8,91.1,88.5,True,
2026-03-14,P066,PEN02,94,54.64,160.0,1601.2,0.167,0.489,16,58.6,10,42,43,0,24.4,62.8,99.7,78.4,True,
2026-03-15,P066,PEN02,95,56.61,160.0,1531.3,0.16,0.465,15,61.4,8,34,58,0,24.8,56.8,100.0,81.1,True,
2026-03-16,P066,PEN02,96,56.13,160.0,1665.0,0.173,0.456,16,81.5,7,33,53,0,24.3,50.4,96.3,96.0,True,
2026-03-17,P066,PEN02,97,57.52,160.0,1698.2,0.177,0.478,14,64.5,8,32,53,1,24.2,57.3,89.8,82.6,True,
2026-03-18,P066,PEN02,98,58.02,160.0,1419.5,0.148,0.415,16,73.2,8,41,47,0,23.1,59.0,100.0,90.9,True,
2026-03-19,P066,PEN02,99,59.25,160.0,1800.0,0.188,0.492,13,84.7,7,35,46,0,22.0,58.0,97.3,97.2,True,
2026-03-20,P066,PEN02,100,59.95,156.5,1797.8,0.191,0.439,14,79.3,7,32,49,0,21.2,50.5,98.6,96.6,True,
2026-03-21,P066,PEN02,101,60.59,155.1,1699.7,0.183,0.402,14,78.2,5,31,65,0,21.9,55.9,87.7,97.0,True,
2026-03-22,P066,PEN02,102,61.41,155.6,1794.4,0.192,0.44,17,73.4,9,35,61,1,20.9,52.0,93.3,91.1,True,
2026-03-23,P066,PEN02,103,62.77,160.0,1776.8,0.185,0.434,15,69.3,10,33,53,0,21.0,51.4,85.4,90.7,True,
2026-03-24,P066,PEN02,104,63.17,150.3,1739.4,0.193,,16,59.8,7,31,55,0,20.5,55.6,82.8,86.0,True,
2026-03-25,P066,PEN02,105,62.86,,1479.3,0.154,0.333,16,68.7,7,37,57,2,19.6,63.7,88.7,91.1,True,
2026-03-26,P066,PEN02,106,64.32,160.0,1800.0,0.188,0.429,14,70.8,8,38,51,1,20.0,52.3,96.7,90.9,True,
2026-03-27,P066,PEN02,107,65.3,145.0,1746.7,0.201,0.368,15,68.1,7,39,47,1,19.6,58.4,98.9,90.1,True,
2026-03-28,P066,PEN02,108,66.52,160.0,1501.3,0.156,0.408,14,71.1,7,30,57,0,21.5,63.0,94.8,90.8,True,
2026-03-29,P066,PEN02,109,66.04,160.0,1541.0,0.161,0.469,15,58.9,7,33,57,0,20.5,58.9,100.0,79.3,True,
2026-03-30,P066,PEN02,110,67.02,160.0,1602.4,0.167,0.457,15,74.8,9,30,44,0,20.7,63.9,96.9,91.0,True,
2026-03-31,P066,PEN02,111,68.09,150.2,1670.0,0.185,0.454,15,66.5,6,38,52,0,20.0,61.2,91.2,84.9,True,
2026-04-01,P066,PEN02,112,67.54,149.3,1721.6,0.192,0.407,16,79.1,9,40,52,0,20.8,61.9,91.9,96.6,True,
2026-04-02,P066,PEN02,113,69.75,160.0,1800.0,0.188,0.39,13,68.3,9,41,57,0,22.3,61.1,94.6,93.2,True,
2026-04-03,P066,PEN02,114,70.2,159.6,1628.6,0.17,0.464,16,61.6,10,37,48,2,22.5,63.5,100.0,79.4,True,
2026-04-04,P066,PEN02,115,70.75,160.0,1566.4,0.163,0.406,15,77.5,9,32,54,0,22.4,68.6,88.3,95.7,True,
2026-04-05,P066,PEN02,116,71.12,156.8,1769.5,0.188,0.401,13,76.7,9,39,46,1,23.8,72.0,89.2,95.6,True,
2026-04-06,P066,PEN02,117,71.4,160.0,1800.0,0.188,0.425,15,71.1,7,37,49,1,22.6,71.4,100.0,91.3,True,
2026-04-07,P066,PEN02,118,72.99,157.5,1800.0,0.19,0.413,15,70.0,10,32,65,0,23.5,71.1,92.1,92.3,True,
2026-04-08,P066,PEN02,119,72.86,160.0,1800.0,0.188,0.387,16,63.1,7,31,56,0,24.6,72.8,96.5,90.0,True,
2026-04-09,P066,PEN02,120,74.33,160.0,1695.2,0.177,0.365,17,64.6,9,33,57,0,25.4,72.5,88.0,91.3,True,
2026-04-10,P066,PEN02,121,74.64,160.0,1339.9,0.14,0.44,13,65.6,9,37,52,0,24.6,69.5,100.0,83.5,True,
2026-04-11,P066,PEN02,122,75.38,160.0,1557.9,0.162,0.426,14,83.5,10,28,60,0,25.8,63.0,99.8,98.3,True,
2026-03-01,P067,PEN03,85,45.87,58.8,671.3,0.19,0.642,8,30.9,7,11,23,0,22.6,64.7,95.8,25.0,True,
2026-03-02,P067,PEN03,86,47.51,52.5,505.5,0.16,0.622,8,30.4,9,11,29,1,24.3,77.2,88.2,21.9,True,
2026-03-03,P067,PEN03,87,47.81,56.1,690.0,0.205,0.637,8,36.8,9,12,21,2,22.9,74.7,95.3,26.1,True,
2026-03-04,P067,PEN03,88,48.41,43.3,823.5,0.317,0.659,8,41.7,8,15,19,1,23.2,74.0,91.2,28.6,True,
2026-03-05,P067,PEN03,89,48.67,61.3,665.8,0.181,0.605,9,35.4,8,16,14,0,24.4,71.4,97.7,30.6,True,
2026-03-06,P067,PEN03,90,49.29,45.0,552.8,0.205,0.637,10,34.5,9,19,20,0,24.3,74.0,100.0,24.3,True,
2026-03-07,P067,PEN03,91,50.22,70.9,847.7,0.199,0.671,11,38.9,8,16,21,0,24.5,68.3,88.0,32.0,True,
2026-03-08,P067,PEN03,92,51.23,53.2,574.6,0.18,0.569,7,29.3,9,16,18,0,24.7,66.8,88.9,26.8,True,
2026-03-09,P067,PEN03,93,53.05,51.3,550.8,0.179,0.707,7,,9,17,23,0,29.5,74.6,94.7,23.5,True,
2026-03-10,P067,PEN03,94,52.94,31.6,488.8,0.258,0.705,9,33.3,10,11,27,0,32.6,75.6,99.4,16.2,True,
2026-03-11,P067,PEN03,95,54.07,37.9,441.7,0.194,0.641,10,30.0,10,7,16,0,29.6,68.1,100.0,18.8,True,
2026-03-12,P067,PEN03,96,55.06,55.7,444.2,0.133,0.755,9,41.9,10,13,24,0,28.9,67.8,99.9,22.0,True,
2026-03-13,P067,PEN03,97,55.01,60.1,810.4,0.225,0.65,6,26.0,7,15,26,0,24.7,59.9,87.2,22.9,True,
2026-03-14,P067,PEN03,98,54.79,62.3,765.4,0.205,0.598,7,29.4,9,10,17,0,24.9,57.5,97.8,28.4,True,
2026-03-15,P067,PEN03,99,56.13,45.8,566.2,0.206,0.632,7,39.7,9,7,35,1,24.3,54.3,89.8,26.9,True,
2026-03-16,P067,PEN03,100,56.38,63.2,621.7,0.164,0.665,9,36.4,8,6,16,4,23.2,57.8,97.2,21.6,True,
2026-03-17,P067,PEN03,101,57.19,40.8,526.4,0.215,0.679,9,30.4,8,11,14,3,23.4,58.8,97.2,13.7,True,
2026-03-18,P067,PEN03,102,57.74,52.3,394.2,0.126,0.747,8,25.9,7,17,23,3,23.7,58.5,97.1,6.9,True,
2026-03-19,P067,PEN03,103,58.4,36.4,429.1,0.196,0.784,7,27.3,8,14,17,2,22.4,57.6,95.9,4.6,True,
2026-03-20,P067,PEN03,104,59.61,38.3,391.2,0.17,0.781,8,15.8,8,19,18,1,23.1,58.5,92.8,0.0,True,
2026-03-21,P067,PEN03,105,60.35,42.0,396.0,0.157,0.721,6,29.1,9,5,19,3,21.5,52.4,90.7,9.0,True,
2026-03-22,P067,PEN03,106,59.93,29.0,441.6,0.254,0.772,9,29.6,7,13,18,6,21.1,60.5,97.9,0.3,True,
2026-03-23,P067,PEN03,107,60.49,49.0,299.2,0.102,0.702,7,24.7,8,7,22,4,20.2,59.8,100.0,6.2,True,
2026-03-24,P067,PEN03,108,61.72,43.7,281.5,0.107,0.777,4,17.1,7,9,19,3,20.1,50.1,96.0,0.0,True,
2026-03-25,P067,PEN03,109,62.02,44.4,480.4,0.18,0.738,7,19.8,9,15,13,2,20.5,59.0,100.0,4.5,True,
2026-03-26,P067,PEN03,110,64.37,43.1,676.3,0.261,0.656,9,26.4,8,15,23,0,19.2,59.6,89.9,18.7,True,
2026-03-27,P067,PEN03,111,64.47,68.2,474.7,0.116,0.706,7,39.9,9,14,13,1,20.2,59.8,96.6,24.8,True,
2026-03-28,P067,PEN03,112,65.56,,577.7,0.221,0.621,7,34.0,8,9,26,1,21.5,57.3,100.0,23.6,True,
2026-03-29,P067,PEN03,113,66.06,62.6,687.1,0.183,0.695,11,33.3,7,9,31,1,19.9,61.0,88.9,22.5,True,
2026-03-30,P067,PEN03,114,66.42,42.9,795.3,0.309,,7,31.8,6,16,23,0,21.1,59.2,95.9,19.0,True,
2026-03-31,P067,PEN03,115,67.22,60.0,653.6,0.181,0.662,7,32.4,7,6,21,1,21.9,66.2,100.0,23.3,True,
2026-04-01,P067,PEN03,116,69.04,65.7,653.6,0.166,0.622,7,24.3,5,16,19,1,19.9,67.1,97.7,21.5,True,
2026-04-02,P067,PEN03,117,69.0,60.7,,0.111,0.66,6,38.5,9,9,23,0,20.7,63.7,93.1,26.4,True,
2026-04-03,P067,PEN03,118,69.52,53.7,466.9,0.145,0.726,8,22.2,7,11,16,0,23.7,69.1,96.5,11.0,True,
2026-04-04,P067,PEN03,119,70.69,55.8,610.6,0.182,0.661,10,32.0,10,11,20,1,23.3,67.4,96.4,22.0,True,
2026-04-05,P067,PEN03,120,71.14,51.8,620.4,0.2,0.666,10,39.5,6,6,29,2,22.9,71.6,92.6,24.6,True,
2026-04-06,P067,PEN03,121,71.36,53.8,659.1,0.204,0.644,10,29.3,9,16,23,2,22.9,63.1,95.9,20.1,True,
2026-04-07,P067,PEN03,122,72.55,57.9,523.9,0.151,0.67,8,38.0,7,10,20,2,24.7,72.5,89.7,23.4,True,
2026-04-08,P067,PEN03,123,73.96,39.6,631.3,0.266,0.693,8,31.1,7,10,20,1,25.7,76.1,88.6,17.0,True,
2026-04-09,P067,PEN03,124,73.94,,721.0,0.284,0.691,7,31.2,6,10,22,0,24.2,72.4,90.3,19.9,True,
2026-04-10,P067,PEN03,125,74.08,60.8,749.3,0.205,0.712,8,32.5,8,10,18,0,24.4,72.3,91.8,22.5,True,
2026-04-11,P067,PEN03,126,75.45,53.2,870.6,0.273,0.702,10,31.5,7,9,24,3,26.7,71.1,98.0,18.3,True,
2026-03-01,P068,PEN04,85,40.55,102.2,1215.9,0.198,0.589,13,50.7,8,24,46,0,23.6,69.7,89.1,53.7,True,
2026-03-02,P068,PEN04,86,41.03,83.4,1049.5,0.21,0.64,10,47.5,8,19,47,1,24.4,70.3,95.2,42.2,True,
2026-03-03,P068,PEN04,87,41.4,105.8,1114.2,0.176,0.581,12,35.3,8,15,38,0,25.3,72.3,94.7,43.7,True,
2026-03-04,P068,PEN04,88,42.88,85.4,1100.2,0.215,0.57,10,53.9,7,22,33,1,24.8,71.6,96.5,51.7,True,
2026-03-05,P068,PEN04,89,42.95,105.8,1009.1,0.159,0.548,11,51.0,7,17,34,1,27.3,67.5,95.4,53.6,True,
2026-03-06,P068,PEN04,90,45.15,96.7,923.1,0.159,0.603,12,53.8,10,15,34,0,27.0,65.1,94.5,51.0,True,
2026-03-07,P068,PEN04,91,45.28,93.1,1028.4,0.184,0.567,12,42.5,9,22,33,1,27.7,66.8,89.1,45.1,True,
2026-03-08,P068,PEN04,92,45.82,112.8,965.0,0.143,0.63,13,51.7,7,16,33,1,26.2,71.3,91.9,49.4,True,
2026-03-09,P068,PEN04,93,46.9,82.8,1047.6,0.211,0.621,12,50.6,10,24,40,1,32.5,69.8,89.5,45.4,True,
2026-03-10,P068,PEN04,94,47.18,100.9,808.7,0.134,0.64,10,52.4,9,21,31,1,32.5,69.6,88.0,45.8,True,
2026-03-11,P068,PEN04,95,47.54,68.2,931.4,0.228,0.68,11,41.0,13,25,34,0,31.4,74.0,85.2,33.2,True,
2026-03-12,P068,PEN04,96,48.13,73.3,996.9,0.227,0.646,11,43.4,10,8,33,0,32.3,69.2,94.3,38.4,True,
2026-03-13,P068,PEN04,97,49.22,,1017.3,0.17,0.563,11,52.3,9,18,31,1,27.4,60.9,100.0,52.7,True,
2026-03-14,P068,PEN04,98,50.44,95.0,1228.1,0.216,0.572,11,51.6,8,22,38,1,26.2,59.3,86.7,53.0,True,
2026-03-15,P068,PEN04,99,50.92,108.4,1096.4,0.169,0.608,11,52.3,10,18,33,1,26.1,58.2,88.8,51.9,True,
2026-03-16,P068,PEN04,100,51.54,101.6,1197.7,0.196,0.577,13,46.5,8,24,35,0,23.8,51.4,100.0,51.5,True,
2026-03-17,P068,PEN04,101,52.29,87.3,1082.1,0.207,0.599,12,58.6,9,23,36,0,25.1,59.4,91.2,54.4,True,
2026-03-18,P068,PEN04,102,52.68,98.8,945.9,0.16,0.599,12,54.4,7,23,32,0,24.2,55.1,98.7,52.2,True,
2026-03-19,P068,PEN04,103,53.86,98.2,1057.8,0.179,0.548,12,62.4,11,18,43,0,23.9,53.3,89.2,61.7,True,
2026-03-20,P068,PEN04,104,54.1,98.9,1109.8,0.187,0.509,11,47.8,7,21,34,0,23.7,50.6,84.7,55.4,True,
2026-03-21,P068,PEN04,105,54.34,88.5,1232.0,0.232,0.616,11,42.7,10,19,27,0,24.6,54.4,94.2,44.7,True,
2026-03-22,P068,PEN04,106,55.53,85.4,1080.5,0.211,0.54,12,54.0,10,27,30,0,22.1,61.0,97.8,55.0,True,
2026-03-23,P068,PEN04,107,57.38,108.3,1181.8,0.182,0.538,15,50.2,6,24,50,0,21.1,55.0,88.4,57.3,True,
2026-03-24,P068,PEN04,108,56.96,93.7,1067.9,0.19,0.616,9,45.5,6,15,37,0,21.3,57.4,90.7,45.7,True,
2026-03-25,P068,PEN04,109,57.3,91.0,843.4,0.154,0.545,11,42.7,7,16,40,1,22.5,57.3,100.0,44.4,True,
2026-03-26,P068,PEN04,110,58.42,96.5,1121.0,0.194,0.591,13,40.9,8,19,43,0,20.5,57.3,91.1,45.3,True,
2026-03-27,P068,PEN04,111,59.51,109.6,1026.6,0.156,0.543,10,43.2,12,21,28,1,21.0,53.8,96.0,49.7,True,
2026-03-28,P068,PEN04,112,59.76,103.7,1041.3,0.167,0.581,10,42.4,8,27,42,0,21.6,59.0,83.2,47.3,True,
2026-03-29,P068,PEN04,113,61.11,102.9,1002.1,0.162,0.618,9,54.7,8,23,48,0,22.6,59.5,94.1,52.4,True,
2026-03-30,P068,PEN04,114,61.42,104.1,1321.0,0.211,0.537,11,50.7,9,21,36,0,21.1,63.6,100.0,58.4,True,
2026-03-31,P068,PEN04,115,62.73,104.5,1093.5,0.174,0.527,12,54.5,9,22,39,1,22.1,58.1,95.6,57.9,True,
2026-04-01,P068,PEN04,116,62.74,96.3,1148.8,0.199,0.56,14,48.7,9,24,25,0,23.1,65.3,92.4,52.7,True,
2026-04-02,P068,PEN04,117,63.01,101.6,1152.9,0.189,0.572,12,46.4,7,21,37,4,23.7,68.5,89.9,45.7,True,
2026-04-03,P068,PEN04,118,64.68,103.1,1069.0,0.173,0.586,10,46.0,7,28,33,1,23.3,66.5,93.3,48.1,True,
2026-04-04,P068,PEN04,119,64.61,106.7,1167.8,0.182,0.651,11,49.4,7,20,35,0,23.7,64.9,100.0,49.1,True,
2026-04-05,P068,PEN04,120,66.2,107.2,1119.8,0.174,0.54,8,51.9,8,20,30,0,25.3,68.4,96.8,57.5,True,
2026-04-06,P068,PEN04,121,66.29,87.7,1320.8,0.251,0.622,12,48.3,8,26,40,0,24.9,75.6,92.6,48.7,True,
2026-04-07,P068,PEN04,122,67.39,104.6,1252.8,0.2,0.55,12,55.8,8,18,36,1,26.4,72.2,86.2,58.8,True,
2026-04-08,P068,PEN04,123,68.7,93.3,857.3,0.153,0.544,12,46.7,6,22,33,0,28.4,70.9,91.6,49.0,True,
2026-04-09,P068,PEN04,124,69.18,92.5,915.8,0.165,0.602,13,49.4,7,25,30,2,27.1,73.6,99.9,44.6,True,
2026-04-10,P068,PEN04,125,70.73,97.0,1088.8,0.187,0.514,13,51.4,8,21,33,0,26.3,63.7,86.9,56.9,True,
2026-04-11,P068,PEN04,126,70.82,90.5,1215.3,0.224,0.538,11,46.9,9,17,34,0,26.9,69.3,86.2,52.6,True,
2026-03-01,P069,PEN05,88,36.68,128.8,1530.1,0.198,0.502,13,59.6,9,30,51,0,22.9,77.1,98.2,72.5,True,
2026-03-02,P069,PEN05,89,37.65,120.6,1213.4,0.168,0.479,14,62.0,8,19,39,0,23.1,65.3,89.7,71.1,True,
2026-03-03,P069,PEN05,90,38.0,122.0,1393.9,0.19,0.57,12,53.3,9,33,46,1,22.9,75.3,91.8,60.1,True,
2026-03-04,P069,PEN05,91,39.82,116.7,1327.1,0.19,0.541,13,65.5,8,37,46,1,24.7,66.5,90.8,68.5,True,
2026-03-05,P069,PEN05,92,38.74,134.4,1525.2,0.189,0.466,13,60.6,8,29,46,0,25.5,73.7,91.1,76.4,True,
2026-03-06,P069,PEN05,93,41.3,116.9,1378.7,0.197,0.552,11,50.7,7,25,44,0,26.5,65.7,96.2,60.1,True,
2026-03-07,P069,PEN05,94,41.63,124.6,1523.3,0.204,0.5,15,58.9,8,23,40,1,26.3,69.7,96.0,70.0,True,
2026-03-08,P069,PEN05,95,41.53,121.1,1545.8,0.213,0.532,13,61.1,7,22,42,0,26.5,67.1,89.7,70.5,True,
2026-03-09,P069,PEN05,96,42.86,125.2,1324.3,0.176,0.508,13,54.5,7,26,48,0,25.6,65.4,98.6,66.1,True,
2026-03-10,P069,PEN05,97,43.61,126.4,1414.2,0.187,0.497,13,57.2,7,23,43,0,26.8,64.8,96.9,69.7,True,
2026-03-11,P069,PEN05,98,43.62,107.8,1426.1,0.22,0.519,9,50.0,9,33,44,0,25.9,62.4,93.3,60.8,True,
2026-03-12,P069,PEN05,99,44.42,126.6,1270.6,0.167,0.476,14,46.1,9,26,40,0,25.6,59.0,92.1,62.5,True,
2026-03-13,P069,PEN05,100,44.64,144.5,1322.4,0.153,0.529,14,63.5,7,25,37,0,24.9,56.2,96.9,73.7,True,
2026-03-14,P069,PEN05,101,46.33,115.6,1223.4,0.176,0.559,14,56.0,8,22,38,1,25.9,55.3,93.2,59.9,True,
2026-03-15,P069,PEN05,102,47.07,104.6,1378.0,0.219,0.58,13,61.2,8,27,42,2,25.2,63.6,88.5,60.3,True,
2026-03-16,P069,PEN05,103,47.3,111.0,1291.0,0.194,0.486,12,53.5,8,27,34,4,23.7,57.5,94.8,58.8,True,
2026-03-17,P069,PEN05,104,47.31,97.2,1005.6,0.172,0.606,9,53.4,5,24,32,2,24.4,50.1,86.5,48.6,True,
2026-03-18,P069,PEN05,105,48.28,102.0,946.0,0.155,0.666,8,48.3,5,26,40,2,21.8,60.1,100.0,41.6,True,
2026-03-19,P069,PEN05,106,48.87,104.6,1124.1,0.179,0.566,11,57.9,8,21,37,2,21.2,49.0,100.0,56.5,True,
2026-03-20,P069,PEN05,107,49.72,93.9,979.9,0.174,0.664,12,44.4,4,23,42,2,23.1,55.9,95.4,38.2,True,
2026-03-21,P069,PEN05,108,51.12,89.6,968.3,0.18,0.626,14,42.3,6,23,31,1,21.1,56.9,91.9,39.9,True,
2026-03-22,P069,PEN05,109,50.91,93.1,994.5,0.178,0.627,12,53.3,7,16,38,6,21.3,56.1,93.9,40.8,True,
2026-03-23,P069,PEN05,110,52.15,103.5,1033.9,0.166,0.552,11,44.7,8,28,29,4,20.6,57.7,88.0,45.0,True,
2026-03-24,P069,PEN05,111,52.7,98.0,822.0,0.14,0.601,9,40.2,8,22,37,5,19.5,50.3,96.0,34.5,True,
2026-03-25,P069,PEN05,112,53.65,111.0,1254.1,0.188,0.574,11,46.8,8,25,42,3,20.8,56.6,92.1,49.7,True,
2026-03-26,P069,PEN05,113,54.93,123.1,1230.5,0.167,0.508,13,50.0,8,26,40,1,19.8,55.6,96.0,60.5,True,
2026-03-27,P069,PEN05,114,55.72,,1424.3,0.18,0.469,14,64.4,7,25,38,0,19.9,57.7,96.8,77.2,True,
2026-03-28,P069,PEN05,115,56.57,128.6,1392.6,0.18,0.497,13,55.2,6,29,36,0,21.2,62.2,96.5,68.6,True,
2026-03-29,P069,PEN05,116,56.77,120.4,1402.9,0.194,0.532,12,50.7,7,30,37,1,20.2,63.3,93.7,60.8,True,
2026-03-30,P069,PEN05,117,58.04,116.1,1353.7,0.194,0.564,12,53.6,6,20,51,2,19.7,59.6,97.0,58.0,True,
2026-03-31,P069,PEN05,118,57.72,123.9,1160.0,0.156,0.578,13,45.2,8,32,51,2,20.5,62.3,88.1,51.0,True,
2026-04-01,P069,PEN05,119,58.48,123.7,1234.7,0.166,0.587,10,58.6,8,33,38,1,22.4,67.7,97.1,61.1,True,
2026-04-02,P069,PEN05,120,59.29,141.7,1297.5,0.153,0.556,12,54.8,5,30,42,2,21.5,70.4,100.0,62.9,True,
2026-04-03,P069,PEN05,121,60.61,107.2,1282.7,0.199,0.47,12,60.5,8,25,41,2,22.1,71.1,87.6,66.5,True,
2026-04-04,P069,PEN05,122,61.23,125.0,888.5,0.118,0.511,10,52.0,6,23,48,1,22.0,66.2,91.1,58.6,True,
2026-04-05,P069,PEN05,123,61.8,110.7,1141.1,0.172,0.504,13,55.7,6,19,37,1,23.6,69.8,90.9,61.7,True,
2026-04-06,P069,PEN05,124,62.84,127.4,1297.5,0.17,0.518,10,50.7,9,27,37,1,24.2,63.7,100.0,61.7,True,
2026-04-07,P069,PEN05,125,63.19,115.2,1467.1,0.212,0.567,14,,8,22,41,1,25.2,71.3,89.8,65.5,True,
2026-04-08,P069,PEN05,126,64.92,127.9,1219.0,0.159,0.484,13,50.5,7,33,41,0,25.1,69.9,91.3,64.5,True,
2026-04-09,P069,PEN05,127,63.81,125.2,1330.4,0.177,0.541,13,69.8,9,28,41,0,26.2,75.0,89.5,74.1,True,
2026-04-10,P069,PEN05,128,66.33,128.9,1375.9,0.178,0.503,11,47.0,8,29,48,4,26.4,73.6,89.5,57.1,True,
2026-04-11,P069,PEN05,129,65.76,130.3,1390.8,0.178,0.509,14,56.9,7,31,43,1,24.8,69.4,90.2,67.8,True,
2026-03-01,P070,PEN06,86,35.2,123.2,1392.9,0.188,0.534,14,52.4,8,25,45,0,23.3,73.2,91.1,63.4,True,
2026-03-02,P070,PEN06,87,35.78,115.5,1359.5,0.196,0.571,13,59.8,7,23,42,0,24.7,72.5,88.5,64.4,True,
2026-03-03,P070,PEN06,88,35.85,135.8,1270.0,0.156,0.518,12,53.6,8,26,43,2,23.2,63.9,83.1,63.3,True,
2026-03-04,P070,PEN06,89,38.19,117.7,1194.3,0.169,0.578,11,56.9,8,28,45,1,25.0,71.3,100.0,59.3,True,
2026-03-05,P070,PEN06,90,37.38,106.1,1272.8,0.2,0.54,12,47.3,8,23,48,0,24.3,72.1,87.9,55.8,True,
2026-03-06,P070,PEN06,91,38.89,110.2,1259.4,0.19,0.632,10,59.2,9,30,32,1,26.2,72.8,97.0,56.8,True,
2026-03-07,P070,PEN06,92,39.68,111.3,1175.2,0.176,0.525,8,55.8,8,29,37,0,27.3,72.1,94.7,62.2,True,
2026-03-08,P070,PEN06,93,39.46,109.3,1321.4,0.202,0.594,14,48.3,10,27,41,1,26.4,64.0,95.6,52.6,True,
2026-03-09,P070,PEN06,94,41.25,127.0,979.2,0.128,0.592,13,54.1,9,28,40,0,26.3,64.7,97.7,57.3,True,
2026-03-10,P070,PEN06,95,41.48,114.3,914.5,0.133,0.511,8,43.1,9,29,39,0,25.1,58.0,98.2,52.8,True,
2026-03-11,P070,PEN06,96,41.86,117.0,1227.3,0.175,0.549,10,55.9,8,31,37,0,26.3,61.5,95.0,62.1,True,
2026-03-12,P070,PEN06,97,42.9,118.0,1318.1,0.186,0.536,13,53.7,7,27,43,0,25.5,62.1,96.3,62.6,True,
2026-03-13,P070,PEN06,98,43.68,115.3,1120.8,0.162,0.565,14,48.8,7,28,41,2,26.2,64.1,97.3,52.3,True,
2026-03-14,P070,PEN06,99,44.07,121.8,1140.7,0.156,0.487,11,57.4,7,18,38,1,25.6,57.5,90.7,65.6,True,
2026-03-15,P070,PEN06,100,44.27,118.9,998.7,0.14,0.548,12,57.0,6,22,36,0,24.3,58.6,93.4,61.0,True,
2026-03-16,P070,PEN06,101,46.11,,973.1,0.124,0.493,12,,7,26,39,0,24.1,57.0,92.9,61.6,True,
2026-03-17,P070,PEN06,102,46.83,106.1,1139.8,0.179,0.604,12,55.9,7,24,41,1,25.3,54.0,92.3,54.6,True,
2026-03-18,P070,PEN06,103,47.47,93.3,1317.9,0.235,0.581,11,55.9,7,30,45,1,23.1,57.0,83.5,55.8,True,
2026-03-19,P070,PEN06,104,48.27,100.0,1001.9,0.167,0.545,11,51.8,7,21,34,3,22.8,55.3,97.1,50.6,True,
2026-03-20,P070,PEN06,105,48.37,87.4,960.1,0.183,0.573,10,45.5,8,16,28,1,23.3,54.5,91.1,45.0,True,
2026-03-21,P070,PEN06,106,48.66,104.3,1207.6,0.193,0.654,9,50.1,7,18,40,2,22.0,52.4,91.3,46.5,True,
2026-03-22,P070,PEN06,107,49.22,110.1,1006.6,0.152,0.684,8,39.8,7,19,30,5,20.7,57.4,93.9,32.5,True,
2026-03-23,P070,PEN06,108,50.37,83.4,1034.1,0.207,0.587,9,47.2,8,18,32,6,20.6,58.3,81.3,38.3,True,
2026-03-24,P070,PEN06,109,50.09,81.6,927.6,0.19,0.633,10,50.4,6,25,36,3,20.6,58.0,98.4,40.3,True,
2026-03-25,P070,PEN06,110,50.93,79.3,912.1,0.192,0.644,10,42.9,4,18,35,2,19.7,56.5,97.0,35.6,True,
2026-03-26,P070,PEN06,111,51.75,76.1,1109.4,0.243,0.678,8,53.2,4,23,26,3,19.8,54.0,95.3,40.1,True,
2026-03-27,P070,PEN06,112,53.68,85.8,858.2,0.167,0.697,9,41.1,9,21,32,7,19.9,59.5,100.0,24.4,True,
2026-03-28,P070,PEN06,113,53.94,126.8,1295.5,0.17,0.573,12,53.8,9,31,37,0,20.4,58.5,90.3,61.4,True,
2026-03-29,P070,PEN06,114,54.85,107.3,1123.1,0.174,0.538,13,57.6,8,32,35,0,20.7,61.2,90.3,61.4,True,
2026-03-30,P070,PEN06,115,55.46,110.8,1163.5,0.175,0.566,11,42.8,7,29,39,0,21.3,61.2,92.9,50.9,True,
2026-03-31,P070,PEN06,116,56.24,110.6,1078.1,0.162,0.512,13,50.8,6,16,33,3,22.0,62.5,100.0,54.5,True,
2026-04-01,P070,PEN06,117,57.05,116.2,1154.0,0.166,0.527,13,53.9,6,22,40,0,21.7,66.6,98.2,61.4,True,
2026-04-02,P070,PEN06,118,57.45,101.0,1107.5,0.183,0.517,13,41.0,7,24,40,3,21.9,68.3,99.8,46.6,True,
2026-04-03,P070,PEN06,119,58.56,115.3,1148.5,0.166,0.551,12,50.6,7,22,28,3,22.7,67.5,97.4,53.4,True,
2026-04-04,P070,PEN06,120,59.48,113.7,1185.9,0.174,0.626,12,55.3,10,13,41,2,24.2,66.7,96.5,53.0,True,
2026-04-05,P070,PEN06,121,60.9,104.2,886.1,0.142,0.546,9,49.4,9,25,38,1,23.4,73.7,84.3,51.2,True,
2026-04-06,P070,PEN06,122,60.74,103.9,989.6,0.159,0.546,12,49.4,6,17,44,1,23.8,66.4,99.0,52.2,True,
2026-04-07,P070,PEN06,123,62.59,115.1,1005.2,0.146,0.532,13,54.2,8,23,34,0,25.1,71.5,95.6,59.7,True,
2026-04-08,P070,PEN06,124,62.19,97.9,1208.4,0.206,0.569,10,49.4,5,23,39,1,24.9,71.4,93.8,52.0,True,
2026-04-09,P070,PEN06,125,62.38,127.5,1285.9,0.168,0.612,10,54.4,8,23,30,0,24.4,74.7,100.0,59.3,True,
2026-04-10,P070,PEN06,126,63.24,125.2,1172.5,0.156,0.571,11,53.4,10,22,34,1,26.0,69.5,91.5,58.5,True,
2026-04-11,P070,PEN06,127,63.61,122.5,1111.7,0.151,0.561,11,65.9,8,26,32,1,26.7,79.1,92.8,66.1,True,
2026-03-01,P071,PEN07,81,44.6,111.6,1149.4,0.172,0.547,10,44.7,7,20,47,0,22.3,70.4,87.6,53.4,True,
2026-03-02,P071,PEN07,82,45.48,125.9,1203.6,0.159,0.517,12,55.8,10,26,41,0,23.8,71.9,91.0,65.4,True,
2026-03-03,P071,PEN07,83,45.79,109.0,1156.6,0.177,0.527,13,51.5,9,26,44,2,24.0,68.1,94.3,55.9,True,
2026-03-04,P071,PEN07,84,46.73,120.9,1456.7,0.201,0.474,12,62.1,8,26,45,1,22.8,68.3,94.1,72.6,True,
2026-03-05,P071,PEN07,85,48.01,106.0,1254.5,0.197,0.589,13,48.7,7,27,37,0,23.0,73.7,100.0,53.4,True,
2026-03-06,P071,PEN07,86,48.81,112.8,1246.6,0.184,0.548,12,55.6,9,23,31,0,25.4,68.6,89.5,61.5,True,
2026-03-07,P071,PEN07,87,49.61,141.1,969.7,0.115,0.535,12,62.5,7,29,45,0,25.4,67.0,95.6,68.7,True,
2026-03-08,P071,PEN07,88,49.95,104.4,1073.1,0.171,0.546,12,46.0,8,26,32,0,27.0,64.8,98.5,52.4,True,
2026-03-09,P071,PEN07,89,50.54,115.4,918.1,0.133,0.53,12,,10,27,44,1,25.6,60.0,94.2,56.0,True,
2026-03-10,P071,PEN07,90,50.82,107.5,1367.9,0.212,0.582,13,50.3,7,24,38,0,25.2,64.5,84.0,56.2,True,
2026-03-11,P071,PEN07,91,51.74,112.3,1310.1,0.194,0.492,14,55.1,8,27,33,0,25.1,55.8,93.0,65.4,True,
2026-03-12,P071,PEN07,92,52.92,110.2,1448.9,0.219,0.553,12,52.0,9,20,44,0,24.9,58.3,88.8,60.5,True,
2026-03-13,P071,PEN07,93,53.78,126.1,1152.7,0.152,0.505,13,58.9,6,22,42,0,25.2,56.9,85.9,67.7,True,
2026-03-14,P071,PEN07,94,53.41,106.4,1093.6,0.171,0.535,13,51.8,9,21,44,0,25.2,58.5,100.0,57.4,True,
2026-03-15,P071,PEN07,95,54.43,120.3,1154.9,0.16,0.467,13,40.4,6,32,48,0,25.2,58.3,90.8,57.2,True,
2026-03-16,P071,PEN07,96,55.61,114.0,1127.1,0.165,0.571,12,51.9,6,18,37,0,23.7,54.8,96.5,56.7,True,
2026-03-17,P071,PEN07,97,56.42,119.2,1203.2,0.168,0.544,14,54.2,9,26,49,1,23.4,56.7,100.0,60.1,True,
2026-03-18,P071,PEN07,98,56.39,104.1,1065.7,0.171,0.522,13,45.9,9,24,36,0,22.5,54.0,94.5,53.8,True,
2026-03-19,P071,PEN07,99,57.74,121.6,1264.4,0.173,0.496,12,57.6,10,27,38,0,21.8,54.5,88.9,67.8,True,
2026-03-20,P071,PEN07,100,57.91,106.6,1223.3,0.191,0.556,13,55.2,6,23,34,2,22.9,54.0,97.9,56.7,True,
2026-03-21,P071,PEN07,101,59.34,122.3,1145.0,0.156,0.486,15,59.3,6,19,39,0,21.7,54.8,96.8,68.5,True,
2026-03-22,P071,PEN07,102,59.5,120.8,1304.3,0.18,0.515,10,57.3,8,31,40,0,20.6,56.3,92.8,66.7,True,
2026-03-23,P071,PEN07,103,60.94,129.3,1326.9,0.171,0.48,11,51.7,9,23,43,0,20.7,59.0,96.6,66.9,True,
2026-03-24,P071,PEN07,104,61.16,117.3,1159.3,0.165,0.526,10,47.2,7,24,27,0,19.4,58.1,100.0,57.3,True,
2026-03-25,P071,PEN07,105,62.16,115.6,,0.186,0.57,9,54.4,7,23,38,0,20.3,56.9,90.7,60.2,True,
2026-03-26,P071,PEN07,106,62.31,128.3,1353.5,0.176,0.529,9,57.9,5,25,38,1,18.7,56.2,91.6,66.4,True,
2026-03-27,P071,PEN07,107,63.45,111.5,1125.8,0.168,0.535,12,46.5,9,23,39,0,19.5,57.4,93.7,55.0,True,
2026-03-28,P071,PEN07,108,64.15,112.0,1187.9,0.177,0.558,10,54.1,10,26,43,1,19.1,54.4,99.0,57.8,True,
2026-03-29,P071,PEN07,109,64.93,113.1,1155.7,0.17,0.464,10,52.5,8,20,40,2,20.5,55.3,98.1,61.4,True,
2026-03-30,P071,PEN07,110,65.29,110.7,950.8,0.143,0.516,16,55.8,7,19,29,0,19.9,65.6,96.1,60.5,True,
2026-03-31,P071,PEN07,111,66.75,112.3,1271.4,0.189,0.514,13,67.9,8,25,44,1,20.7,65.3,98.2,70.5,True,
2026-04-01,P071,PEN07,112,66.83,110.5,1170.8,0.177,0.583,11,60.8,7,27,39,0,22.2,62.8,92.2,61.5,True,
2026-04-02,P071,PEN07,113,67.71,119.5,1050.8,0.147,0.501,10,60.1,9,27,44,0,20.3,66.5,96.7,66.7,True,
2026-04-03,P071,PEN07,114,68.41,99.3,1225.9,0.206,0.542,10,50.7,8,21,38,0,22.8,68.3,84.6,56.3,True,
2026-04-04,P071,PEN07,115,68.92,104.3,1046.1,0.167,0.541,14,48.6,9,23,38,0,23.3,62.7,93.6,54.1,True,
2026-04-05,P071,PEN07,116,70.34,103.5,1167.1,0.188,0.491,12,39.9,9,16,44,0,24.0,66.0,90.2,52.7,True,
2026-04-06,P071,PEN07,117,69.69,,1084.8,0.16,0.556,13,53.9,7,19,46,1,24.7,66.4,84.8,56.9,True,
2026-04-07,P071,PEN07,118,71.16,103.8,1094.7,0.176,0.491,10,55.7,8,24,38,0,24.0,72.7,89.6,62.4,True,
2026-04-08,P071,PEN07,119,72.12,102.8,1324.5,0.215,0.543,10,49.7,9,24,34,0,24.3,72.1,96.3,57.1,True,
2026-04-09,P071,PEN07,120,71.97,119.9,1329.5,0.185,0.611,14,48.7,8,27,49,0,25.4,70.8,100.0,54.9,True,
2026-04-10,P071,PEN07,121,73.48,114.8,1021.7,0.148,0.498,13,50.4,9,29,35,0,25.7,74.9,91.6,59.5,True,
2026-04-11,P071,PEN07,122,73.69,127.0,928.4,0.122,0.533,12,56.8,8,20,34,1,23.9,73.5,86.8,61.0,True,
2026-03-01,P072,PEN08,79,46.64,149.9,1527.3,0.17,0.521,13,51.5,9,26,50,1,24.8,69.5,92.7,68.0,True,
2026-03-02,P072,PEN08,80,46.6,160.0,1539.0,0.16,0.555,13,62.8,8,26,42,1,25.9,68.4,91.6,74.8,True,
2026-03-03,P072,PEN08,81,46.79,141.8,1530.9,0.18,0.421,13,57.6,6,31,54,1,25.6,70.7,97.2,77.2,True,
2026-03-04,P072,PEN08,82,47.07,142.5,1660.1,0.194,0.509,13,,8,29,43,0,26.3,70.8,90.9,73.8,True,
2026-03-05,P072,PEN08,83,48.8,153.9,1727.4,0.187,0.449,12,58.6,11,34,51,1,26.9,70.3,100.0,79.9,True,
2026-03-06,P072,PEN08,84,49.33,148.1,1602.6,0.18,0.471,15,53.7,10,25,48,1,26.4,67.3,100.0,73.1,True,
2026-03-07,P072,PEN08,85,49.88,140.2,1440.3,0.171,0.439,14,58.7,7,33,58,0,26.4,68.4,100.0,77.0,True,
2026-03-08,P072,PEN08,86,50.56,145.6,1602.0,0.183,0.492,16,58.9,9,37,49,1,27.0,64.5,100.0,74.7,True,
2026-03-09,P072,PEN08,87,51.07,145.6,1223.7,0.14,0.473,14,62.4,9,35,45,2,27.9,67.9,93.6,73.1,True,
2026-03-10,P072,PEN08,88,52.47,138.1,1668.9,0.201,0.459,11,69.9,5,34,42,0,27.5,66.5,92.2,84.9,True,
2026-03-11,P072,PEN08,89,52.36,160.0,1421.7,0.148,0.483,15,66.6,8,35,52,2,28.7,65.5,88.1,79.4,True,
2026-03-12,P072,PEN08,90,53.84,140.9,1443.8,0.171,0.457,14,70.1,9,30,45,0,27.0,59.2,94.4,83.3,True,
2026-03-13,P072,PEN08,91,54.61,158.3,1520.7,0.16,0.415,13,60.3,9,28,39,1,27.8,61.5,95.2,81.8,True,
2026-03-14,P072,PEN08,92,54.83,150.7,1527.8,0.169,0.431,13,67.5,9,31,55,0,24.8,56.6,97.2,85.7,True,
2026-03-15,P072,PEN08,93,55.37,136.8,1339.9,0.163,0.429,13,60.6,8,27,52,0,25.8,50.4,97.3,77.3,True,
2026-03-16,P072,PEN08,94,56.28,133.3,1610.3,0.201,0.478,12,60.9,8,33,54,0,25.8,60.0,92.4,76.4,True,
2026-03-17,P072,PEN08,95,56.82,148.1,1468.5,0.165,0.454,16,61.9,7,31,48,1,25.8,55.1,92.1,78.2,True,
2026-03-18,P072,PEN08,96,57.45,145.1,1491.1,0.171,0.467,14,57.8,7,32,40,1,25.5,52.9,94.4,74.5,True,
2026-03-19,P072,PEN08,97,58.52,141.4,1438.7,0.17,0.453,16,64.2,9,30,46,0,22.2,59.3,98.7,79.8,True,
2026-03-20,P072,PEN08,98,59.06,,1747.0,0.203,0.425,15,63.3,9,33,44,0,24.3,48.6,95.2,84.4,True,
2026-03-21,P072,PEN08,99,60.7,130.7,1499.8,0.191,0.523,12,70.5,9,32,42,1,23.2,52.1,93.8,76.8,True,
2026-03-22,P072,PEN08,100,60.84,136.9,1288.0,0.157,0.451,14,60.0,10,37,51,1,23.2,53.1,96.0,73.6,True,
2026-03-23,P072,PEN08,101,61.06,150.1,1504.2,0.167,0.545,12,62.2,7,24,46,0,20.6,46.9,93.3,74.6,True,
2026-03-24,P072,PEN08,102,62.07,131.4,1390.2,0.176,0.376,15,64.0,8,29,45,0,22.0,55.9,87.4,82.6,True,
2026-03-25,P072,PEN08,103,63.02,136.9,1503.9,0.183,0.462,12,60.3,10,24,48,0,21.5,54.4,99.2,76.6,True,
2026-03-26,P072,PEN08,104,63.61,137.7,1236.1,0.15,0.499,14,67.2,9,36,52,0,22.5,57.5,99.3,76.1,True,
2026-03-27,P072,PEN08,105,64.52,144.9,1483.9,0.171,0.51,10,65.0,9,34,57,1,21.2,58.0,97.0,76.2,True,
2026-03-28,P072,PEN08,106,65.24,139.1,1371.7,0.164,0.441,11,62.3,10,28,45,0,22.2,57.0,90.5,78.3,True,
2026-03-29,P072,PEN08,107,65.88,144.4,1373.6,0.159,0.448,14,62.6,8,28,48,0,20.9,62.7,92.2,78.9,True,
2026-03-30,P072,PEN08,108,65.73,141.5,1362.2,0.16,0.492,15,63.9,8,34,43,2,22.2,63.9,100.0,73.5,True,
2026-03-31,P072,PEN08,109,67.24,149.8,1288.2,0.143,0.489,14,67.9,8,30,53,0,21.9,66.6,93.0,79.7,True,
2026-04-01,P072,PEN08,110,68.54,140.2,1393.4,0.166,0.43,16,53.4,8,30,57,1,25.3,63.4,86.5,72.2,True,
2026-04-02,P072,PEN08,111,69.59,146.6,1703.0,0.194,0.433,15,55.2,8,26,44,0,24.7,60.4,89.6,78.7,True,
2026-04-03,P072,PEN08,112,69.94,152.1,1687.8,0.185,0.423,15,58.4,8,29,55,0,24.4,71.5,100.0,82.2,True,
2026-04-04,P072,PEN08,113,70.21,133.4,1743.2,0.218,0.523,16,62.1,8,25,55,0,24.7,71.5,93.0,75.6,True,
2026-04-05,P072,PEN08,114,70.32,148.1,1579.9,0.178,0.47,13,64.2,7,29,48,0,24.5,70.8,81.9,81.2,True,
2026-04-06,P072,PEN08,115,71.81,148.2,1573.2,0.177,0.495,14,59.1,9,27,35,0,25.2,69.6,96.1,76.2,True,
2026-04-07,P072,PEN08,116,72.58,153.6,1532.8,0.166,0.506,13,60.2,8,39,42,1,25.2,74.6,98.8,75.3,True,
2026-04-08,P072,PEN08,117,72.0,143.3,1354.0,0.157,0.466,13,65.2,9,36,47,0,25.9,70.4,98.7,79.1,True,
2026-04-09,P072,PEN08,118,73.11,149.4,1415.3,0.158,0.437,12,63.1,9,30,47,0,26.5,70.9,91.4,81.1,True,
2026-04-10,P072,PEN08,119,74.34,135.4,1359.3,0.167,0.454,14,66.1,6,28,37,0,26.4,68.9,91.4,79.2,True,
2026-04-11,P072,PEN08,120,75.4,139.3,1621.3,0.194,0.509,13,56.5,9,31,47,1,26.7,69.8,100.0,71.2,True,
2026-03-01,P073,PEN01,88,39.5,94.3,824.6,0.146,0.607,10,45.1,10,18,37,0,24.3,64.9,93.4,43.7,True,
2026-03-02,P073,PEN01,89,40.78,92.0,945.3,0.171,0.579,11,52.1,10,13,31,1,23.6,70.7,94.7,49.5,True,
2026-03-03,P073,PEN01,90,41.13,83.3,812.9,0.163,0.521,11,33.9,8,19,35,1,23.3,68.2,100.0,38.7,True,
2026-03-04,P073,PEN01,91,41.82,84.6,1081.0,0.213,0.602,10,43.0,7,18,33,0,25.2,69.8,99.7,43.6,True,
2026-03-05,P073,PEN01,92,42.08,74.3,781.1,0.175,0.521,11,45.6,11,27,29,0,26.1,70.7,95.7,46.0,True,
2026-03-06,P073,PEN01,93,43.4,103.8,1053.4,0.169,0.556,11,42.7,8,21,30,1,24.8,70.0,85.9,47.8,True,
2026-03-07,P073,PEN01,94,43.91,73.4,1082.8,0.246,0.572,9,39.1,8,18,45,1,27.4,63.8,95.0,39.9,True,
2026-03-08,P073,PEN01,95,45.53,99.5,763.1,0.128,0.572,10,39.5,8,17,28,1,26.1,69.2,94.7,41.2,True,
2026-03-09,P073,PEN01,96,44.97,84.7,1075.1,0.212,0.621,9,54.2,6,21,35,2,25.8,67.7,85.0,46.9,True,
2026-03-10,P073,PEN01,97,46.0,78.8,998.2,0.211,0.569,10,39.1,8,19,20,1,26.7,66.8,92.6,40.2,True,
2026-03-11,P073,PEN01,98,46.85,104.5,957.0,0.153,0.585,9,44.9,6,16,33,1,25.9,62.7,91.2,46.5,True,
2026-03-12,P073,PEN01,99,47.95,79.8,920.9,0.192,0.588,11,47.2,8,9,33,0,26.8,63.8,96.8,45.0,True,
2026-03-13,P073,PEN01,100,48.64,93.0,924.9,0.166,0.524,11,40.7,10,19,36,0,26.4,61.0,94.7,47.0,True,
2026-03-14,P073,PEN01,101,49.89,104.3,1006.8,0.161,0.562,11,37.6,6,15,32,1,24.6,62.7,86.9,43.8,True,
2026-03-15,P073,PEN01,102,50.38,87.0,1012.9,0.194,0.631,13,51.5,10,20,35,0,24.5,57.6,98.9,47.0,True,
2026-03-16,P073,PEN01,103,50.3,103.2,1094.1,0.177,0.616,9,52.5,8,22,36,0,24.9,57.6,90.5,52.1,True,
2026-03-17,P073,PEN01,104,51.08,79.9,1076.0,0.224,0.541,11,48.8,10,23,34,1,24.2,56.0,95.8,49.2,True,
2026-03-18,P073,PEN01,105,51.71,88.0,1111.1,0.21,0.545,10,48.9,8,22,33,1,24.6,57.3,94.8,50.6,True,
2026-03-19,P073,PEN01,106,52.46,86.9,1057.8,0.203,0.61,12,27.4,7,17,37,0,24.4,60.0,99.8,33.1,True,
2026-03-20,P073,PEN01,107,53.61,84.4,925.6,0.183,0.599,11,49.6,9,23,30,0,23.0,51.2,100.0,46.5,True,
2026-03-21,P073,PEN01,108,54.31,78.5,785.5,0.167,0.592,10,45.8,9,23,32,0,22.0,53.1,90.9,42.2,True,
2026-03-22,P073,PEN01,109,53.82,87.0,1049.7,0.201,0.619,13,42.5,10,12,33,0,22.9,55.2,94.4,42.3,True,
2026-03-23,P073,PEN01,110,55.06,84.8,1245.8,0.245,0.633,12,53.7,7,15,35,0,21.3,55.6,91.5,50.3,True,
2026-03-24,P073,PEN01,111,56.36,94.2,1039.3,0.184,0.61,12,52.0,8,8,32,1,22.5,54.7,92.1,48.7,True,
2026-03-25,P073,PEN01,112,56.97,95.2,879.4,0.154,0.578,13,54.5,9,25,31,2,21.6,55.0,86.4,49.6,True,
2026-03-26,P073,PEN01,113,58.12,99.6,1015.7,0.17,0.605,11,44.0,8,25,33,0,21.7,61.6,100.0,45.9,True,
2026-03-27,P073,PEN01,114,58.34,71.0,968.0,0.227,0.591,10,37.1,10,20,34,0,20.2,63.5,94.2,37.2,True,
2026-03-28,P073,PEN01,115,58.97,99.0,897.6,0.151,0.621,10,47.6,9,21,31,0,22.1,56.9,93.0,45.9,True,
2026-03-29,P073,PEN01,116,59.38,98.8,965.1,0.163,0.6,11,37.7,8,24,34,0,20.6,63.3,91.8,41.4,True,
2026-03-30,P073,PEN01,117,60.93,82.9,900.0,0.181,0.577,9,43.3,9,22,37,0,21.1,65.3,99.5,43.4,True,
2026-03-31,P073,PEN01,118,61.5,81.3,642.4,0.132,0.608,12,47.3,9,19,38,0,22.2,66.8,91.8,41.2,True,
2026-04-01,P073,PEN01,119,61.85,83.9,880.9,0.175,0.553,11,41.5,9,18,33,0,21.4,68.5,93.5,43.7,True,
2026-04-02,P073,PEN01,120,63.25,84.9,1004.8,0.197,0.628,8,43.5,7,18,38,1,23.6,66.8,88.5,40.2,True,
2026-04-03,P073,PEN01,121,64.06,93.1,1010.1,0.181,0.601,11,37.3,8,14,33,1,23.7,66.4,90.1,39.3,True,
2026-04-04,P073,PEN01,122,63.91,74.6,1087.1,0.243,0.626,10,52.1,10,12,40,0,23.6,70.3,94.6,46.5,True,
2026-04-05,P073,PEN01,123,65.57,95.9,858.1,0.149,0.606,12,43.2,9,18,36,0,25.0,67.8,96.3,43.1,True,
2026-04-06,P073,PEN01,124,65.91,76.1,964.0,0.211,0.617,10,45.4,8,25,40,1,24.8,66.3,89.0,40.3,True,
2026-04-07,P073,PEN01,125,66.34,84.1,884.9,0.175,0.569,11,39.6,7,24,36,1,25.6,66.4,87.8,40.1,True,
2026-04-08,P073,PEN01,126,67.72,88.0,1086.2,0.206,0.591,9,44.0,7,22,39,0,26.6,69.7,92.5,45.6,True,
2026-04-09,P073,PEN01,127,67.78,84.5,897.6,0.177,0.556,10,50.5,8,18,37,0,25.8,72.2,86.4,49.7,True,
2026-04-10,P073,PEN01,128,68.99,72.8,903.9,0.207,0.592,11,53.6,8,17,28,0,26.9,74.2,89.0,47.5,True,
2026-04-11,P073,PEN01,129,69.04,92.8,946.0,0.17,0.619,10,47.5,8,18,24,0,27.0,71.1,99.0,45.5,True,
2026-03-01,P074,PEN02,80,42.93,90.6,901.1,0.166,0.624,13,33.1,7,20,23,2,23.3,69.2,89.5,32.2,True,
2026-03-02,P074,PEN02,81,43.64,97.8,1014.8,0.173,0.554,11,50.0,7,23,31,1,22.8,73.1,100.0,51.3,True,
2026-03-03,P074,PEN02,82,44.3,92.7,907.4,0.163,0.597,13,39.6,10,32,33,0,24.0,71.2,93.5,41.3,True,
2026-03-04,P074,PEN02,83,45.37,101.2,1079.6,0.178,0.561,11,47.8,6,22,29,1,24.8,71.4,93.2,50.7,True,
2026-03-05,P074,PEN02,84,45.4,107.9,904.4,0.14,0.544,13,49.6,7,17,32,1,24.1,66.4,95.3,52.3,True,
2026-03-06,P074,PEN02,85,47.14,73.3,953.4,0.217,0.596,14,47.3,9,22,34,1,24.5,67.1,98.5,42.3,True,
2026-03-07,P074,PEN02,86,46.92,88.6,1059.9,0.199,0.621,11,44.9,8,12,37,0,24.4,64.2,93.4,44.1,True,
2026-03-08,P074,PEN02,87,48.24,89.3,949.6,0.177,0.564,11,41.1,9,19,41,0,25.2,66.3,92.7,44.4,True,
2026-03-09,P074,PEN02,88,48.4,103.2,1003.9,0.162,0.616,9,51.3,8,16,32,1,25.7,67.5,89.5,49.0,True,
2026-03-10,P074,PEN02,89,48.92,77.0,1050.0,0.227,0.61,8,53.7,7,17,30,0,25.8,65.9,92.3,48.6,True,
2026-03-11,P074,PEN02,90,50.6,107.6,1266.1,0.196,0.623,10,45.1,7,23,28,0,26.7,60.6,98.5,49.2,True,
2026-03-12,P074,PEN02,91,50.68,102.6,1109.5,0.18,0.579,12,55.4,8,21,28,1,25.5,60.1,95.4,55.0,True,
2026-03-13,P074,PEN02,92,51.83,98.6,1092.5,0.185,0.585,12,32.2,7,16,34,0,24.2,59.8,99.9,40.1,True,
2026-03-14,P074,PEN02,93,51.53,70.8,943.4,0.222,0.636,10,46.1,9,13,28,0,24.3,52.7,90.5,39.9,True,
2026-03-15,P074,PEN02,94,52.08,78.8,658.1,0.139,0.627,11,41.7,9,14,36,3,23.1,57.0,97.3,31.9,True,
2026-03-16,P074,PEN02,95,52.94,93.3,830.8,0.148,0.64,11,43.6,7,14,20,4,23.5,63.6,97.2,34.9,True,
2026-03-17,P074,PEN02,96,53.37,64.9,630.9,0.162,0.644,8,37.5,6,15,19,1,22.9,51.6,87.3,28.3,True,
2026-03-18,P074,PEN02,97,55.45,75.4,800.3,0.177,0.703,7,33.4,9,16,23,2,22.8,53.7,92.9,23.8,True,
2026-03-19,P074,PEN02,98,55.07,70.5,680.4,0.161,0.617,8,37.2,5,15,22,3,22.5,53.5,97.5,28.4,True,
2026-03-20,P074,PEN02,99,57.15,62.2,713.0,0.191,0.654,11,41.5,6,16,25,6,22.4,53.4,94.2,23.7,True,
2026-03-21,P074,PEN02,100,57.17,73.4,613.6,0.139,0.658,8,31.3,2,11,21,1,20.9,54.7,91.2,24.6,True,
2026-03-22,P074,PEN02,101,57.75,80.3,641.4,0.133,0.709,9,,4,15,29,1,22.0,59.6,92.6,23.7,True,
2026-03-23,P074,PEN02,102,57.73,53.6,690.7,0.215,0.665,7,40.5,6,14,27,3,20.7,55.3,100.0,24.9,True,
2026-03-24,P074,PEN02,103,59.29,81.9,1063.0,0.216,0.624,14,38.0,8,12,31,1,20.7,51.8,99.1,36.9,True,
2026-03-25,P074,PEN02,104,59.69,82.3,866.4,0.176,0.657,9,29.6,6,18,35,4,19.6,56.3,94.7,23.2,True,
2026-03-26,P074,PEN02,105,61.43,80.9,869.3,0.179,0.635,9,52.6,7,20,31,1,19.7,60.3,92.2,43.6,True,
2026-03-27,P074,PEN02,106,61.32,73.5,769.5,0.174,0.669,10,32.7,9,10,25,2,20.2,58.9,100.0,24.9,True,
2026-03-28,P074,PEN02,107,62.39,82.1,1075.6,0.218,0.639,9,34.8,7,11,28,0,19.0,60.6,87.5,35.5,True,
2026-03-29,P074,PEN02,108,63.54,82.0,615.0,0.125,0.669,11,39.7,5,22,23,1,19.1,60.3,97.6,30.7,True,
2026-03-30,P074,PEN02,109,63.92,77.9,957.9,0.205,0.6,12,38.8,7,18,35,1,19.7,60.9,93.9,37.4,True,
2026-03-31,P074,PEN02,110,63.71,74.6,1027.7,0.23,0.566,11,44.0,8,16,29,0,21.5,55.6,95.0,44.5,True,
2026-04-01,P074,PEN02,111,65.2,92.9,1066.3,0.191,0.624,11,44.4,10,22,39,1,20.9,66.0,99.0,43.0,True,
2026-04-02,P074,PEN02,112,65.48,87.7,801.6,0.152,0.577,8,40.3,6,18,31,1,21.8,66.6,89.9,39.8,True,
2026-04-03,P074,PEN02,113,65.36,83.7,1060.6,0.211,0.645,10,44.3,7,12,34,0,22.7,73.6,87.6,41.4,True,
2026-04-04,P074,PEN02,114,67.84,80.8,912.0,0.188,0.596,10,49.8,8,16,38,0,22.4,66.7,99.0,46.2,True,
2026-04-05,P074,PEN02,115,67.63,83.4,879.2,0.176,0.577,9,37.0,6,20,31,0,23.6,70.1,87.0,39.2,True,
2026-04-06,P074,PEN02,116,68.51,94.9,943.1,0.166,0.562,9,46.0,7,21,33,0,23.3,70.5,99.0,48.5,True,
2026-04-07,P074,PEN02,117,69.48,94.0,954.4,0.169,0.585,10,49.9,8,19,40,2,25.6,71.2,95.0,46.7,True,
2026-04-08,P074,PEN02,118,70.01,96.5,1063.7,0.184,0.561,11,41.3,7,17,36,1,24.1,68.7,96.5,45.6,True,
2026-04-09,P074,PEN02,119,71.02,66.6,882.4,0.221,0.62,10,45.6,8,8,25,1,25.0,69.7,97.9,37.9,True,
2026-04-10,P074,PEN02,120,71.82,84.8,910.1,0.179,0.621,10,51.5,9,21,26,2,26.2,72.1,95.7,43.5,True,
2026-04-11,P074,PEN02,121,72.05,82.1,753.3,0.153,0.7,9,33.5,7,25,27,0,25.5,72.9,94.0,27.4,True,
2026-03-01,P075,PEN03,83,44.69,95.7,1067.7,0.186,0.562,8,43.5,7,20,38,2,23.0,67.0,89.7,45.4,True,
2026-03-02,P075,PEN03,84,45.16,99.1,1241.1,0.209,0.472,10,57.8,11,21,38,0,22.7,73.6,86.5,65.7,True,
2026-03-03,P075,PEN03,85,46.21,104.4,925.5,0.148,0.596,10,46.4,9,25,33,0,23.7,70.6,93.8,47.9,True,
2026-03-04,P075,PEN03,86,46.62,102.6,1134.9,0.184,0.553,11,49.2,7,17,31,0,24.0,69.6,100.0,54.3,True,
2026-03-05,P075,PEN03,87,47.6,94.4,982.1,0.173,0.644,10,44.7,9,19,40,1,22.9,71.5,100.0,41.2,True,
2026-03-06,P075,PEN03,88,47.66,89.0,873.2,0.163,0.559,13,48.0,7,16,40,2,25.8,70.2,97.0,45.5,True,
2026-03-07,P075,PEN03,89,48.65,101.7,1342.6,0.22,0.644,11,49.9,9,18,39,0,25.8,67.5,92.6,50.7,True,
2026-03-08,P075,PEN03,90,50.36,110.6,1147.7,0.173,0.535,11,49.3,8,17,27,0,24.6,66.3,95.2,57.0,True,
2026-03-09,P075,PEN03,91,50.84,83.1,1209.9,0.243,0.649,11,47.6,11,21,38,0,30.6,73.8,96.2,44.7,True,
2026-03-10,P075,PEN03,92,51.06,99.4,916.5,0.154,0.603,10,46.3,9,22,33,0,29.7,67.5,93.5,46.5,True,
2026-03-11,P075,PEN03,93,51.98,78.0,1066.1,0.228,0.614,12,37.1,9,16,43,1,30.7,64.8,92.8,36.4,True,
2026-03-12,P075,PEN03,94,53.94,85.4,1030.1,0.201,0.627,10,52.1,7,17,34,0,30.0,68.7,94.8,47.6,True,
2026-03-13,P075,PEN03,95,54.0,100.7,1002.6,0.166,0.556,11,52.3,6,22,28,1,25.5,55.0,91.7,53.1,True,
2026-03-14,P075,PEN03,96,53.7,110.5,926.5,0.14,0.532,13,,5,26,37,0,24.9,56.3,99.4,50.3,True,
2026-03-15,P075,PEN03,97,54.4,95.6,991.1,0.173,0.503,11,35.7,8,17,43,0,25.0,55.4,85.6,46.2,True,
2026-03-16,P075,PEN03,98,55.78,110.8,928.4,0.14,0.498,10,51.1,8,21,33,0,23.9,58.0,93.6,58.3,True,
2026-03-17,P075,PEN03,99,56.5,116.4,835.2,0.12,0.615,13,52.5,9,34,34,2,24.1,56.6,95.2,48.8,True,
2026-03-18,P075,PEN03,100,57.19,103.6,1044.2,0.168,0.643,11,50.4,9,24,42,0,23.0,59.9,92.4,48.4,True,
2026-03-19,P075,PEN03,101,58.42,105.2,1094.3,0.173,0.587,11,52.7,9,22,33,0,23.1,57.6,98.5,54.4,True,
2026-03-20,P075,PEN03,102,58.2,96.4,901.7,0.156,0.508,12,57.1,9,26,35,1,22.0,52.6,88.5,57.6,True,
2026-03-21,P075,PEN03,103,59.14,105.6,1248.6,0.197,0.604,11,43.6,8,27,36,1,21.2,53.7,99.4,47.6,True,
2026-03-22,P075,PEN03,104,59.42,115.8,841.1,0.121,0.613,11,,8,21,37,0,21.4,53.6,88.9,52.8,True,
2026-03-23,P075,PEN03,105,60.67,90.8,1100.0,0.202,0.606,13,51.4,6,24,35,0,21.3,57.3,100.0,50.1,True,
2026-03-24,P075,PEN03,106,62.28,102.8,1125.3,0.182,0.603,12,50.5,7,21,35,0,21.2,57.8,100.0,51.8,True,
2026-03-25,P075,PEN03,107,62.23,108.1,1236.1,0.19,0.529,11,54.4,9,23,42,1,20.8,53.9,85.3,59.7,True,
2026-03-26,P075,PEN03,108,63.41,109.1,1066.3,0.163,0.583,12,54.3,8,18,33,1,19.9,58.5,93.6,54.6,True,
2026-03-27,P075,PEN03,109,64.13,88.6,1123.7,0.211,0.512,11,44.3,8,20,45,0,19.5,57.5,89.4,51.4,True,
2026-03-28,P075,PEN03,110,64.14,95.4,1058.5,0.185,0.637,12,48.6,8,29,38,0,20.6,63.4,88.6,46.6,True,
2026-03-29,P075,PEN03,111,64.64,100.6,1148.2,0.19,0.533,11,59.6,10,15,36,0,20.5,61.8,94.9,62.2,True,
2026-03-30,P075,PEN03,112,66.06,92.7,1039.4,0.187,0.56,11,57.8,8,21,33,0,21.2,68.3,78.4,56.9,True,
2026-03-31,P075,PEN03,113,66.34,107.8,1042.4,0.161,0.589,10,54.4,9,21,29,0,20.5,63.8,100.0,55.3,True,
2026-04-01,P075,PEN03,114,66.32,101.4,1162.2,0.191,0.561,12,59.4,7,24,31,0,21.6,65.0,97.4,60.5,True,
2026-04-02,P075,PEN03,115,67.27,97.8,1015.8,0.173,0.571,14,47.4,7,20,26,1,21.8,62.7,100.0,48.7,True,
2026-04-03,P075,PEN03,116,68.38,105.8,,0.171,0.573,12,40.0,9,20,37,0,24.0,74.2,100.0,47.0,True,
2026-04-04,P075,PEN03,117,69.14,108.9,1175.8,0.18,0.581,10,51.2,9,27,28,0,23.0,64.0,91.9,55.2,True,
2026-04-05,P075,PEN03,118,70.34,96.6,1161.3,0.2,0.596,11,42.9,9,25,30,2,22.7,70.7,95.6,43.9,True,
2026-04-06,P075,PEN03,119,71.01,96.6,1148.9,0.198,0.566,10,50.5,8,18,37,0,24.1,68.8,100.0,53.5,True,
2026-04-07,P075,PEN03,120,71.63,99.5,862.6,0.145,0.567,14,42.2,10,25,37,1,24.1,68.9,100.0,44.2,True,
2026-04-08,P075,PEN03,121,72.37,94.3,1020.2,0.18,0.496,15,44.5,8,18,34,0,24.5,70.1,100.0,52.5,True,
2026-04-09,P075,PEN03,122,73.53,107.5,979.5,0.152,0.492,11,46.5,7,23,27,0,25.8,67.0,88.6,55.7,True,
2026-04-10,P075,PEN03,123,73.86,85.4,1096.2,0.214,0.559,12,47.4,7,17,35,1,25.2,72.5,98.5,48.2,True,
2026-04-11,P075,PEN03,124,75.02,99.9,1172.9,0.196,0.532,12,50.9,9,26,38,1,26.1,71.2,99.7,55.3,True,
2026-03-01,P076,PEN04,86,37.19,69.7,848.0,0.203,0.584,9,38.8,7,18,23,0,24.5,69.1,95.5,37.4,True,
2026-03-02,P076,PEN04,87,37.89,70.0,944.0,0.225,0.552,10,33.7,6,10,30,0,26.5,75.5,100.0,37.2,True,
2026-03-03,P076,PEN04,88,38.26,82.9,725.5,0.146,,9,42.2,6,17,25,0,25.7,67.7,94.5,36.2,True,
2026-03-04,P076,PEN04,89,38.74,84.6,672.5,0.133,0.619,8,24.9,8,19,31,0,26.1,67.0,93.1,26.7,True,
2026-03-05,P076,PEN04,90,39.85,79.8,742.2,0.155,0.605,8,45.8,9,14,25,0,24.8,71.7,94.6,41.2,True,
2026-03-06,P076,PEN04,91,41.01,88.5,572.5,0.108,0.613,7,36.1,8,16,31,0,26.5,64.3,100.0,34.0,True,
2026-03-07,P076,PEN04,92,42.35,71.6,854.3,0.199,0.63,11,38.8,8,15,30,0,25.8,68.1,93.3,34.8,True,
2026-03-08,P076,PEN04,93,42.32,89.5,699.3,0.13,0.618,12,37.2,7,6,31,0,28.2,70.1,98.2,35.8,True,
2026-03-09,P076,PEN04,94,42.82,48.7,662.9,0.227,0.657,9,35.5,11,17,28,1,32.6,71.6,93.4,23.9,True,
2026-03-10,P076,PEN04,95,44.29,48.5,463.5,0.159,0.65,9,29.5,10,21,18,0,31.6,68.1,98.9,19.8,True,
2026-03-11,P076,PEN04,96,44.61,65.0,555.5,0.142,0.666,11,37.6,11,20,28,0,31.5,69.2,100.0,27.6,True,
2026-03-12,P076,PEN04,97,45.86,67.4,771.0,0.191,0.68,8,47.2,10,12,36,2,31.0,66.2,94.4,32.7,True,
2026-03-13,P076,PEN04,98,45.92,69.6,665.4,0.159,0.566,10,43.6,6,10,26,1,27.1,60.7,91.1,38.5,True,
2026-03-14,P076,PEN04,99,46.38,63.7,797.1,0.208,0.64,9,35.3,11,10,34,2,26.7,58.2,90.0,27.2,True,
2026-03-15,P076,PEN04,100,47.28,69.6,1100.2,0.263,0.602,9,33.6,8,17,27,1,24.2,57.7,89.0,34.0,True,
2026-03-16,P076,PEN04,101,48.29,78.4,774.2,0.165,0.714,9,36.0,8,15,26,0,25.8,63.0,90.2,27.8,True,
2026-03-17,P076,PEN04,102,48.9,61.9,747.7,0.201,0.606,8,37.4,8,17,28,0,25.2,63.3,98.7,32.8,True,
2026-03-18,P076,PEN04,103,49.83,49.2,1002.0,0.339,0.581,10,37.0,8,13,20,1,25.2,53.8,93.9,33.3,True,
2026-03-19,P076,PEN04,104,51.36,83.7,677.1,0.135,0.563,10,48.9,8,16,34,0,23.3,49.2,100.0,45.9,True,
2026-03-20,P076,PEN04,105,50.59,80.0,677.7,0.141,0.688,11,30.6,7,18,32,0,23.6,54.2,97.9,25.2,True,
2026-03-21,P076,PEN04,106,51.92,74.6,765.7,0.171,0.609,11,35.5,9,14,30,0,22.4,54.5,95.2,33.6,True,
2026-03-22,P076,PEN04,107,52.57,75.6,784.2,0.173,0.618,9,38.5,8,14,34,1,22.1,53.4,98.9,33.9,True,
2026-03-23,P076,PEN04,108,52.74,73.8,847.5,0.191,0.573,11,32.9,7,16,33,0,22.3,51.9,89.0,34.9,True,
2026-03-24,P076,PEN04,109,53.41,83.8,843.9,0.168,0.649,13,40.8,7,13,28,0,21.9,57.6,96.7,36.7,True,
2026-03-25,P076,PEN04,110,55.19,77.6,682.7,0.147,0.596,11,34.7,10,8,34,2,21.4,53.9,92.2,30.8,True,
2026-03-26,P076,PEN04,111,55.2,69.6,802.0,0.192,0.576,12,39.2,8,21,29,0,22.0,54.9,88.5,37.7,True,
2026-03-27,P076,PEN04,112,56.32,69.0,639.4,0.154,0.609,11,33.6,6,14,24,0,22.2,57.4,95.7,30.2,True,
2026-03-28,P076,PEN04,113,57.15,78.1,982.4,0.21,0.601,8,34.4,9,18,33,1,21.3,61.6,91.4,34.7,True,
2026-03-29,P076,PEN04,114,57.05,68.1,831.1,0.204,0.688,11,37.3,6,12,30,0,20.7,63.4,92.6,29.2,True,
2026-03-30,P076,PEN04,115,58.0,89.2,645.3,0.121,0.627,12,41.5,6,11,31,0,22.3,68.9,88.0,37.4,True,
2026-03-31,P076,PEN04,116,59.22,77.1,793.2,0.171,0.616,10,37.6,7,12,30,0,23.0,60.0,96.3,35.2,True,
2026-04-01,P076,PEN04,117,58.94,67.0,689.8,0.172,0.635,9,35.1,6,12,13,0,21.9,62.3,90.1,29.7,True,
2026-04-02,P076,PEN04,118,60.3,71.6,744.1,0.173,0.619,7,42.0,9,14,25,0,23.2,69.3,96.3,36.4,True,
2026-04-03,P076,PEN04,119,61.31,65.9,921.9,0.233,0.657,6,45.8,8,17,27,0,23.3,67.9,87.6,37.3,True,
2026-04-04,P076,PEN04,120,60.49,68.0,715.0,0.175,0.657,11,46.6,6,20,27,0,25.8,64.8,94.3,36.1,True,
2026-04-05,P076,PEN04,121,62.22,67.1,744.1,0.185,0.636,8,42.7,8,21,32,1,25.0,74.3,100.0,33.6,True,
2026-04-06,P076,PEN04,122,63.56,72.5,686.4,0.158,0.638,6,42.7,7,18,29,0,25.2,75.8,99.3,35.2,True,
2026-04-07,P076,PEN04,123,63.9,68.9,1051.2,0.254,0.593,10,35.9,8,16,36,1,25.5,71.5,97.9,35.4,True,
2026-04-08,P076,PEN04,124,64.75,73.8,1064.5,0.24,0.616,10,33.3,7,9,31,1,25.6,72.6,89.2,33.2,True,
2026-04-09,P076,PEN04,125,65.63,101.6,814.0,0.134,0.592,9,34.7,8,23,23,1,26.9,73.8,92.0,37.5,True,
2026-04-10,P076,PEN04,126,65.43,77.0,931.2,0.201,0.638,6,35.1,9,18,26,2,26.6,73.1,97.3,30.7,True,
2026-04-11,P076,PEN04,127,66.38,83.8,800.1,0.159,0.661,11,44.3,8,21,27,1,25.5,64.0,93.7,36.3,True,
2026-03-01,P077,PEN05,83,44.75,92.5,1097.8,0.198,0.585,12,46.9,8,15,34,0,22.6,72.6,95.9,48.8,True,
2026-03-02,P077,PEN05,84,44.46,64.8,699.1,0.18,0.683,11,45.4,7,23,25,0,22.6,69.2,88.8,33.0,True,
2026-03-03,P077,PEN05,85,46.75,81.6,787.4,0.161,0.55,12,44.5,9,17,32,1,23.2,70.3,96.3,43.2,True,
2026-03-04,P077,PEN05,86,47.06,74.3,917.1,0.206,0.583,10,55.9,8,23,39,1,23.6,65.5,89.2,48.6,True,
2026-03-05,P077,PEN05,87,47.8,87.1,770.2,0.147,0.612,11,35.4,8,12,39,1,25.9,71.2,99.6,34.0,True,
2026-03-06,P077,PEN05,88,47.75,90.0,829.5,0.154,0.557,8,41.1,8,22,34,0,24.8,68.8,100.0,43.7,True,
2026-03-07,P077,PEN05,89,49.23,77.9,627.1,0.134,0.638,11,40.7,7,15,37,1,25.5,70.0,93.5,32.8,True,
2026-03-08,P077,PEN05,90,48.96,76.0,897.6,0.197,0.585,12,46.5,9,19,26,0,24.7,67.3,99.7,43.8,True,
2026-03-09,P077,PEN05,91,50.47,92.4,921.0,0.166,0.635,8,42.2,6,20,28,4,26.0,66.4,95.6,35.0,True,
2026-03-10,P077,PEN05,92,50.48,105.3,1036.3,0.164,0.65,10,40.7,7,16,35,2,25.3,63.2,91.1,39.1,True,
2026-03-11,P077,PEN05,93,51.84,68.5,932.1,0.227,0.576,12,32.9,8,23,34,0,25.6,64.9,94.4,34.8,True,
2026-03-12,P077,PEN05,94,51.52,67.6,924.9,0.228,0.579,10,44.1,8,24,34,0,24.7,66.5,95.5,41.6,True,
2026-03-13,P077,PEN05,95,52.91,83.6,824.8,0.164,0.61,9,41.9,10,17,25,0,26.2,56.6,90.3,39.7,True,
2026-03-14,P077,PEN05,96,54.13,87.8,,0.192,0.584,8,45.2,8,17,26,3,23.9,57.0,95.5,41.9,True,
2026-03-15,P077,PEN05,97,54.78,78.4,739.7,0.157,0.656,9,40.3,6,18,31,0,23.7,56.7,100.0,34.0,True,
2026-03-16,P077,PEN05,98,55.08,75.5,732.1,0.162,0.614,9,50.4,9,19,39,1,23.4,58.1,97.6,41.3,True,
2026-03-17,P077,PEN05,99,56.21,94.7,1007.8,0.177,0.581,12,39.8,7,21,29,0,22.3,53.3,94.9,43.8,True,
2026-03-18,P077,PEN05,100,57.0,89.5,824.5,0.154,0.607,8,41.0,9,17,28,0,23.9,55.2,84.4,40.3,True,
2026-03-19,P077,PEN05,101,57.39,68.7,867.8,0.211,0.627,10,28.0,6,18,29,1,22.8,53.5,94.8,26.3,True,
2026-03-20,P077,PEN05,102,57.9,98.2,1067.9,0.181,0.563,10,48.4,10,16,31,0,21.4,56.6,90.9,51.8,True,
2026-03-21,P077,PEN05,103,59.02,82.2,872.6,0.177,0.563,10,41.6,7,18,36,1,20.3,60.5,95.4,41.5,True,
2026-03-22,P077,PEN05,104,59.92,79.9,1017.6,0.212,0.636,9,44.2,6,18,22,2,20.3,58.2,95.1,38.1,True,
2026-03-23,P077,PEN05,105,61.05,94.8,759.6,0.134,0.614,9,42.4,8,21,29,0,20.4,56.5,100.0,40.9,True,
2026-03-24,P077,PEN05,106,61.55,88.3,965.2,0.182,0.657,7,50.4,8,14,30,1,20.1,55.2,88.0,42.9,True,
2026-03-25,P077,PEN05,107,61.77,86.4,918.4,0.177,0.631,8,44.3,8,23,35,1,20.3,58.2,96.5,39.9,True,
2026-03-26,P077,PEN05,108,62.69,88.5,692.0,0.13,0.604,10,44.5,8,18,37,0,20.7,52.1,99.0,41.2,True,
2026-03-27,P077,PEN05,109,62.69,93.7,1079.1,0.192,0.587,14,38.2,7,14,28,1,20.7,62.2,95.7,41.5,True,
2026-03-28,P077,PEN05,110,64.1,95.6,1147.1,0.2,0.573,9,38.3,10,16,36,0,18.7,64.7,94.7,44.9,True,
2026-03-29,P077,PEN05,111,64.35,83.1,1166.5,0.234,0.566,7,34.3,6,21,37,1,20.7,55.9,86.2,39.6,True,
2026-03-30,P077,PEN05,112,65.72,52.7,955.9,0.302,0.598,10,42.7,9,20,33,0,19.4,62.4,96.2,37.3,True,
2026-03-31,P077,PEN05,113,66.62,74.4,710.1,0.159,0.612,9,38.3,10,29,38,0,20.2,66.2,96.0,34.6,True,
2026-04-01,P077,PEN05,114,66.87,80.8,1066.5,0.22,0.602,9,50.0,7,19,32,2,22.0,66.5,94.7,44.7,True,
2026-04-02,P077,PEN05,115,68.0,85.1,778.2,0.152,0.575,8,42.3,7,21,26,1,21.0,64.5,96.2,40.6,True,
2026-04-03,P077,PEN05,116,67.5,76.5,994.7,0.217,0.618,13,43.4,9,23,29,2,22.8,68.2,93.6,38.0,True,
2026-04-04,P077,PEN05,117,68.43,85.2,1119.5,0.219,0.612,8,42.8,9,21,43,0,23.6,69.1,100.0,43.3,True,
2026-04-05,P077,PEN05,118,70.23,55.5,848.6,0.255,0.593,8,26.7,10,17,26,0,24.1,66.7,86.4,26.7,True,
2026-04-06,P077,PEN05,119,70.53,97.2,989.9,0.17,0.583,9,44.2,10,15,30,0,25.6,67.8,90.1,46.8,True,
2026-04-07,P077,PEN05,120,70.98,93.5,673.8,0.12,0.546,12,40.0,9,16,33,0,24.2,67.1,98.1,42.7,True,
2026-04-08,P077,PEN05,121,71.49,85.6,796.7,0.155,0.682,12,37.7,9,18,39,1,25.0,70.3,94.7,30.9,True,
2026-04-09,P077,PEN05,122,72.34,98.9,642.8,0.108,0.535,11,47.4,7,20,26,0,25.7,70.8,100.0,48.8,True,
2026-04-10,P077,PEN05,123,73.51,85.8,978.0,0.19,0.618,11,43.4,10,18,29,1,26.7,65.5,98.1,40.6,True,
2026-04-11,P077,PEN05,124,74.03,85.6,752.6,0.146,0.563,8,43.7,10,18,30,0,26.0,73.9,94.2,43.6,True,
2026-03-01,P078,PEN06,87,35.4,129.3,1294.0,0.167,0.529,12,66.8,10,24,50,0,23.0,75.7,90.4,73.1,True,
2026-03-02,P078,PEN06,88,36.43,107.9,1111.0,0.172,0.501,10,62.4,9,25,46,0,23.2,71.5,88.3,66.9,True,
2026-03-03,P078,PEN06,89,37.25,131.0,1196.3,0.152,0.513,13,51.6,7,19,39,0,23.1,68.7,93.6,63.6,True,
2026-03-04,P078,PEN06,90,37.94,120.7,1297.8,0.179,0.527,11,54.2,6,30,37,1,24.3,66.0,88.7,62.3,True,
2026-03-05,P078,PEN06,91,37.37,111.9,1455.6,0.217,0.554,14,43.2,9,26,36,0,25.3,66.6,100.0,55.1,True,
2026-03-06,P078,PEN06,92,39.27,115.4,1115.2,0.161,0.524,14,63.9,6,27,44,0,26.3,68.7,96.7,67.6,True,
2026-03-07,P078,PEN06,93,39.75,112.4,1140.4,0.169,0.568,13,60.5,9,21,42,1,26.1,69.8,96.5,60.9,True,
2026-03-08,P078,PEN06,94,40.45,105.9,1435.4,0.226,0.487,11,57.5,9,23,47,0,25.6,61.5,91.2,67.5,True,
2026-03-09,P078,PEN06,95,40.92,108.6,1303.6,0.2,0.515,13,55.6,6,24,34,1,25.6,67.0,97.2,62.2,True,
2026-03-10,P078,PEN06,96,42.12,109.9,1200.6,0.182,0.522,14,51.7,8,27,37,0,26.1,61.1,91.2,59.8,True,
2026-03-11,P078,PEN06,97,41.97,126.5,1421.6,0.187,0.456,12,63.2,8,22,37,0,26.1,64.0,99.4,76.4,True,
2026-03-12,P078,PEN06,98,43.36,130.9,,0.172,0.565,13,54.7,7,24,42,0,25.3,61.0,90.9,63.8,True,
2026-03-13,P078,PEN06,99,43.68,116.9,1374.4,0.196,0.574,12,50.6,9,25,40,1,26.0,64.6,84.2,57.1,True,
2026-03-14,P078,PEN06,100,44.54,133.1,1224.7,0.153,0.517,11,50.4,6,21,44,1,25.3,61.3,94.9,61.8,True,
2026-03-15,P078,PEN06,101,46.08,112.8,1494.4,0.221,0.501,12,58.0,9,28,38,1,25.8,67.4,91.7,67.2,True,
2026-03-16,P078,PEN06,102,45.57,120.7,1253.7,0.173,0.536,12,63.1,9,22,50,0,24.0,51.6,91.8,68.5,True,
2026-03-17,P078,PEN06,103,47.3,124.4,1434.9,0.192,0.535,13,49.4,10,29,49,0,23.2,48.6,86.2,62.1,True,
2026-03-18,P078,PEN06,104,46.95,114.7,1242.5,0.181,0.536,9,51.1,9,24,43,0,24.0,54.0,93.7,59.7,True,
2026-03-19,P078,PEN06,105,47.8,122.8,1176.3,0.16,0.538,14,46.2,10,21,34,0,21.3,51.3,88.5,57.0,True,
2026-03-20,P078,PEN06,106,48.34,121.6,1210.7,0.166,0.539,13,56.5,8,29,39,1,22.8,55.0,100.0,62.4,True,
2026-03-21,P078,PEN06,107,50.05,119.6,1252.9,0.175,0.554,11,61.3,9,24,41,0,22.4,53.3,87.1,66.0,True,
2026-03-22,P078,PEN06,108,50.62,112.9,1299.0,0.192,0.529,11,52.3,9,21,40,0,21.7,57.4,92.8,61.2,True,
2026-03-23,P078,PEN06,109,51.28,118.0,1216.7,0.172,0.468,14,71.4,8,26,46,0,21.3,56.2,89.4,77.5,True,
2026-03-24,P078,PEN06,110,51.56,126.6,1312.5,0.173,0.537,11,57.3,7,30,46,0,20.5,56.9,96.9,66.2,True,
2026-03-25,P078,PEN06,111,53.41,111.5,1280.0,0.191,0.518,15,58.4,6,23,40,0,20.5,56.5,85.0,65.5,True,
2026-03-26,P078,PEN06,112,53.0,126.5,1199.8,0.158,0.577,15,50.8,7,22,43,0,22.4,59.0,90.3,58.2,True,
2026-03-27,P078,PEN06,113,53.71,118.8,1171.7,0.164,0.553,11,58.8,9,27,33,1,20.9,65.6,85.7,62.1,True,
2026-03-28,P078,PEN06,114,54.37,123.7,1127.9,0.152,0.551,11,53.2,9,20,40,0,21.0,59.6,95.4,60.3,True,
2026-03-29,P078,PEN06,115,55.85,114.9,1358.2,0.197,0.521,13,57.9,7,27,50,0,20.7,58.6,100.0,66.2,True,
2026-03-30,P078,PEN06,116,56.78,114.9,1222.6,0.177,0.582,13,59.3,8,20,39,0,21.1,67.2,89.2,61.8,True,
2026-03-31,P078,PEN06,117,57.07,111.1,1310.4,0.197,0.561,12,53.7,10,26,33,0,21.8,66.5,91.2,59.8,True,
2026-04-01,P078,PEN06,118,57.48,120.9,909.6,0.125,0.491,12,54.7,6,26,42,1,21.7,62.8,82.6,61.2,True,
2026-04-02,P078,PEN06,119,59.08,122.0,987.0,0.135,0.54,9,55.0,7,28,36,0,21.1,68.3,91.9,60.5,True,
2026-04-03,P078,PEN06,120,59.06,111.8,1265.1,0.189,0.496,16,59.6,7,25,50,0,22.5,59.0,95.5,67.6,True,
2026-04-04,P078,PEN06,121,59.96,118.4,1258.9,0.177,0.518,12,56.8,11,20,40,0,24.3,67.4,93.2,65.2,True,
2026-04-05,P078,PEN06,122,59.73,111.5,1138.3,0.17,0.533,11,55.9,8,26,45,0,23.4,70.6,90.0,61.4,True,
2026-04-06,P078,PEN06,123,61.58,133.1,963.9,0.121,0.524,11,53.7,7,18,33,0,23.1,72.2,98.2,62.2,True,
2026-04-07,P078,PEN06,124,62.42,115.3,1184.7,0.171,0.491,13,52.0,7,29,35,1,24.2,73.1,94.9,61.3,True,
2026-04-08,P078,PEN06,125,62.99,120.8,1431.6,0.198,0.545,12,55.9,7,23,46,0,24.5,73.9,91.2,65.1,True,
2026-04-09,P078,PEN06,126,63.55,109.2,1221.5,0.186,0.514,13,55.0,9,22,33,0,24.9,67.6,85.8,62.6,True,
2026-04-10,P078,PEN06,127,63.21,104.1,1266.3,0.203,0.474,13,50.5,9,20,44,2,26.5,69.9,85.1,59.0,True,
2026-04-11,P078,PEN06,128,64.66,118.3,1295.2,0.182,0.549,14,54.4,10,20,39,1,26.0,69.4,99.1,60.6,True,
2026-03-01,P079,PEN07,81,40.14,107.6,1131.3,0.175,0.582,13,53.6,9,14,45,2,22.9,73.8,88.0,53.2,True,
2026-03-02,P079,PEN07,82,40.39,106.3,1003.6,0.157,0.544,15,53.3,9,12,42,0,22.5,70.0,93.5,56.9,True,
2026-03-03,P079,PEN07,83,41.83,74.3,1151.5,0.258,0.578,11,65.7,9,21,40,0,24.0,75.6,94.9,59.1,True,
2026-03-04,P079,PEN07,84,42.47,131.9,1286.5,0.163,0.53,11,43.7,7,25,34,0,24.5,72.1,85.3,58.4,True,
2026-03-05,P079,PEN07,85,42.43,95.6,1083.0,0.189,0.485,9,44.5,6,13,38,0,25.0,69.2,97.6,54.0,True,
2026-03-06,P079,PEN07,86,44.1,104.2,1118.8,0.179,0.545,11,47.3,8,22,37,0,23.5,67.3,100.0,53.7,True,
2026-03-07,P079,PEN07,87,44.54,95.1,1114.5,0.195,0.533,11,56.9,8,17,38,1,25.9,72.7,97.4,57.8,True,
2026-03-08,P079,PEN07,88,44.69,106.1,1116.7,0.175,0.598,10,46.0,9,26,45,2,24.2,67.7,93.0,46.9,True,
2026-03-09,P079,PEN07,89,45.94,95.6,979.5,0.171,0.565,12,60.4,9,24,50,0,25.2,69.4,92.8,58.1,True,
2026-03-10,P079,PEN07,90,46.93,95.2,,0.158,0.615,12,44.0,8,20,41,0,24.5,64.4,100.0,43.4,True,
2026-03-11,P079,PEN07,91,47.76,103.2,1182.1,0.191,0.565,8,49.6,7,24,36,0,24.8,59.2,95.4,54.4,True,
2026-03-12,P079,PEN07,92,48.0,111.1,1002.6,0.15,0.598,11,49.8,9,23,28,1,26.4,59.1,95.5,50.4,True,
2026-03-13,P079,PEN07,93,48.23,97.5,884.7,0.151,0.568,11,52.5,9,21,43,1,25.2,62.4,92.6,50.8,True,
2026-03-14,P079,PEN07,94,49.66,95.8,911.2,0.159,0.511,10,41.8,7,18,38,0,24.1,53.6,97.0,48.9,True,
2026-03-15,P079,PEN07,95,50.62,101.1,1040.2,0.171,0.546,10,48.4,7,17,29,1,24.0,58.6,100.0,51.7,True,
2026-03-16,P079,PEN07,96,51.24,99.4,1093.3,0.183,0.543,11,48.0,7,25,43,0,24.1,57.2,100.0,53.3,True,
2026-03-17,P079,PEN07,97,51.2,96.1,1158.6,0.201,0.556,11,53.2,8,24,37,0,23.8,54.5,100.0,55.9,True,
2026-03-18,P079,PEN07,98,52.12,96.7,1217.8,0.21,0.595,10,50.3,9,11,36,1,22.8,58.8,91.0,50.8,True,
2026-03-19,P079,PEN07,99,52.89,94.1,1308.0,0.232,0.542,12,58.3,7,24,35,0,22.3,56.5,99.2,61.3,True,
2026-03-20,P079,PEN07,100,53.61,104.5,1268.3,0.202,0.576,12,41.1,9,16,41,0,21.6,53.1,99.9,49.2,True,
2026-03-21,P079,PEN07,101,54.22,104.6,1029.1,0.164,0.591,8,48.5,10,25,36,0,23.1,59.1,90.6,50.7,True,
2026-03-22,P079,PEN07,102,54.98,119.9,965.7,0.134,0.548,11,58.4,8,18,38,2,21.3,51.5,90.9,58.9,True,
2026-03-23,P079,PEN07,103,56.36,81.9,1020.5,0.208,0.539,12,43.4,11,25,43,0,21.0,59.8,100.0,47.0,True,
2026-03-24,P079,PEN07,104,57.1,105.2,1134.3,0.18,0.569,12,48.3,7,16,39,0,20.1,57.8,100.0,53.1,True,
2026-03-25,P079,PEN07,105,58.19,107.8,1078.5,0.167,0.572,10,52.5,7,21,34,0,20.7,53.8,91.8,55.5,True,
2026-03-26,P079,PEN07,106,58.19,101.0,1136.6,0.187,0.564,11,,7,23,38,0,21.0,60.9,97.4,53.4,True,
2026-03-27,P079,PEN07,107,59.54,111.1,1090.3,0.164,0.544,12,46.0,9,23,39,1,19.9,54.9,95.2,52.3,True,
2026-03-28,P079,PEN07,108,60.06,101.2,956.4,0.158,0.607,13,54.6,8,27,41,0,20.3,59.6,94.6,52.3,True,
2026-03-29,P079,PEN07,109,60.78,108.0,1175.1,0.181,0.508,10,59.6,8,25,34,0,19.1,64.2,93.7,65.2,True,
2026-03-30,P079,PEN07,110,60.74,117.5,1128.5,0.16,0.55,11,47.1,10,25,27,2,20.4,62.9,94.7,52.6,True,
2026-03-31,P079,PEN07,111,61.67,92.4,967.5,0.174,0.538,11,48.4,7,22,44,1,21.5,61.5,95.6,50.1,True,
2026-04-01,P079,PEN07,112,63.32,113.1,1210.6,0.178,0.561,12,49.5,7,19,37,0,22.4,64.6,86.8,56.4,True,
2026-04-02,P079,PEN07,113,62.92,104.5,1164.7,0.186,0.579,6,42.8,11,20,33,2,21.9,66.5,94.5,46.2,True,
2026-04-03,P079,PEN07,114,63.93,98.5,1242.1,0.21,0.523,11,43.0,9,21,37,1,24.1,68.9,91.4,51.2,True,
2026-04-04,P079,PEN07,115,63.77,109.1,1101.2,0.168,0.571,10,49.4,9,27,23,0,22.2,71.5,89.6,54.0,True,
2026-04-05,P079,PEN07,116,64.46,105.8,1099.6,0.173,0.546,9,64.4,8,33,55,0,22.5,67.2,92.4,64.8,True,
2026-04-06,P079,PEN07,117,66.08,103.2,990.2,0.16,0.53,12,38.4,9,24,36,1,22.8,72.4,100.0,46.1,True,
2026-04-07,P079,PEN07,118,66.65,109.2,1114.8,0.17,0.593,12,58.2,8,28,29,1,23.8,73.1,90.2,57.0,True,
2026-04-08,P079,PEN07,119,67.84,103.8,1027.4,0.165,0.54,13,51.3,9,28,41,1,23.7,67.8,88.2,54.2,True,
2026-04-09,P079,PEN07,120,68.14,99.9,1094.3,0.183,0.579,14,45.3,10,24,43,4,24.8,72.1,100.0,43.7,True,
2026-04-10,P079,PEN07,121,69.22,118.8,1138.9,0.16,0.603,13,54.9,8,24,45,3,24.7,67.7,87.1,53.1,True,
2026-04-11,P079,PEN07,122,69.8,100.0,1349.9,0.225,0.588,13,34.3,7,26,39,1,25.4,71.8,85.2,42.7,True,
2026-03-01,P080,PEN08,81,42.57,105.4,,0.216,0.516,13,47.6,7,21,37,0,25.1,69.3,92.9,58.4,True,
2026-03-02,P080,PEN08,82,43.33,113.1,1175.6,0.173,0.532,12,52.2,8,14,47,3,25.4,67.0,82.4,55.5,True,
2026-03-03,P080,PEN08,83,43.96,114.0,1303.5,0.191,0.491,11,39.8,7,22,39,0,25.1,67.5,87.1,55.7,True,
2026-03-04,P080,PEN08,84,43.74,106.0,1299.1,0.204,0.594,10,44.8,6,28,38,1,25.6,69.2,95.5,49.5,True,
2026-03-05,P080,PEN08,85,45.06,122.5,1062.5,0.145,0.553,14,62.1,8,23,31,0,26.6,69.2,88.9,65.2,True,
2026-03-06,P080,PEN08,86,45.42,103.5,1205.6,0.194,0.529,8,59.9,10,24,34,0,28.0,72.0,92.7,63.7,True,
2026-03-07,P080,PEN08,87,46.71,118.3,1021.1,0.144,0.566,14,48.1,6,18,32,2,26.4,63.3,93.9,51.3,True,
2026-03-08,P080,PEN08,88,47.44,107.6,993.0,0.154,0.587,11,64.2,6,26,42,1,26.3,64.4,94.4,59.8,True,
2026-03-09,P080,PEN08,89,47.86,102.1,1179.6,0.193,0.583,12,44.9,6,20,42,1,26.5,64.9,84.9,48.5,True,
2026-03-10,P080,PEN08,90,49.97,104.9,1227.4,0.195,0.55,12,47.7,9,17,43,0,27.5,67.9,93.6,54.8,True,
2026-03-11,P080,PEN08,91,49.76,102.0,914.3,0.149,,11,46.6,9,24,35,1,28.0,60.8,98.4,49.0,True,
2026-03-12,P080,PEN08,92,50.31,96.6,1044.2,0.18,1.25,10,47.4,6,22,28,0,26.9,57.5,89.3,51.2,False,lying_ratio_out_of_range
2026-03-13,P080,PEN08,93,51.64,118.0,1146.8,0.162,0.597,12,49.3,7,25,45,1,27.2,58.5,94.7,52.7,True,
2026-03-14,P080,PEN08,94,52.11,95.9,1003.0,0.174,0.542,12,50.9,8,29,39,0,26.9,56.7,90.5,53.7,True,
2026-03-15,P080,PEN08,95,51.94,112.1,1125.0,0.167,0.515,11,45.9,8,20,35,0,25.0,59.8,97.6,56.0,True,
2026-03-16,P080,PEN08,96,52.63,105.0,1184.6,0.188,0.598,15,39.0,7,25,43,1,26.0,62.8,91.2,44.2,True,
2026-03-17,P080,PEN08,97,53.99,102.1,1167.6,0.191,0.604,11,51.4,10,16,46,0,24.7,53.4,90.5,52.7,True,
2026-03-18,P080,PEN08,98,54.53,103.9,1219.9,0.196,0.508,10,55.3,6,26,35,1,24.3,61.0,91.3,60.8,True,
2026-03-19,P080,PEN08,99,55.22,96.8,1212.7,0.209,0.624,10,50.0,7,19,37,1,24.6,57.3,93.8,48.7,True,
2026-03-20,P080,PEN08,100,56.0,123.1,1288.1,0.174,0.527,10,51.2,10,19,39,0,24.0,56.8,95.2,62.1,True,
2026-03-21,P080,PEN08,101,57.56,107.6,861.9,0.133,0.603,15,50.2,7,29,36,0,23.1,52.2,99.9,49.8,True,
2026-03-22,P080,PEN08,102,56.71,113.1,1289.3,0.19,0.542,12,53.6,7,22,31,1,23.2,58.4,96.5,59.7,True,
2026-03-23,P080,PEN08,103,58.53,105.2,1285.6,0.204,0.592,12,51.8,10,23,39,0,21.4,55.9,88.1,55.4,True,
2026-03-24,P080,PEN08,104,58.58,119.2,835.8,0.117,0.533,14,47.8,7,22,36,0,21.1,55.6,100.0,54.4,True,
2026-03-25,P080,PEN08,105,60.16,104.7,926.6,0.148,0.565,13,57.9,9,25,40,0,21.5,57.9,87.8,57.4,True,
2026-03-26,P080,PEN08,106,61.02,124.1,1118.6,0.15,0.569,13,50.9,8,26,43,1,21.2,54.1,98.7,56.2,True,
2026-03-27,P080,PEN08,107,61.06,91.3,1225.1,0.224,0.553,12,55.7,8,27,43,0,21.4,57.6,90.7,57.6,True,
2026-03-28,P080,PEN08,108,62.8,104.2,1041.3,0.167,0.583,10,42.6,8,16,34,0,20.6,60.3,90.4,47.4,True,
2026-03-29,P080,PEN08,109,62.09,97.1,1146.9,0.197,0.535,12,48.0,8,20,31,0,22.0,57.1,94.5,53.9,True,
2026-03-30,P080,PEN08,110,63.16,106.6,1183.9,0.185,0.524,12,47.2,6,17,38,0,21.2,67.9,100.0,56.0,True,
2026-03-31,P080,PEN08,111,64.45,119.1,1018.9,0.143,0.47,10,38.4,8,24,35,1,22.3,62.4,97.3,52.8,True,
2026-04-01,P080,PEN08,112,64.84,95.8,1117.2,0.194,0.563,12,47.6,8,24,27,0,22.6,66.6,100.0,51.4,True,
2026-04-02,P080,PEN08,113,65.6,126.9,1273.2,0.167,0.471,12,52.3,9,17,45,2,23.7,68.8,96.0,64.1,True,
2026-04-03,P080,PEN08,114,66.54,106.5,1149.9,0.18,0.522,10,46.9,7,23,37,0,23.3,68.7,92.8,55.6,True,
2026-04-04,P080,PEN08,115,67.05,100.4,1195.2,0.198,0.471,12,54.4,7,28,38,0,24.8,68.3,96.1,63.3,True,
2026-04-05,P080,PEN08,116,68.17,113.2,1136.7,0.167,0.517,11,46.5,5,25,37,0,25.3,73.7,90.4,56.7,True,
2026-04-06,P080,PEN08,117,68.0,104.7,1134.2,0.18,0.521,13,43.0,7,22,36,1,26.0,69.7,84.1,51.3,True,
2026-04-07,P080,PEN08,118,68.82,100.2,891.9,0.148,0.547,12,57.8,9,21,32,0,25.2,72.3,90.4,57.5,True,
2026-04-08,P080,PEN08,119,69.78,104.6,1029.0,0.164,0.532,13,59.3,8,34,38,0,24.7,67.4,97.2,61.5,True,
2026-04-09,P080,PEN08,120,69.59,99.8,1034.2,0.173,0.507,11,57.8,9,28,23,0,26.5,68.2,94.7,61.4,True,
2026-04-10,P080,PEN08,121,70.9,112.2,1156.6,0.172,0.517,11,,12,26,41,0,26.5,69.1,81.1,57.1,True,
2026-04-11,P080,PEN08,122,71.89,108.2,1129.6,0.174,0.594,13,55.5,11,25,31,1,28.0,72.4,94.0,55.2,True,
2026-03-01,P081,PEN01,90,49.92,109.7,1029.0,0.156,0.54,15,70.7,6,26,43,0,23.2,75.1,92.4,69.2,True,
2026-03-02,P081,PEN01,91,50.23,,1165.9,0.159,0.57,13,64.6,5,25,43,0,24.2,72.7,81.7,66.6,True,
2026-03-03,P081,PEN01,92,50.51,116.8,1431.7,0.204,0.573,12,57.7,8,24,44,1,25.1,67.0,98.0,62.4,True,
2026-03-04,P081,PEN01,93,52.12,116.3,1261.5,0.181,0.525,10,52.1,9,25,39,1,26.6,68.2,94.8,60.0,True,
2026-03-05,P081,PEN01,94,51.66,99.1,1422.0,0.239,0.512,14,,8,23,38,0,26.5,71.8,80.5,61.3,True,
2026-03-06,P081,PEN01,95,53.03,133.5,1276.0,0.159,0.508,15,68.6,10,25,40,1,25.9,73.8,94.0,74.8,True,
2026-03-07,P081,PEN01,96,54.44,125.3,1192.9,0.159,0.522,11,53.3,8,23,34,0,27.7,72.7,92.6,63.2,True,
2026-03-08,P081,PEN01,97,54.23,109.5,,0.188,0.502,14,53.1,6,26,45,0,25.2,67.2,94.3,62.2,True,
2026-03-09,P081,PEN01,98,54.45,,1224.8,0.169,0.533,9,49.7,6,17,41,0,26.7,64.6,97.2,59.8,True,
2026-03-10,P081,PEN01,99,55.95,125.9,1345.4,0.178,0.516,12,50.8,8,16,44,0,25.9,67.8,92.8,63.6,True,
2026-03-11,P081,PEN01,100,56.86,122.6,1212.4,0.165,0.503,12,57.3,8,27,41,0,27.3,63.7,86.5,66.8,True,
2026-03-12,P081,PEN01,101,57.14,118.0,1213.9,0.171,0.497,15,46.2,9,31,42,1,26.3,59.7,87.5,57.8,True,
2026-03-13,P081,PEN01,102,58.15,114.6,1223.1,0.178,0.558,13,66.3,8,19,43,1,25.3,60.6,93.5,66.5,True,
2026-03-14,P081,PEN01,103,59.14,112.5,1353.0,0.201,0.502,13,51.3,9,25,36,0,25.2,57.3,91.9,62.7,True,
2026-03-15,P081,PEN01,104,59.67,139.6,1073.1,0.128,0.533,12,51.7,8,23,44,0,25.2,58.5,89.7,62.6,True,
2026-03-16,P081,PEN01,105,60.32,123.3,1549.0,0.209,0.512,13,54.2,9,25,38,1,24.9,55.6,88.1,66.3,True,
2026-03-17,P081,PEN01,106,60.36,124.3,1443.6,0.194,0.522,12,50.6,5,29,43,0,24.6,55.6,82.3,63.8,True,
2026-03-18,P081,PEN01,107,61.08,113.2,1223.0,0.18,0.53,12,48.3,9,19,39,1,23.8,55.2,99.0,56.4,True,
2026-03-19,P081,PEN01,108,62.13,117.2,1142.0,0.162,0.539,12,47.9,7,20,39,0,23.8,54.2,94.1,56.8,True,
2026-03-20,P081,PEN01,109,62.73,120.4,1114.2,0.154,0.55,13,57.0,8,28,33,2,22.1,52.4,81.5,59.4,True,
2026-03-21,P081,PEN01,110,63.37,116.3,1122.2,0.161,0.537,13,64.3,8,26,50,0,23.4,52.5,97.2,67.2,True,
2026-03-22,P081,PEN01,111,64.96,127.5,1187.9,0.155,0.502,12,67.3,9,24,41,2,21.9,49.1,97.6,71.1,True,
2026-03-23,P081,PEN01,112,65.21,116.1,1305.9,0.188,0.542,12,66.3,9,26,39,0,21.4,59.2,92.6,70.0,True,
2026-03-24,P081,PEN01,113,65.63,105.6,1225.6,0.193,0.571,9,61.6,8,25,48,1,21.0,55.4,95.6,61.2,True,
2026-03-25,P081,PEN01,114,66.79,109.2,1317.6,0.201,0.491,13,57.0,6,23,41,0,20.1,54.1,98.9,66.3,True,
2026-03-26,P081,PEN01,115,67.46,116.3,1284.3,0.184,0.494,12,50.8,10,17,41,0,21.9,62.2,95.7,62.9,True,
2026-03-27,P081,PEN01,116,67.88,107.1,1329.0,0.207,0.461,10,60.0,6,28,37,2,22.0,55.6,100.0,67.2,True,
2026-03-28,P081,PEN01,117,68.68,125.5,1341.3,0.178,0.525,13,54.3,6,30,43,1,20.6,65.1,92.8,63.8,True,
2026-03-29,P081,PEN01,118,69.75,116.8,1215.8,0.173,0.559,13,64.4,8,23,40,4,21.7,64.1,92.8,61.3,True,
2026-03-30,P081,PEN01,119,69.52,118.4,1237.3,0.174,0.547,12,57.6,9,21,36,0,22.4,65.4,87.8,63.7,True,
2026-03-31,P081,PEN01,120,70.57,103.8,1234.3,0.198,0.51,13,45.3,9,26,37,0,20.6,68.1,88.7,55.8,True,
2026-04-01,P081,PEN01,121,71.68,120.1,1256.2,0.174,0.505,11,52.1,8,32,42,0,22.6,64.9,94.5,63.3,True,
2026-04-02,P081,PEN01,122,71.95,112.1,1143.0,0.17,0.524,12,54.9,9,23,44,0,23.3,67.4,94.9,61.5,True,
2026-04-03,P081,PEN01,123,72.39,109.1,1266.0,0.193,0.514,16,45.9,8,28,38,0,23.2,67.7,88.9,57.1,True,
2026-04-04,P081,PEN01,124,73.84,116.4,1206.7,0.173,0.561,14,54.6,6,27,28,0,24.1,70.4,99.1,60.3,True,
2026-04-05,P081,PEN01,125,74.98,114.0,1198.3,0.175,0.493,13,51.7,8,32,51,0,24.5,67.3,89.2,62.3,True,
2026-04-06,P081,PEN01,126,74.94,101.3,1332.6,0.219,0.591,12,55.5,6,22,42,0,24.7,68.8,96.8,57.7,True,
2026-04-07,P081,PEN01,127,75.57,120.3,1279.7,0.177,0.574,13,58.4,7,30,35,0,25.6,68.3,96.0,63.2,True,
2026-04-08,P081,PEN01,128,76.83,113.2,1079.1,0.159,0.539,16,53.9,9,27,38,0,26.2,74.6,95.0,59.4,True,
2026-04-09,P081,PEN01,129,77.96,116.5,952.0,0.136,0.512,13,54.3,7,23,38,1,24.7,67.8,85.8,59.3,True,
2026-04-10,P081,PEN01,130,78.45,119.6,1150.9,0.16,0.557,15,57.1,8,26,38,0,25.5,76.2,95.1,62.0,True,
2026-04-11,P081,PEN01,131,78.83,111.9,1255.7,0.187,0.5,10,51.8,9,20,36,0,26.4,72.1,91.0,62.1,True,
2026-03-01,P082,PEN02,81,38.29,86.0,1151.3,0.223,0.527,11,44.7,6,16,34,0,24.2,68.8,94.0,50.6,True,
2026-03-02,P082,PEN02,82,39.39,102.0,1133.4,0.185,0.576,10,39.2,8,17,30,1,22.5,74.7,96.5,44.8,True,
2026-03-03,P082,PEN02,83,39.94,96.8,1002.1,0.172,0.61,9,46.6,9,20,27,2,23.6,73.5,96.2,43.9,True,
2026-03-04,P082,PEN02,84,40.53,96.7,905.2,0.156,0.626,10,45.5,7,17,35,0,23.6,72.3,91.7,43.9,True,
2026-03-05,P082,PEN02,85,41.99,107.1,892.6,0.139,0.561,11,50.6,8,22,28,1,23.8,67.0,90.8,51.6,True,
2026-03-06,P082,PEN02,86,41.83,105.3,889.0,0.141,0.592,11,45.9,7,17,35,0,25.0,67.9,97.0,47.5,True,
2026-03-07,P082,PEN02,87,43.89,104.5,1224.0,0.195,0.62,12,51.5,10,20,33,2,25.3,66.1,95.0,49.8,True,
2026-03-08,P082,PEN02,88,43.82,79.7,941.1,0.197,0.537,11,54.6,8,20,39,1,25.9,65.9,88.5,51.9,True,
2026-03-09,P082,PEN02,89,45.38,93.4,1107.3,0.198,0.589,12,56.3,10,19,35,1,26.0,65.3,100.0,53.4,True,
2026-03-10,P082,PEN02,90,45.0,106.6,965.3,0.151,0.533,10,45.3,10,24,33,0,27.1,61.5,95.0,52.1,True,
2026-03-11,P082,PEN02,91,45.66,100.5,1178.8,0.195,0.574,11,39.7,9,18,30,0,25.7,65.7,97.4,46.8,True,
2026-03-12,P082,PEN02,92,46.11,109.9,1094.3,0.166,0.591,11,57.7,7,24,27,2,25.5,61.2,96.4,55.3,True,
2026-03-13,P082,PEN02,93,46.97,93.2,856.5,0.153,0.615,13,46.6,7,25,41,0,24.7,59.5,95.0,44.3,True,
2026-03-14,P082,PEN02,94,48.42,99.5,1003.3,0.168,0.571,12,53.8,7,18,31,0,24.1,56.5,95.8,54.3,True,
2026-03-15,P082,PEN02,95,49.21,95.2,1016.5,0.178,0.566,9,45.1,8,20,38,0,25.3,52.3,99.2,48.4,True,
2026-03-16,P082,PEN02,96,50.13,99.3,1203.0,0.202,0.578,9,54.3,8,22,37,0,23.9,58.2,91.3,56.1,True,
2026-03-17,P082,PEN02,97,49.61,95.1,1041.9,0.183,0.592,10,51.6,10,17,27,0,22.2,59.0,98.5,51.2,True,
2026-03-18,P082,PEN02,98,51.0,90.5,963.1,0.177,0.584,12,49.4,10,12,40,0,22.6,57.3,91.9,48.8,True,
2026-03-19,P082,PEN02,99,51.69,100.6,968.4,0.16,0.53,10,47.4,7,18,32,0,22.4,54.2,86.9,52.6,True,
2026-03-20,P082,PEN02,100,52.49,93.7,1084.2,0.193,0.587,9,48.6,8,15,38,2,22.4,53.9,96.5,47.0,True,
2026-03-21,P082,PEN02,101,53.03,94.8,987.7,0.174,0.519,9,42.9,7,21,30,0,20.9,52.6,99.2,49.7,True,
2026-03-22,P082,PEN02,102,54.43,98.3,883.0,0.15,0.517,12,49.8,7,25,34,0,20.6,49.0,89.9,53.9,True,
2026-03-23,P082,PEN02,103,53.33,90.3,1020.1,0.188,0.603,11,47.9,9,23,39,0,21.0,54.2,94.5,47.1,True,
2026-03-24,P082,PEN02,104,54.6,95.6,987.4,0.172,0.605,9,44.4,6,23,39,0,19.7,58.9,94.5,45.2,True,
2026-03-25,P082,PEN02,105,56.5,94.6,963.2,0.17,0.571,8,39.6,7,19,40,0,20.0,55.5,95.7,43.9,True,
2026-03-26,P082,PEN02,106,56.7,95.4,1110.1,0.194,0.638,11,41.6,8,8,29,0,21.2,59.7,92.6,42.4,True,
2026-03-27,P082,PEN02,107,56.87,74.4,853.5,0.191,0.604,8,35.3,9,21,31,3,19.7,62.3,96.9,30.4,True,
2026-03-28,P082,PEN02,108,57.42,75.0,963.2,0.214,0.689,8,50.9,7,18,37,2,20.3,65.2,100.0,37.6,True,
2026-03-29,P082,PEN02,109,58.01,80.1,817.6,0.17,0.666,8,35.2,7,11,25,2,19.8,62.4,93.9,28.3,True,
2026-03-30,P082,PEN02,110,58.73,81.8,811.0,0.165,0.658,8,38.6,7,16,25,5,20.4,62.3,100.0,27.0,True,
2026-03-31,P082,PEN02,111,59.61,88.8,807.0,0.152,0.677,10,39.1,9,9,27,2,21.3,66.6,91.4,31.4,True,
2026-04-01,P082,PEN02,112,60.15,68.9,461.9,0.112,0.683,8,33.4,7,24,23,6,19.9,61.9,89.5,15.1,True,
2026-04-02,P082,PEN02,113,60.27,72.3,587.4,0.135,0.735,7,43.1,6,21,21,4,21.6,68.0,97.7,22.5,True,
2026-04-03,P082,PEN02,114,62.63,72.4,591.5,0.136,0.664,9,36.0,5,16,32,6,22.0,69.4,90.5,19.8,True,
2026-04-04,P082,PEN02,115,61.74,67.6,986.6,0.243,0.759,8,38.2,5,10,28,3,23.4,68.8,92.6,22.5,True,
2026-04-05,P082,PEN02,116,63.5,78.6,921.1,0.195,0.603,9,47.4,6,17,30,1,23.1,68.5,89.4,42.5,True,
2026-04-06,P082,PEN02,117,64.51,100.4,983.3,0.163,0.639,11,30.0,9,22,26,1,23.4,64.6,96.3,32.9,True,
2026-04-07,P082,PEN02,118,64.95,68.2,1035.6,0.253,0.621,9,43.6,9,19,36,1,24.0,70.0,94.6,38.4,True,
2026-04-08,P082,PEN02,119,65.04,89.3,1080.9,0.202,0.594,10,47.8,8,12,22,5,24.9,68.4,100.0,41.1,True,
2026-04-09,P082,PEN02,120,66.98,87.6,936.1,0.178,0.631,11,50.1,7,8,31,0,24.2,68.8,93.4,45.5,True,
2026-04-10,P082,PEN02,121,68.0,88.4,961.8,0.181,,9,48.5,7,5,29,0,26.8,66.7,100.0,46.9,True,
2026-04-11,P082,PEN02,122,67.85,71.7,1090.1,0.253,0.628,12,36.9,8,24,32,0,26.7,64.7,99.0,36.0,True,
2026-03-01,P083,PEN03,78,41.55,136.7,1104.9,0.135,0.533,14,54.5,9,29,31,0,23.3,62.8,89.8,64.2,True,
2026-03-02,P083,PEN03,79,42.21,91.1,1140.7,0.209,0.591,11,54.9,8,21,47,1,24.4,74.8,93.4,52.4,True,
2026-03-03,P083,PEN03,80,43.49,115.1,1438.4,0.208,0.567,10,55.7,7,20,44,0,23.9,71.0,94.1,62.7,True,
2026-03-04,P083,PEN03,81,43.31,104.9,1223.1,0.194,0.529,12,48.0,10,25,36,0,24.1,71.3,98.2,56.3,True,
2026-03-05,P083,PEN03,82,45.28,109.0,1076.7,0.165,0.525,11,56.8,9,22,39,1,24.8,66.6,99.6,60.1,True,
2026-03-06,P083,PEN03,83,45.41,115.3,1335.8,0.193,0.491,10,56.5,8,15,36,1,24.5,63.0,86.5,65.7,True,
2026-03-07,P083,PEN03,84,46.93,93.7,,0.214,0.591,13,45.8,10,22,35,1,26.7,62.3,100.0,47.4,True,
2026-03-08,P083,PEN03,85,47.71,111.4,986.7,0.148,0.561,13,51.6,9,19,40,1,26.7,63.0,98.5,53.9,True,
2026-03-09,P083,PEN03,86,48.78,91.7,1068.2,0.194,0.593,11,39.1,9,22,46,0,31.5,71.5,89.1,42.7,True,
2026-03-10,P083,PEN03,87,47.99,96.3,920.9,0.159,0.663,13,49.4,10,19,36,0,31.7,65.0,89.4,44.1,True,
2026-03-11,P083,PEN03,88,49.66,71.0,1179.7,0.277,0.643,10,51.4,11,27,29,2,30.5,62.3,92.2,42.5,True,
2026-03-12,P083,PEN03,89,49.41,83.9,1009.0,0.2,0.628,10,57.5,8,22,46,0,29.7,65.2,95.6,50.6,True,
2026-03-13,P083,PEN03,90,51.32,89.6,1076.1,0.2,0.613,11,55.3,7,21,43,0,23.8,59.6,94.7,51.7,True,
2026-03-14,P083,PEN03,91,51.31,104.0,1250.5,0.2,0.533,11,54.0,8,26,35,0,23.7,56.9,89.4,60.1,True,
2026-03-15,P083,PEN03,92,52.12,110.4,1138.0,0.172,0.596,14,46.1,7,16,33,0,24.6,54.3,95.4,50.7,True,
2026-03-16,P083,PEN03,93,52.3,115.2,1200.6,0.174,0.617,11,55.6,10,24,34,1,24.6,56.2,97.4,55.6,True,
2026-03-17,P083,PEN03,94,53.16,114.7,797.5,0.116,0.57,10,42.8,10,20,47,0,23.8,54.7,95.1,47.6,True,
2026-03-18,P083,PEN03,95,53.71,109.4,978.9,0.149,0.518,13,42.8,9,20,42,0,23.3,60.8,92.7,52.0,True,
2026-03-19,P083,PEN03,96,54.76,105.4,1279.2,0.202,0.57,10,49.6,7,27,38,0,22.4,53.6,97.5,55.4,True,
2026-03-20,P083,PEN03,97,56.34,103.1,1109.1,0.179,0.55,11,56.9,8,25,44,1,21.1,47.5,87.4,57.9,True,
2026-03-21,P083,PEN03,98,56.38,91.2,1109.9,0.203,0.555,13,45.9,9,20,36,0,21.9,54.8,91.0,49.9,True,
2026-03-22,P083,PEN03,99,57.37,107.7,978.1,0.151,0.476,11,50.9,8,33,38,0,20.2,57.3,99.6,59.7,True,
2026-03-23,P083,PEN03,100,57.84,109.3,1155.6,0.176,0.581,14,47.9,8,21,32,0,20.0,53.9,92.1,53.0,True,
2026-03-24,P083,PEN03,101,59.67,106.6,1298.7,0.203,0.553,10,43.4,7,16,44,0,20.1,58.3,89.0,52.8,True,
2026-03-25,P083,PEN03,102,59.79,100.5,1169.0,0.194,0.496,11,41.1,8,28,34,0,20.2,60.6,100.0,52.7,True,
2026-03-26,P083,PEN03,103,60.29,112.0,1165.5,0.173,0.548,15,60.2,9,29,34,0,21.0,54.4,94.3,63.6,True,
2026-03-27,P083,PEN03,104,60.75,85.8,1010.6,0.196,0.545,10,56.0,7,29,33,0,21.1,55.6,88.9,55.3,True,
2026-03-28,P083,PEN03,105,61.86,106.8,1172.6,0.183,0.592,10,53.8,8,26,42,0,19.9,56.6,88.1,55.8,True,
2026-03-29,P083,PEN03,106,62.12,118.6,1182.9,0.166,0.567,12,50.1,9,25,34,0,20.4,61.9,91.6,57.0,True,
2026-03-30,P083,PEN03,107,63.16,121.8,1021.8,0.14,0.594,12,48.6,6,27,43,0,22.1,58.0,89.3,53.2,True,
2026-03-31,P083,PEN03,108,64.36,104.7,1326.6,0.211,0.547,11,52.3,9,28,45,0,20.9,63.2,87.7,58.9,True,
2026-04-01,P083,PEN03,109,64.47,103.3,1205.4,0.194,0.504,11,48.3,8,17,47,0,21.0,69.7,92.6,57.7,True,
2026-04-02,P083,PEN03,110,66.1,113.6,1165.7,0.171,0.528,12,45.8,9,26,36,0,20.9,69.2,83.8,55.8,True,
2026-04-03,P083,PEN03,111,65.01,109.6,1263.9,0.192,0.557,11,55.4,7,14,50,0,22.8,68.6,96.7,60.5,True,
2026-04-04,P083,PEN03,112,66.24,98.3,1399.5,0.237,0.523,12,42.7,6,25,50,1,23.3,66.8,92.2,52.6,True,
2026-04-05,P083,PEN03,113,66.58,109.5,1075.2,0.164,0.593,10,51.5,7,24,34,0,23.5,73.5,94.5,53.7,True,
2026-04-06,P083,PEN03,114,68.45,99.4,934.0,0.157,0.613,9,51.2,9,22,40,0,23.2,69.9,99.5,49.2,True,
2026-04-07,P083,PEN03,115,69.51,103.0,928.7,0.15,0.486,10,43.6,8,31,39,1,25.0,69.1,91.3,51.6,True,
2026-04-08,P083,PEN03,116,68.77,101.9,1075.7,0.176,0.526,11,48.9,7,22,48,0,24.3,69.4,99.4,55.1,True,
2026-04-09,P083,PEN03,117,69.76,115.0,1111.4,0.161,0.519,12,59.5,5,22,34,0,25.0,71.8,93.0,65.0,True,
2026-04-10,P083,PEN03,118,71.0,98.9,1129.4,0.19,0.535,14,47.2,10,28,35,0,24.9,72.5,92.1,53.5,True,
2026-04-11,P083,PEN03,119,70.95,107.9,1229.3,0.19,0.509,13,45.2,7,19,38,1,25.4,71.0,86.7,55.0,True,
2026-03-01,P084,PEN04,89,44.28,95.3,1020.6,0.178,0.57,9,50.5,9,23,36,0,24.3,67.5,100.0,51.7,True,
2026-03-02,P084,PEN04,90,45.2,99.3,993.3,0.167,0.554,9,50.6,8,22,41,1,24.6,73.7,99.6,51.8,True,
2026-03-03,P084,PEN04,91,45.74,91.3,993.1,0.181,0.608,10,44.2,8,19,35,0,25.7,66.6,94.5,44.3,True,
2026-03-04,P084,PEN04,92,46.33,87.3,1140.0,0.218,0.605,10,45.6,8,17,35,0,26.3,69.4,96.1,46.1,True,
2026-03-05,P084,PEN04,93,46.88,81.8,844.5,0.172,0.556,12,41.6,9,17,32,0,26.5,72.0,100.0,42.9,True,
2026-03-06,P084,PEN04,94,47.32,96.6,1022.9,0.176,0.612,11,43.9,5,21,27,0,26.8,67.7,92.8,44.9,True,
2026-03-07,P084,PEN04,95,48.63,77.7,872.4,0.187,0.636,10,47.0,10,10,29,0,26.7,68.9,97.8,40.9,True,
2026-03-08,P084,PEN04,96,49.65,107.8,904.2,0.14,0.598,9,57.0,9,15,30,0,27.7,61.5,98.2,55.0,True,
2026-03-09,P084,PEN04,97,49.78,84.6,1117.9,0.22,0.701,10,49.4,14,17,41,1,31.3,68.4,97.3,40.3,True,
2026-03-10,P084,PEN04,98,50.55,83.2,904.9,0.181,0.65,10,45.9,9,12,45,1,33.3,71.5,96.1,39.0,True,
2026-03-11,P084,PEN04,99,51.35,62.8,881.0,0.234,0.665,9,46.1,8,18,34,0,33.2,66.7,90.4,36.1,True,
2026-03-12,P084,PEN04,100,52.28,65.4,819.5,0.209,0.653,12,50.0,12,17,32,0,31.3,61.0,95.8,39.2,True,
2026-03-13,P084,PEN04,101,53.51,89.5,850.5,0.158,0.626,10,47.6,9,13,38,2,25.5,63.5,88.8,40.8,True,
2026-03-14,P084,PEN04,102,53.88,101.6,970.2,0.159,0.603,10,42.8,11,15,32,0,25.1,57.5,94.1,45.1,True,
2026-03-15,P084,PEN04,103,53.94,87.9,995.3,0.189,0.65,10,43.3,6,20,31,0,24.5,62.0,94.6,40.5,True,
2026-03-16,P084,PEN04,104,55.35,102.2,961.1,0.157,0.625,9,45.3,9,13,37,0,25.4,54.5,91.4,45.3,True,
2026-03-17,P084,PEN04,105,55.32,92.2,1142.4,0.206,0.627,10,43.9,6,19,38,1,24.6,57.2,97.3,43.0,True,
2026-03-18,P084,PEN04,106,57.38,99.2,1219.8,0.205,0.608,9,38.9,9,16,34,0,24.7,56.1,91.3,44.3,True,
2026-03-19,P084,PEN04,107,56.95,92.2,1089.8,0.197,0.63,7,43.9,6,20,29,0,23.4,56.2,98.3,43.7,True,
2026-03-20,P084,PEN04,108,57.7,78.0,913.4,0.195,0.596,11,52.1,6,18,39,1,21.3,56.8,90.5,45.9,True,
2026-03-21,P084,PEN04,109,58.61,101.5,967.9,0.159,0.548,9,53.4,11,21,30,0,22.4,59.7,91.0,55.5,True,
2026-03-22,P084,PEN04,110,58.72,87.8,929.3,0.176,0.614,11,50.1,9,13,36,0,22.6,55.3,99.0,46.5,True,
2026-03-23,P084,PEN04,111,60.26,87.6,974.3,0.185,0.622,11,35.1,10,19,24,0,23.1,53.3,88.1,36.7,True,
2026-03-24,P084,PEN04,112,60.87,87.7,873.0,0.166,0.666,12,47.0,8,26,34,0,21.7,58.0,93.1,40.5,True,
2026-03-25,P084,PEN04,113,62.42,93.5,966.7,0.172,0.603,10,45.0,11,17,31,1,21.0,56.3,97.6,43.8,True,
2026-03-26,P084,PEN04,114,62.12,96.2,810.1,0.14,0.607,10,37.9,8,13,33,1,21.4,63.0,88.4,37.7,True,
2026-03-27,P084,PEN04,115,62.5,75.2,836.8,0.186,0.581,11,45.0,8,16,36,0,22.3,57.9,100.0,42.4,True,
2026-03-28,P084,PEN04,116,63.78,89.2,812.8,0.152,0.595,8,49.1,9,20,28,0,22.2,58.5,95.3,46.1,True,
2026-03-29,P084,PEN04,117,64.8,107.3,1122.1,0.174,0.558,11,41.0,10,19,27,0,22.0,58.5,94.5,49.2,True,
2026-03-30,P084,PEN04,118,64.69,98.1,728.2,0.124,0.609,10,34.2,10,18,35,0,22.8,61.7,89.4,36.1,True,
2026-03-31,P084,PEN04,119,66.14,82.8,1030.2,0.207,0.576,7,39.4,10,23,36,0,22.2,63.8,91.5,42.2,True,
2026-04-01,P084,PEN04,120,66.16,89.3,906.7,0.169,0.591,11,49.2,10,18,27,3,21.9,64.6,91.4,43.2,True,
2026-04-02,P084,PEN04,121,67.35,80.9,867.6,0.179,0.57,12,41.6,10,18,28,2,23.1,65.2,94.8,39.3,True,
2026-04-03,P084,PEN04,122,67.77,86.9,888.3,0.17,0.598,13,47.0,9,26,32,0,23.6,65.1,93.5,45.0,True,
2026-04-04,P084,PEN04,123,68.87,90.7,753.6,0.138,0.579,8,51.2,7,20,28,0,24.0,67.5,92.2,48.2,True,
2026-04-05,P084,PEN04,124,69.29,98.4,1013.3,0.172,0.609,11,50.4,6,17,24,1,24.4,68.3,88.3,48.2,True,
2026-04-06,P084,PEN04,125,69.78,97.1,697.0,0.12,0.556,11,43.8,6,24,41,2,26.0,70.6,84.9,42.5,True,
2026-04-07,P084,PEN04,126,69.94,92.2,1012.1,0.183,0.577,10,35.8,10,18,36,0,25.1,70.1,87.7,41.1,True,
2026-04-08,P084,PEN04,127,71.76,99.1,876.0,0.147,0.606,10,42.9,8,18,42,1,25.2,76.4,84.1,42.2,True,
2026-04-09,P084,PEN04,128,72.16,75.8,925.8,0.204,0.59,11,39.6,8,18,38,1,27.0,66.9,88.3,37.9,True,
2026-04-10,P084,PEN04,129,73.55,,848.9,0.149,0.544,11,39.6,8,19,26,0,27.6,74.9,89.0,44.6,True,
2026-04-11,P084,PEN04,130,74.19,98.5,1080.7,0.183,0.62,10,51.8,9,26,36,2,28.4,73.1,90.9,47.6,True,
2026-03-01,P085,PEN05,86,32.94,130.6,1348.8,0.172,0.524,12,53.6,10,26,45,0,23.5,70.8,94.3,65.7,True,
2026-03-02,P085,PEN05,87,32.98,110.3,1279.3,0.193,0.51,12,58.1,10,27,50,1,23.2,72.1,100.0,64.1,True,
2026-03-03,P085,PEN05,88,33.81,,1195.1,0.16,0.507,12,50.9,8,28,45,0,24.5,77.0,92.3,62.5,True,
2026-03-04,P085,PEN05,89,34.51,104.2,1225.5,0.196,0.501,14,56.2,8,26,48,0,24.4,69.2,92.2,63.4,True,
2026-03-05,P085,PEN05,90,35.59,120.4,1509.5,0.209,0.455,14,63.2,6,29,43,0,25.2,67.3,91.2,76.3,True,
2026-03-06,P085,PEN05,91,36.2,132.0,1264.7,0.16,0.477,14,62.6,7,30,42,0,26.1,66.0,95.5,73.9,True,
2026-03-07,P085,PEN05,92,37.61,117.3,1700.0,0.241,0.483,11,50.7,11,27,47,0,25.5,64.7,85.0,67.8,True,
2026-03-08,P085,PEN05,93,37.32,136.8,1448.4,0.176,0.525,15,48.3,9,35,35,0,25.8,70.2,97.7,64.2,True,
2026-03-09,P085,PEN05,94,39.17,133.9,1242.7,0.155,0.502,11,51.7,5,27,33,2,25.2,69.3,95.8,62.5,True,
2026-03-10,P085,PEN05,95,39.55,134.8,1348.6,0.167,0.514,14,64.1,6,22,41,0,25.5,61.0,95.5,73.8,True,
2026-03-11,P085,PEN05,96,39.89,131.7,1417.3,0.179,0.504,13,50.9,9,28,40,0,24.9,62.1,87.2,66.0,True,
2026-03-12,P085,PEN05,97,40.69,110.7,1244.3,0.187,0.538,12,43.3,7,32,44,0,25.5,63.2,94.4,53.8,True,
2026-03-13,P085,PEN05,98,41.02,143.3,1261.3,0.147,0.506,11,65.9,9,25,48,0,25.1,60.3,92.7,76.0,True,
2026-03-14,P085,PEN05,99,42.12,118.6,1427.0,0.201,0.538,12,73.0,9,23,50,0,23.4,59.5,92.7,76.3,True,
2026-03-15,P085,PEN05,100,42.74,120.3,1500.4,0.208,0.494,13,63.6,11,24,44,1,25.5,54.1,91.5,72.6,True,
2026-03-16,P085,PEN05,101,43.69,126.3,1416.0,0.187,0.501,10,57.4,9,27,39,0,23.5,61.7,100.0,69.6,True,
2026-03-17,P085,PEN05,102,44.66,136.4,1255.8,0.153,0.536,13,60.0,6,24,38,2,23.3,56.8,89.9,66.2,True,
2026-03-18,P085,PEN05,103,45.04,144.9,1273.9,0.147,0.437,12,63.8,7,27,47,0,23.6,55.2,98.0,79.5,True,
2026-03-19,P085,PEN05,104,46.0,109.8,1466.1,0.223,0.519,14,58.4,7,28,47,1,22.0,52.9,97.9,65.6,True,
2026-03-20,P085,PEN05,105,46.77,127.5,1314.7,0.172,0.427,15,59.9,7,28,44,1,21.8,63.4,95.3,73.8,True,
2026-03-21,P085,PEN05,106,47.05,136.0,1451.9,0.178,0.502,13,52.9,7,30,43,1,20.2,53.2,95.0,67.1,True,
2026-03-22,P085,PEN05,107,48.18,139.7,1344.5,0.16,0.476,15,60.2,8,30,54,0,21.2,54.5,88.9,74.5,True,
2026-03-23,P085,PEN05,108,48.8,130.9,1445.4,0.184,0.435,11,55.1,6,25,45,2,20.9,60.5,93.1,70.7,True,
2026-03-24,P085,PEN05,109,49.5,117.3,1410.4,0.2,0.519,13,54.8,8,32,36,0,19.9,57.4,93.0,65.2,True,
2026-03-25,P085,PEN05,110,50.95,120.8,1470.3,0.203,0.524,14,63.3,7,29,40,0,19.6,55.5,98.5,71.6,True,
2026-03-26,P085,PEN05,111,50.35,128.1,1360.8,0.177,0.484,12,53.0,9,30,43,0,19.6,50.6,83.4,67.6,True,
2026-03-27,P085,PEN05,112,51.6,121.9,1067.5,0.146,0.532,12,51.9,7,28,49,0,20.2,57.6,89.5,59.8,True,
2026-03-28,P085,PEN05,113,52.08,118.5,1328.7,0.187,0.574,12,57.6,7,23,42,1,20.8,58.1,98.3,61.5,True,
2026-03-29,P085,PEN05,114,52.64,130.7,1198.8,0.153,0.551,12,58.1,8,32,47,0,19.0,60.9,97.8,65.3,True,
2026-03-30,P085,PEN05,115,52.99,119.7,1324.0,0.184,0.476,15,56.8,8,33,52,0,20.6,57.8,91.5,68.9,True,
2026-03-31,P085,PEN05,116,54.36,127.4,1263.1,0.165,0.523,15,56.7,7,27,49,0,21.2,65.8,93.4,66.3,True,
2026-04-01,P085,PEN05,117,55.33,115.2,1238.4,0.179,0.532,11,60.2,11,23,41,0,21.2,66.4,95.4,65.8,True,
2026-04-02,P085,PEN05,118,55.1,130.1,1258.4,0.161,0.468,11,57.8,9,32,46,0,21.9,65.4,95.2,71.0,True,
2026-04-03,P085,PEN05,119,56.55,123.3,1433.1,0.194,0.573,13,63.3,9,28,36,0,21.2,64.0,96.0,68.4,True,
2026-04-04,P085,PEN05,120,58.31,108.8,1454.3,0.223,0.477,13,62.5,8,31,43,0,22.2,69.6,98.9,72.1,True,
2026-04-05,P085,PEN05,121,57.96,124.9,1480.4,0.198,0.496,13,60.3,8,30,43,1,23.2,67.8,97.6,70.8,True,
2026-04-06,P085,PEN05,122,58.21,125.9,1460.1,0.193,0.477,13,55.5,6,26,50,1,24.9,65.1,89.6,69.0,True,
2026-04-07,P085,PEN05,123,60.0,109.5,1382.0,0.21,0.467,12,51.4,10,30,40,1,25.0,68.1,93.0,63.5,True,
2026-04-08,P085,PEN05,124,59.89,117.5,1231.0,0.175,0.499,12,66.6,8,30,40,0,23.8,72.3,99.3,72.5,True,
2026-04-09,P085,PEN05,125,61.49,138.6,1183.3,0.142,0.54,12,62.5,8,25,52,0,24.1,70.6,90.0,70.1,True,
2026-04-10,P085,PEN05,126,60.74,134.7,1086.8,0.135,0.484,12,64.5,8,16,39,2,25.6,71.8,100.0,70.5,True,
2026-04-11,P085,PEN05,127,62.11,139.9,1400.9,0.167,0.441,12,58.7,6,33,39,0,26.2,75.5,95.5,76.3,True,
2026-03-01,P086,PEN06,84,43.42,75.8,814.2,0.179,0.542,10,32.1,8,20,32,1,23.7,69.1,89.7,35.0,True,
2026-03-02,P086,PEN06,85,44.38,95.8,910.8,0.159,0.543,10,48.1,8,12,21,0,23.3,73.9,90.5,50.9,True,
2026-03-03,P086,PEN06,86,44.26,90.6,,0.158,0.655,11,36.6,10,26,32,0,23.6,64.5,100.0,34.8,True,
2026-03-04,P086,PEN06,87,46.2,91.5,967.4,0.176,0.606,9,38.3,6,18,26,0,24.5,67.9,94.8,40.3,True,
2026-03-05,P086,PEN06,88,46.45,78.3,790.4,0.168,0.541,10,34.8,9,13,33,0,24.1,72.5,94.6,38.4,True,
2026-03-06,P086,PEN06,89,47.28,80.9,855.3,0.176,0.639,9,43.6,9,15,39,0,25.2,71.8,97.2,38.8,True,
2026-03-07,P086,PEN06,90,48.22,90.8,925.1,0.17,0.61,10,48.0,7,19,23,0,25.0,68.2,90.4,45.8,True,
2026-03-08,P086,PEN06,91,47.97,92.4,641.7,0.116,0.592,11,40.5,9,9,27,0,26.3,69.1,93.0,39.6,True,
2026-03-09,P086,PEN06,92,49.54,61.2,797.8,0.217,0.633,11,45.3,8,11,26,0,24.9,66.4,92.8,36.6,True,
2026-03-10,P086,PEN06,93,50.08,82.0,629.8,0.128,0.556,11,46.2,6,17,26,1,26.8,61.5,93.7,42.4,True,
2026-03-11,P086,PEN06,94,50.64,73.2,701.5,0.16,0.594,9,46.9,8,20,35,0,25.9,64.6,90.4,41.2,True,
2026-03-12,P086,PEN06,95,51.17,82.6,892.9,0.18,0.553,9,44.3,8,6,32,0,26.1,60.0,95.0,45.5,True,
2026-03-13,P086,PEN06,96,52.1,93.5,699.0,0.125,0.552,12,43.6,12,14,33,0,25.1,53.5,90.6,44.9,True,
2026-03-14,P086,PEN06,97,52.94,81.3,968.2,0.198,0.584,11,39.4,7,11,30,1,25.0,58.1,90.6,39.5,True,
2026-03-15,P086,PEN06,98,53.96,76.0,953.7,0.209,0.591,8,36.5,9,22,27,0,24.1,61.3,100.0,37.6,True,
2026-03-16,P086,PEN06,99,53.86,79.0,895.2,0.189,0.587,10,43.7,9,23,32,1,25.2,53.8,100.0,40.9,True,
2026-03-17,P086,PEN06,100,55.85,76.2,1299.4,0.284,0.617,10,48.2,10,20,27,1,23.9,51.6,100.0,45.5,True,
2026-03-18,P086,PEN06,101,54.89,86.1,1115.1,0.216,0.576,12,38.4,9,25,32,0,22.4,53.7,99.9,43.0,True,
2026-03-19,P086,PEN06,102,56.83,75.5,661.3,0.146,0.63,7,34.2,7,19,23,1,22.8,57.5,98.5,29.0,True,
2026-03-20,P086,PEN06,103,56.59,80.3,879.1,0.182,0.64,9,39.5,9,13,30,2,20.5,58.1,96.8,33.4,True,
2026-03-21,P086,PEN06,104,57.12,72.0,729.1,0.169,0.626,9,34.8,7,20,19,2,21.7,52.2,86.0,28.4,True,
2026-03-22,P086,PEN06,105,57.37,59.0,821.3,0.232,0.695,9,38.4,8,16,24,3,20.8,56.8,93.3,23.7,True,
2026-03-23,P086,PEN06,106,58.65,62.1,702.4,0.188,0.704,7,36.3,8,19,23,5,20.6,53.7,99.8,18.3,True,
2026-03-24,P086,PEN06,107,58.87,62.6,,0.158,0.666,8,24.0,5,16,23,4,20.0,55.7,86.9,13.1,True,
2026-03-25,P086,PEN06,108,59.83,45.3,580.1,0.213,,8,27.3,6,13,22,6,20.7,53.2,94.5,6.6,True,
2026-03-26,P086,PEN06,109,60.61,70.2,590.7,0.14,0.721,8,32.9,6,10,22,1,19.1,61.5,97.2,20.8,True,
2026-03-27,P086,PEN06,110,61.03,52.4,535.0,0.17,0.682,8,37.8,7,11,21,3,21.0,53.9,94.4,20.3,True,
2026-03-28,P086,PEN06,111,62.53,34.0,705.8,0.346,0.733,5,34.5,7,12,14,1,20.8,58.2,99.6,16.4,True,
2026-03-29,P086,PEN06,112,63.18,50.3,624.1,0.207,0.726,6,35.9,5,26,21,8,20.1,61.6,92.7,9.7,True,
2026-03-30,P086,PEN06,113,64.05,78.4,859.9,0.183,0.632,11,43.4,10,13,31,0,21.0,63.3,97.4,38.8,True,
2026-03-31,P086,PEN06,114,64.65,94.7,563.5,0.099,0.582,8,36.3,9,19,33,2,20.5,64.4,97.3,34.3,True,
2026-04-01,P086,PEN06,115,66.33,81.1,732.7,0.151,0.695,8,41.1,9,12,24,3,21.5,64.7,96.3,28.1,True,
2026-04-02,P086,PEN06,116,66.66,76.4,715.2,0.156,0.615,8,34.2,9,15,22,3,22.1,66.0,100.0,27.9,True,
2026-04-03,P086,PEN06,117,67.29,67.9,868.7,0.213,0.65,8,41.2,7,14,27,3,23.6,72.5,95.8,30.4,True,
2026-04-04,P086,PEN06,118,67.75,90.6,1133.5,0.209,0.693,9,37.9,5,12,26,0,22.7,74.4,100.0,35.9,True,
2026-04-05,P086,PEN06,119,67.58,50.0,907.2,0.303,0.646,12,37.7,9,21,29,0,23.2,69.8,87.3,30.0,True,
2026-04-06,P086,PEN06,120,68.55,79.3,696.9,0.146,0.643,10,40.6,10,20,31,2,24.6,67.0,88.5,31.9,True,
2026-04-07,P086,PEN06,121,70.01,81.0,909.5,0.187,0.661,10,47.9,8,15,23,0,24.6,69.6,89.6,40.7,True,
2026-04-08,P086,PEN06,122,71.0,88.9,749.9,0.141,0.604,12,41.2,9,14,33,3,25.8,67.5,83.3,35.6,True,
2026-04-09,P086,PEN06,123,71.37,69.2,669.9,0.161,0.707,12,48.3,7,14,30,1,23.9,71.7,87.6,32.3,True,
2026-04-10,P086,PEN06,124,72.08,77.2,855.9,0.185,0.639,9,34.0,7,10,29,2,25.3,73.9,86.7,29.1,True,
2026-04-11,P086,PEN06,125,72.83,81.8,942.6,0.192,0.626,10,38.0,7,20,23,2,27.0,72.3,89.8,34.2,True,
2026-03-01,P087,PEN07,89,45.93,122.6,1288.0,0.175,0.545,12,49.3,10,33,50,0,24.4,71.4,90.6,59.7,True,
2026-03-02,P087,PEN07,90,46.64,136.6,1376.8,0.168,0.503,13,57.3,10,25,37,0,23.4,71.7,98.0,70.7,True,
2026-03-03,P087,PEN07,91,47.64,139.6,1367.2,0.163,0.499,15,57.3,7,24,51,0,24.5,75.2,89.8,71.3,True,
2026-03-04,P087,PEN07,92,48.68,138.2,1262.4,0.152,0.525,14,56.9,7,31,44,2,24.5,69.6,91.4,65.3,True,
2026-03-05,P087,PEN07,93,50.19,129.3,1504.2,0.194,0.499,14,46.0,8,42,41,2,24.3,75.6,95.4,60.9,True,
2026-03-06,P087,PEN07,94,49.95,130.2,1351.4,0.173,0.411,13,56.4,9,30,51,0,25.2,67.9,94.0,74.8,True,
2026-03-07,P087,PEN07,95,51.23,145.4,1566.3,0.179,0.496,12,56.9,8,25,52,0,24.7,70.2,99.6,74.2,True,
2026-03-08,P087,PEN07,96,52.21,129.9,1447.7,0.186,,14,60.9,10,22,51,1,27.0,67.3,93.1,71.7,True,
2026-03-09,P087,PEN07,97,52.72,143.6,1338.5,0.155,0.486,14,56.5,7,26,44,0,26.0,69.2,95.7,71.9,True,
2026-03-10,P087,PEN07,98,52.84,139.6,1471.4,0.176,0.553,12,71.2,10,29,37,0,26.4,67.7,94.5,77.9,True,
2026-03-11,P087,PEN07,99,54.38,139.0,1598.6,0.192,0.477,14,57.5,7,27,41,0,24.6,63.1,94.9,75.0,True,
2026-03-12,P087,PEN07,100,55.0,126.1,1556.4,0.206,0.527,11,59.1,8,32,43,1,25.7,63.0,100.0,69.0,True,
2026-03-13,P087,PEN07,101,54.52,135.6,1409.2,0.173,0.467,13,55.9,10,29,43,0,25.2,60.3,97.9,72.3,True,
2026-03-14,P087,PEN07,102,55.77,126.7,1471.9,0.194,0.492,13,56.5,10,28,40,0,25.0,59.9,96.3,70.2,True,
2026-03-15,P087,PEN07,103,55.65,136.1,1619.5,0.198,0.433,15,54.7,9,29,48,1,24.3,61.2,95.0,74.5,True,
2026-03-16,P087,PEN07,104,57.47,142.0,1525.9,0.179,0.528,11,53.0,8,21,50,0,23.7,52.3,86.9,68.6,True,
2026-03-17,P087,PEN07,105,57.81,131.3,1453.4,0.185,0.475,12,63.8,7,30,49,0,24.6,57.7,100.0,76.6,True,
2026-03-18,P087,PEN07,106,58.57,147.6,1322.6,0.149,0.524,13,47.1,9,31,55,1,23.5,57.0,92.2,62.5,True,
2026-03-19,P087,PEN07,107,59.36,137.1,1294.2,0.157,0.477,13,59.0,8,29,49,2,22.8,56.7,96.1,69.9,True,
2026-03-20,P087,PEN07,108,59.85,128.2,1289.5,0.168,0.549,13,65.0,6,29,51,1,21.1,54.5,94.4,69.0,True,
2026-03-21,P087,PEN07,109,60.9,146.7,1512.6,0.172,0.49,13,53.1,8,31,49,0,20.4,57.6,93.1,71.8,True,
2026-03-22,P087,PEN07,110,62.05,130.7,1380.7,0.176,0.483,13,62.8,8,32,49,0,22.3,57.4,84.6,74.7,True,
2026-03-23,P087,PEN07,111,62.47,124.4,1320.4,0.177,0.487,13,57.7,8,25,32,2,21.3,57.1,92.9,66.7,True,
2026-03-24,P087,PEN07,112,63.09,136.3,1371.4,0.168,0.435,13,66.2,6,29,47,0,20.1,55.9,92.3,80.8,True,
2026-03-25,P087,PEN07,113,64.12,138.9,1496.3,0.18,0.477,14,54.6,7,25,53,0,19.8,60.9,87.3,72.1,True,
2026-03-26,P087,PEN07,114,64.62,132.0,1433.1,0.181,0.581,12,61.7,9,27,46,0,18.3,57.6,91.8,68.3,True,
2026-03-27,P087,PEN07,115,66.04,123.4,1536.3,0.208,0.486,16,59.1,7,24,49,0,19.3,64.8,95.3,72.4,True,
2026-03-28,P087,PEN07,116,66.17,138.4,1421.0,0.171,0.5,11,49.5,8,28,45,0,19.5,62.4,95.7,66.6,True,
2026-03-29,P087,PEN07,117,66.59,133.6,1566.1,0.195,0.474,14,52.6,7,32,40,0,20.6,56.2,91.0,70.9,True,
2026-03-30,P087,PEN07,118,67.56,146.8,1510.9,0.172,0.485,14,58.4,9,22,47,0,19.9,64.4,96.5,75.5,True,
2026-03-31,P087,PEN07,119,68.0,,1341.7,0.164,0.568,11,65.3,8,25,54,3,20.6,59.0,100.0,67.1,True,
2026-04-01,P087,PEN07,120,69.0,123.2,1657.5,0.224,0.529,14,51.0,11,38,53,1,21.2,58.9,94.9,64.1,True,
2026-04-02,P087,PEN07,121,70.54,126.1,1334.8,0.176,0.526,11,56.4,6,30,41,0,21.7,66.3,86.5,66.5,True,
2026-04-03,P087,PEN07,122,71.52,122.4,1387.0,0.189,0.492,12,61.4,6,23,38,0,23.1,70.5,89.8,71.8,True,
2026-04-04,P087,PEN07,123,71.58,134.8,1315.8,0.163,0.441,15,56.9,9,33,45,0,23.2,66.0,95.6,73.5,True,
2026-04-05,P087,PEN07,124,71.94,139.6,1383.2,0.165,0.515,12,57.7,9,30,56,1,22.7,69.6,87.4,69.3,True,
2026-04-06,P087,PEN07,125,72.91,143.1,1357.1,0.158,0.486,17,60.7,9,31,44,0,23.0,71.4,91.0,74.8,True,
2026-04-07,P087,PEN07,126,72.68,132.5,1344.6,0.169,0.472,14,58.7,6,30,52,1,23.6,71.1,91.7,71.2,True,
2026-04-08,P087,PEN07,127,73.89,131.1,1423.0,0.181,0.462,14,63.3,8,36,45,0,24.4,72.3,93.7,76.8,True,
2026-04-09,P087,PEN07,128,74.69,129.6,1373.9,0.177,0.451,14,66.0,10,23,57,0,25.4,70.0,91.0,78.6,True,
2026-04-10,P087,PEN07,129,74.52,122.7,1099.0,0.149,0.451,13,56.9,8,28,54,0,24.8,67.7,87.3,68.8,True,
2026-04-11,P087,PEN07,130,76.55,138.4,1370.8,0.165,0.569,13,64.9,6,36,47,0,25.0,71.4,93.4,71.6,True,
2026-03-01,P088,PEN08,87,41.8,90.7,799.9,0.147,0.599,12,42.0,7,17,29,0,24.3,71.1,96.4,41.4,True,
2026-03-02,P088,PEN08,88,42.65,104.9,966.7,0.154,0.642,12,46.1,10,12,37,1,24.7,68.6,92.7,43.8,True,
2026-03-03,P088,PEN08,89,43.46,86.2,834.5,0.161,0.65,14,41.0,8,12,29,0,26.4,70.8,100.0,37.0,True,
2026-03-04,P088,PEN08,90,43.83,91.6,1091.5,0.199,0.563,10,39.2,7,25,29,0,25.2,68.8,92.0,45.0,True,
2026-03-05,P088,PEN08,91,44.07,73.4,1053.7,0.239,0.556,11,38.0,8,20,40,1,24.9,67.1,92.7,39.9,True,
2026-03-06,P088,PEN08,92,45.54,82.4,1036.0,0.21,0.556,8,36.9,8,18,40,0,27.0,64.3,100.0,41.9,True,
2026-03-07,P088,PEN08,93,46.59,83.0,833.3,0.167,0.566,9,46.9,8,20,27,0,26.2,67.6,98.2,45.8,True,
2026-03-08,P088,PEN08,94,46.05,79.1,688.0,0.145,0.557,11,40.3,10,12,25,1,27.0,66.7,92.0,38.6,True,
2026-03-09,P088,PEN08,95,47.61,98.4,946.5,0.16,0.585,11,39.6,7,21,37,0,27.4,61.3,92.2,43.4,True,
2026-03-10,P088,PEN08,96,48.36,90.9,967.6,0.177,0.619,12,40.5,7,24,31,0,27.6,64.4,96.8,40.8,True,
2026-03-11,P088,PEN08,97,48.57,90.0,1117.2,0.207,0.532,10,49.4,8,18,28,0,27.8,63.9,96.3,53.6,True,
2026-03-12,P088,PEN08,98,49.61,95.6,938.7,0.164,0.58,11,47.1,7,22,30,0,28.0,57.4,89.6,48.1,True,
2026-03-13,P088,PEN08,99,50.68,86.4,1161.5,0.224,0.532,10,49.1,10,10,42,0,26.2,63.7,97.6,53.3,True,
2026-03-14,P088,PEN08,100,50.6,96.9,838.7,0.144,0.63,10,42.9,7,21,34,1,26.1,62.9,90.8,39.9,True,
2026-03-15,P088,PEN08,101,51.75,87.2,824.5,0.158,0.606,11,41.4,11,18,31,0,26.5,56.4,92.6,40.3,True,
2026-03-16,P088,PEN08,102,52.55,83.2,950.6,0.19,0.543,8,35.3,8,22,36,0,26.1,59.1,90.5,41.0,True,
2026-03-17,P088,PEN08,103,53.76,97.6,937.2,0.16,0.618,11,52.7,8,14,36,1,24.9,54.5,92.2,48.1,True,
2026-03-18,P088,PEN08,104,54.57,,994.2,0.174,0.626,8,39.8,8,17,32,0,23.9,49.7,92.2,40.8,True,
2026-03-19,P088,PEN08,105,55.07,92.0,1004.2,0.182,0.566,13,36.9,8,22,34,0,24.3,57.5,85.6,42.4,True,
2026-03-20,P088,PEN08,106,56.36,83.6,1183.9,0.236,0.538,9,38.5,8,20,33,0,23.6,56.2,92.9,45.8,True,
2026-03-21,P088,PEN08,107,56.16,79.4,962.0,0.202,0.59,12,41.0,8,17,30,1,22.6,50.5,94.9,39.7,True,
2026-03-22,P088,PEN08,108,57.38,90.7,952.2,0.175,0.601,8,44.1,8,23,27,1,22.3,58.6,93.3,42.7,True,
2026-03-23,P088,PEN08,109,57.42,89.3,1136.7,0.212,0.608,10,52.4,7,13,35,1,22.4,55.3,97.4,49.3,True,
2026-03-24,P088,PEN08,110,58.27,98.2,995.7,0.169,0.554,11,47.7,8,19,30,1,23.1,56.0,91.2,49.7,True,
2026-03-25,P088,PEN08,111,59.18,92.6,693.0,0.125,0.624,10,50.3,6,15,26,0,20.8,55.3,87.1,44.4,True,
2026-03-26,P088,PEN08,112,59.49,77.0,938.6,0.203,0.609,13,44.2,7,15,41,2,21.0,57.3,100.0,38.6,True,
2026-03-27,P088,PEN08,113,60.98,100.6,974.4,0.161,0.545,9,47.7,6,15,28,0,21.2,57.1,96.4,51.9,True,
2026-03-28,P088,PEN08,114,60.09,95.9,649.7,0.113,0.631,11,35.4,7,14,33,0,21.7,58.2,92.2,34.3,True,
2026-03-29,P088,PEN08,115,61.78,80.8,1139.2,0.235,0.616,10,53.4,6,16,27,0,22.1,62.1,90.4,49.5,True,
2026-03-30,P088,PEN08,116,62.41,97.7,1005.3,0.171,0.595,13,35.8,7,20,36,0,22.0,60.8,98.4,40.8,True,
2026-03-31,P088,PEN08,117,62.21,85.4,825.7,0.161,0.575,8,47.7,10,12,38,0,23.1,62.2,93.2,46.0,True,
2026-04-01,P088,PEN08,118,63.78,91.4,978.5,0.179,0.643,11,45.2,8,22,46,0,23.2,68.3,90.7,42.5,True,
2026-04-02,P088,PEN08,119,64.86,90.1,1015.5,0.188,0.615,12,39.7,5,17,36,0,23.8,65.1,89.5,40.9,True,
2026-04-03,P088,PEN08,120,66.01,88.1,757.5,0.143,0.657,11,47.7,7,19,41,0,25.3,67.3,96.8,40.5,True,
2026-04-04,P088,PEN08,121,66.32,86.4,917.6,0.177,0.554,10,46.8,9,17,34,0,25.0,73.7,96.5,47.9,True,
2026-04-05,P088,PEN08,122,66.63,80.1,825.8,0.172,0.597,12,41.6,5,26,34,0,24.7,70.0,90.0,39.9,True,
2026-04-06,P088,PEN08,123,67.24,92.7,995.6,0.179,0.614,12,34.6,7,27,42,0,23.9,68.0,93.5,37.9,True,
2026-04-07,P088,PEN08,124,67.67,96.7,934.8,0.161,0.572,8,41.5,7,14,31,0,26.9,74.6,88.7,45.1,True,
2026-04-08,P088,PEN08,125,68.97,94.8,1008.3,0.177,0.569,10,35.5,8,13,34,0,25.8,70.2,92.9,41.8,True,
2026-04-09,P088,PEN08,126,68.84,79.8,815.0,0.17,0.574,13,50.2,7,19,35,0,26.8,72.8,93.4,46.7,True,
2026-04-10,P088,PEN08,127,70.89,87.5,1011.1,0.193,0.616,10,39.9,10,17,39,1,26.3,75.9,92.8,39.2,True,
2026-04-11,P088,PEN08,128,70.88,93.3,1003.3,0.179,0.54,10,49.1,8,13,29,0,27.5,73.3,97.7,52.3,True,
2026-03-01,P089,PEN01,85,37.37,79.1,907.6,0.191,0.553,11,40.3,7,15,38,0,23.3,66.5,95.5,42.5,True,
2026-03-02,P089,PEN01,86,38.09,89.0,943.4,0.177,0.609,11,42.5,8,24,36,1,23.5,74.5,93.6,40.8,True,
2026-03-03,P089,PEN01,87,39.25,91.1,951.0,0.174,0.57,8,39.9,8,14,36,0,25.4,73.4,88.5,43.5,True,
2026-03-04,P089,PEN01,88,39.78,87.5,799.6,0.152,0.592,11,30.5,9,21,30,0,25.3,70.8,94.0,33.9,True,
2026-03-05,P089,PEN01,89,41.1,86.5,978.4,0.189,0.587,8,39.0,9,27,37,1,24.6,70.6,96.7,39.9,True,
2026-03-06,P089,PEN01,90,41.02,97.0,838.9,0.144,0.628,9,45.3,9,21,36,1,26.2,68.3,97.5,41.6,True,
2026-03-07,P089,PEN01,91,42.35,77.8,1009.9,0.216,0.633,9,42.0,6,22,32,1,26.8,67.0,94.5,37.8,True,
2026-03-08,P089,PEN01,92,43.12,79.2,918.8,0.193,0.564,9,30.6,7,19,32,1,27.5,64.1,99.9,34.2,True,
2026-03-09,P089,PEN01,93,44.48,75.9,900.1,0.198,0.539,10,46.6,7,28,24,2,27.7,68.3,100.0,44.1,True,
2026-03-10,P089,PEN01,94,44.88,85.5,1016.8,0.198,0.561,7,39.8,9,9,31,1,27.2,60.2,89.1,42.3,True,
2026-03-11,P089,PEN01,95,45.54,90.4,915.7,0.169,0.607,10,49.1,7,18,35,0,25.7,64.4,95.4,46.5,True,
2026-03-12,P089,PEN01,96,46.51,83.3,939.1,0.188,0.596,10,40.7,8,16,37,0,26.3,58.2,95.6,40.9,True,
2026-03-13,P089,PEN01,97,47.15,82.4,922.8,0.187,0.63,11,35.8,8,14,30,0,25.4,59.6,93.2,35.2,True,
2026-03-14,P089,PEN01,98,47.13,89.6,1112.8,0.207,0.602,11,39.5,8,19,29,1,25.4,61.8,94.8,41.1,True,
2026-03-15,P089,PEN01,99,47.29,77.5,823.5,0.177,0.611,10,,10,17,28,0,25.5,55.6,100.0,43.2,True,
2026-03-16,P089,PEN01,100,48.59,88.3,932.0,0.176,0.569,10,34.4,7,15,32,0,24.9,55.1,99.3,39.3,True,
2026-03-17,P089,PEN01,101,48.87,82.7,896.1,0.181,0.635,9,36.2,7,18,31,0,24.0,56.6,100.0,34.9,True,
2026-03-18,P089,PEN01,102,49.95,81.0,972.1,0.2,0.647,9,43.9,5,17,35,1,23.4,49.5,90.3,38.2,True,
2026-03-19,P089,PEN01,103,49.91,82.8,741.6,0.149,0.6,9,54.6,8,22,28,1,23.9,49.9,92.4,46.2,True,
2026-03-20,P089,PEN01,104,52.24,80.3,1153.8,0.24,0.582,13,43.6,10,20,34,1,23.2,56.4,90.8,44.0,True,
2026-03-21,P089,PEN01,105,51.61,88.2,875.9,0.165,0.61,11,41.2,8,26,34,0,23.4,56.9,96.1,40.5,True,
2026-03-22,P089,PEN01,106,53.06,92.9,1026.9,0.184,0.571,10,45.2,7,18,22,0,22.5,58.7,88.2,47.9,True,
2026-03-23,P089,PEN01,107,54.59,74.3,894.0,0.201,0.589,11,55.1,9,20,34,0,21.6,60.2,97.0,48.8,True,
2026-03-24,P089,PEN01,108,54.46,78.2,833.1,0.178,0.613,13,43.0,8,22,31,0,22.2,52.6,98.0,39.4,True,
2026-03-25,P089,PEN01,109,55.44,92.6,1090.5,0.196,0.56,10,46.8,10,24,32,0,20.4,60.1,90.4,50.2,True,
2026-03-26,P089,PEN01,110,56.23,75.7,978.1,0.215,0.647,10,39.2,8,22,34,0,22.6,55.5,92.1,35.8,True,
2026-03-27,P089,PEN01,111,56.69,72.3,818.3,0.189,0.597,10,49.2,10,17,20,0,19.7,58.9,99.0,43.4,True,
2026-03-28,P089,PEN01,112,58.61,75.4,710.7,0.157,0.601,10,48.5,4,19,32,0,21.4,58.3,85.8,42.1,True,
2026-03-29,P089,PEN01,113,57.61,85.1,1086.3,0.213,0.614,10,32.8,9,17,38,0,21.1,59.2,94.5,36.4,True,
2026-03-30,P089,PEN01,114,58.76,79.9,970.1,0.202,,12,46.6,6,19,34,2,20.4,55.5,90.0,44.3,True,
2026-03-31,P089,PEN01,115,59.9,72.0,853.6,0.198,0.629,10,40.6,7,14,31,2,21.7,63.7,96.7,33.3,True,
2026-04-01,P089,PEN01,116,60.97,79.4,977.7,0.205,0.601,10,47.7,7,20,33,0,21.8,66.9,88.9,44.9,True,
2026-04-02,P089,PEN01,117,61.21,82.2,930.0,0.189,0.576,12,41.8,8,16,32,0,22.8,71.0,100.0,42.7,True,
2026-04-03,P089,PEN01,118,62.86,91.9,787.8,0.143,0.676,10,41.6,8,16,37,3,22.9,71.7,96.0,32.0,True,
2026-04-04,P089,PEN01,119,62.76,77.0,965.5,0.209,0.551,8,47.3,8,24,30,2,22.6,63.7,94.5,44.6,True,
2026-04-05,P089,PEN01,120,64.21,91.8,762.2,0.138,0.594,12,44.4,6,16,38,1,24.6,70.0,92.9,41.7,True,
2026-04-06,P089,PEN01,121,63.91,80.8,921.7,0.19,0.623,12,47.7,11,24,33,1,24.7,68.1,87.3,41.8,True,
2026-04-07,P089,PEN01,122,64.07,85.0,843.8,0.165,0.629,8,33.5,10,18,36,2,25.3,74.0,90.7,30.6,True,
2026-04-08,P089,PEN01,123,65.09,84.3,847.7,0.168,0.575,11,33.7,8,20,30,0,26.3,70.9,93.0,37.0,True,
2026-04-09,P089,PEN01,124,65.83,83.3,779.3,0.156,0.583,12,39.7,9,28,23,0,26.2,68.2,90.0,39.6,True,
2026-04-10,P089,PEN01,125,66.73,74.4,863.4,0.193,0.643,7,37.1,4,20,30,1,25.5,72.0,96.0,32.0,True,
2026-04-11,P089,PEN01,126,67.78,83.0,851.5,0.171,0.615,11,31.0,7,20,31,0,26.1,73.1,95.2,32.5,True,
2026-03-01,P090,PEN02,88,34.97,130.8,1601.5,0.204,0.52,14,59.9,7,27,41,0,22.1,66.3,96.4,72.6,True,
2026-03-02,P090,PEN02,89,35.99,131.4,1303.2,0.165,0.597,13,55.8,5,23,44,1,22.8,68.9,88.2,60.6,True,
2026-03-03,P090,PEN02,90,35.64,124.2,1210.9,0.162,0.558,12,65.3,6,25,43,0,24.1,73.5,89.7,68.6,True,
2026-03-04,P090,PEN02,91,35.54,115.2,1358.3,0.196,0.562,11,55.4,9,26,34,0,25.1,67.3,92.8,62.0,True,
2026-03-05,P090,PEN02,92,37.51,108.6,1299.3,0.199,0.514,11,43.5,7,21,39,1,25.0,69.4,100.0,54.3,True,
2026-03-06,P090,PEN02,93,38.41,123.3,1411.0,0.191,0.517,12,59.0,8,25,38,0,24.8,63.4,90.1,69.1,True,
2026-03-07,P090,PEN02,94,39.52,113.1,1351.3,0.199,0.512,12,53.7,9,29,50,2,25.5,71.2,97.1,60.9,True,
2026-03-08,P090,PEN02,95,39.45,117.6,1323.9,0.188,0.504,11,52.5,7,30,49,0,25.0,68.4,98.3,63.9,True,
2026-03-09,P090,PEN02,96,40.56,129.2,1236.8,0.159,0.461,10,49.9,7,34,33,0,24.1,63.5,92.0,66.0,True,
2026-03-10,P090,PEN02,97,40.77,108.8,1277.5,0.196,0.465,13,53.8,7,26,46,1,25.4,59.8,89.0,64.0,True,
2026-03-11,P090,PEN02,98,41.86,130.6,,0.176,0.471,12,58.6,7,31,42,0,24.8,60.7,92.3,72.7,True,
2026-03-12,P090,PEN02,99,42.13,127.0,1111.8,0.146,0.491,14,53.4,8,30,41,1,25.1,67.8,100.0,63.3,True,
2026-03-13,P090,PEN02,100,43.62,130.2,1202.1,0.154,0.525,15,65.1,10,24,39,0,25.3,49.9,88.6,71.5,True,
2026-03-14,P090,PEN02,101,42.63,127.5,1239.4,0.162,0.538,9,52.4,7,24,45,1,25.3,58.8,91.0,61.0,True,
2026-03-15,P090,PEN02,102,44.67,118.5,1043.5,0.147,0.509,13,58.4,7,29,45,0,23.8,59.3,92.5,64.8,True,
2026-03-16,P090,PEN02,103,46.01,124.3,1209.4,0.162,0.525,13,59.9,9,25,46,1,24.0,56.1,87.4,65.9,True,
2026-03-17,P090,PEN02,104,45.23,130.2,1444.4,0.185,0.509,11,57.8,9,26,54,1,23.1,55.7,94.5,68.8,True,
2026-03-18,P090,PEN02,105,46.61,116.8,1185.8,0.169,0.512,12,59.1,7,28,50,1,22.9,52.7,87.2,64.8,True,
2026-03-19,P090,PEN02,106,47.67,111.6,1182.4,0.177,0.607,14,52.9,10,21,32,0,22.7,53.9,86.1,55.1,True,
2026-03-20,P090,PEN02,107,47.96,123.7,1324.4,0.178,0.465,12,57.1,9,30,48,0,21.2,55.5,94.5,70.4,True,
2026-03-21,P090,PEN02,108,48.12,132.6,1217.0,0.153,0.558,12,45.6,7,29,39,0,20.6,54.5,90.0,57.3,True,
2026-03-22,P090,PEN02,109,49.96,141.7,1324.5,0.156,0.575,14,59.0,9,25,46,1,20.5,58.2,100.0,66.0,True,
2026-03-23,P090,PEN02,110,49.69,124.9,1317.3,0.176,0.507,12,52.2,9,25,36,1,21.7,53.5,91.7,63.2,True,
2026-03-24,P090,PEN02,111,50.51,119.0,1299.1,0.182,0.484,13,54.5,8,30,45,1,20.1,55.4,96.6,65.1,True,
2026-03-25,P090,PEN02,112,51.23,124.0,1178.1,0.158,0.516,14,55.2,9,26,44,0,20.7,50.3,91.5,64.4,True,
2026-03-26,P090,PEN02,113,52.84,133.4,1398.0,0.175,0.506,10,52.9,7,31,42,1,19.9,54.9,100.0,66.0,True,
2026-03-27,P090,PEN02,114,53.68,118.2,1315.6,0.185,0.535,8,62.4,6,24,36,1,19.9,64.2,88.7,67.0,True,
2026-03-28,P090,PEN02,115,53.7,138.6,1069.0,0.128,0.457,13,58.4,8,26,40,0,20.5,61.3,88.6,71.7,True,
2026-03-29,P090,PEN02,116,54.18,118.3,1136.1,0.16,0.47,13,57.7,9,26,36,0,20.8,54.8,100.0,67.7,True,
2026-03-30,P090,PEN02,117,54.22,126.2,1059.8,0.14,0.508,11,57.5,9,33,40,1,19.6,59.0,100.0,64.2,True,
2026-03-31,P090,PEN02,118,55.64,118.6,1367.8,0.192,0.541,12,66.2,9,31,34,1,20.6,58.3,100.0,69.7,True,
2026-04-01,P090,PEN02,119,56.88,120.9,1153.0,0.159,0.469,13,56.4,10,29,54,1,21.1,63.7,87.5,66.2,True,
2026-04-02,P090,PEN02,120,57.76,130.7,1243.1,0.158,0.541,14,51.8,9,22,44,2,21.4,64.6,91.5,59.5,True,
2026-04-03,P090,PEN02,121,58.19,116.4,1214.5,0.174,0.511,13,59.6,7,26,44,1,22.9,68.6,100.0,65.4,True,
2026-04-04,P090,PEN02,122,58.48,124.4,1395.5,0.187,0.553,14,48.3,7,30,38,0,22.4,72.4,92.4,59.8,True,
2026-04-05,P090,PEN02,123,59.55,109.9,1215.0,0.184,0.541,13,61.0,7,27,39,0,24.6,71.7,87.4,64.8,True,
2026-04-06,P090,PEN02,124,59.73,117.7,1383.3,0.196,0.524,12,62.4,10,25,40,0,22.9,72.4,93.5,69.7,True,
2026-04-07,P090,PEN02,125,60.85,133.5,1220.1,0.152,0.546,11,59.6,7,26,46,0,24.1,64.4,94.8,67.3,True,
2026-04-08,P090,PEN02,126,61.6,112.0,1335.2,0.199,0.461,15,58.2,9,25,46,0,24.4,69.4,91.9,69.7,True,
2026-04-09,P090,PEN02,127,61.92,122.3,1242.5,0.169,0.51,13,56.9,6,25,43,1,25.4,70.4,92.8,64.9,True,
2026-04-10,P090,PEN02,128,62.39,112.0,1081.5,0.161,0.532,11,66.6,7,25,44,0,26.0,68.3,92.4,68.0,True,
2026-04-11,P090,PEN02,129,64.01,125.4,1368.0,0.182,0.492,12,58.4,5,24,38,0,25.5,68.9,93.2,70.2,True,
2026-03-01,P091,PEN03,88,33.86,88.8,1014.0,0.19,0.54,11,51.2,9,20,33,0,24.1,67.6,98.3,53.0,True,
2026-03-02,P091,PEN03,89,35.09,100.7,918.8,0.152,0.636,10,48.2,10,22,39,0,24.6,68.9,89.3,45.7,True,
2026-03-03,P091,PEN03,90,35.03,113.5,1218.3,0.179,0.565,13,52.7,8,16,39,1,24.2,73.6,91.8,56.9,True,
2026-03-04,P091,PEN03,91,35.01,123.2,986.6,0.133,0.553,12,43.2,9,23,44,0,23.6,61.9,94.4,52.2,True,
2026-03-05,P091,PEN03,92,36.04,120.9,1174.2,0.162,0.584,11,48.2,7,19,36,1,24.2,69.8,92.8,53.6,True,
2026-03-06,P091,PEN03,93,36.97,93.9,1261.9,0.224,0.496,9,42.5,10,18,37,0,24.8,68.0,94.5,53.5,True,
2026-03-07,P091,PEN03,94,38.36,95.0,1100.9,0.193,0.595,13,52.3,7,21,39,3,26.0,72.1,96.4,47.8,True,
2026-03-08,P091,PEN03,95,38.67,87.9,1076.7,0.204,0.479,7,51.6,9,30,41,1,26.2,65.2,94.8,56.3,True,
2026-03-09,P091,PEN03,96,39.28,83.7,1004.3,0.2,0.657,11,51.7,11,28,39,0,30.3,71.2,88.0,44.9,True,
2026-03-10,P091,PEN03,97,39.73,,,0.189,0.672,11,45.7,9,18,36,1,30.5,69.3,81.6,36.5,True,
2026-03-11,P091,PEN03,98,40.06,87.5,1143.1,0.218,0.633,13,54.7,11,20,42,0,29.8,65.4,98.3,50.4,True,
2026-03-12,P091,PEN03,99,40.85,106.1,1033.3,0.162,0.634,13,46.2,10,23,24,0,29.3,62.8,86.8,46.6,True,
2026-03-13,P091,PEN03,100,42.81,87.3,1178.9,0.225,0.553,11,51.5,9,22,33,1,24.1,59.2,85.8,52.4,True,
2026-03-14,P091,PEN03,101,42.76,103.7,965.9,0.155,0.587,14,41.7,9,27,41,1,25.2,59.7,87.5,44.3,True,
2026-03-15,P091,PEN03,102,43.8,111.5,1017.9,0.152,0.56,14,38.7,6,18,42,0,23.7,59.2,93.5,47.3,True,
2026-03-16,P091,PEN03,103,43.99,114.2,966.9,0.141,0.584,11,47.2,7,23,44,0,23.6,56.2,85.4,51.2,True,
2026-03-17,P091,PEN03,104,45.24,114.9,1064.4,0.154,0.507,10,55.4,7,16,39,2,23.2,57.9,97.2,59.8,True,
2026-03-18,P091,PEN03,105,45.3,101.5,1046.5,0.172,0.562,9,48.0,7,19,33,4,22.6,55.8,100.0,46.3,True,
2026-03-19,P091,PEN03,106,46.01,76.3,939.4,0.205,0.582,6,47.6,7,18,30,1,21.6,59.2,96.6,43.8,True,
2026-03-20,P091,PEN03,107,46.26,107.5,791.7,0.123,0.594,11,,6,29,32,5,22.5,55.5,87.4,35.7,True,
2026-03-21,P091,PEN03,108,47.38,90.5,783.1,0.144,0.707,11,37.6,7,20,31,3,21.7,55.6,100.0,27.1,True,
2026-03-22,P091,PEN03,109,47.48,79.0,889.4,0.188,0.694,10,29.9,7,22,19,2,21.7,49.3,94.2,23.6,True,
2026-03-23,P091,PEN03,110,48.21,74.4,780.6,0.175,0.65,7,33.8,7,17,25,4,19.4,58.9,89.6,24.3,True,
2026-03-24,P091,PEN03,111,49.14,86.1,856.3,0.166,0.647,7,33.3,7,8,35,4,21.5,53.8,99.5,26.9,True,
2026-03-25,P091,PEN03,112,50.74,87.5,999.0,0.19,0.636,10,40.4,5,18,28,5,19.8,57.4,89.3,32.4,True,
2026-03-26,P091,PEN03,113,50.46,92.7,930.7,0.167,0.706,9,31.0,10,15,20,4,19.8,57.3,89.0,23.3,True,
2026-03-27,P091,PEN03,114,51.17,84.8,859.7,0.169,0.644,8,42.8,9,19,31,4,19.9,57.0,100.0,33.0,True,
2026-03-28,P091,PEN03,115,53.7,108.0,969.5,0.15,0.55,12,53.8,7,35,39,0,19.4,54.3,100.0,56.7,True,
2026-03-29,P091,PEN03,116,53.47,92.1,1258.1,0.228,0.565,9,47.2,7,17,31,3,20.3,57.7,95.8,47.6,True,
2026-03-30,P091,PEN03,117,53.72,94.3,1059.6,0.187,0.621,12,45.1,8,17,39,1,20.8,64.8,92.1,43.7,True,
2026-03-31,P091,PEN03,118,55.05,92.7,915.6,0.165,0.575,11,39.6,9,28,39,1,20.6,66.3,93.4,41.4,True,
2026-04-01,P091,PEN03,119,55.85,107.1,1151.6,0.179,0.559,12,48.8,9,27,38,1,20.7,65.3,98.9,53.2,True,
2026-04-02,P091,PEN03,120,56.45,112.5,1016.7,0.151,0.619,10,45.4,7,16,32,1,21.8,71.0,90.6,46.6,True,
2026-04-03,P091,PEN03,121,56.49,112.0,946.9,0.141,0.597,10,48.0,11,25,40,0,23.0,64.8,92.3,50.3,True,
2026-04-04,P091,PEN03,122,57.82,96.3,958.2,0.166,0.579,11,49.5,7,23,36,1,22.1,69.5,100.0,48.6,True,
2026-04-05,P091,PEN03,123,57.93,86.6,1018.4,0.196,0.599,11,50.4,9,25,33,1,24.3,69.8,99.1,47.0,True,
2026-04-06,P091,PEN03,124,59.67,117.5,973.6,0.138,0.649,11,49.0,8,19,37,2,23.1,69.8,96.3,45.9,True,
2026-04-07,P091,PEN03,125,60.66,109.9,1106.4,0.168,0.539,12,50.6,8,16,29,1,24.7,68.1,91.3,55.6,True,
2026-04-08,P091,PEN03,126,61.12,94.7,914.2,0.161,0.624,10,43.8,9,23,45,1,25.1,71.1,92.7,41.3,True,
2026-04-09,P091,PEN03,127,62.18,,1103.9,0.185,0.563,12,53.6,9,20,37,3,24.8,73.3,93.7,51.5,True,
2026-04-10,P091,PEN03,128,62.33,87.7,1047.3,0.199,0.567,11,43.2,8,18,43,2,25.5,65.9,90.6,43.4,True,
2026-04-11,P091,PEN03,129,63.3,105.9,812.9,0.128,0.615,9,42.9,7,31,40,0,26.1,74.8,99.1,43.5,True,
2026-03-01,P092,PEN04,83,41.45,113.4,1084.6,0.159,0.615,12,39.7,10,20,35,0,26.2,66.6,86.2,45.3,True,
2026-03-02,P092,PEN04,84,41.24,100.3,987.9,0.164,0.622,12,41.4,11,21,35,1,24.6,68.6,94.8,41.6,True,
2026-03-03,P092,PEN04,85,42.7,77.3,1162.4,0.251,0.632,9,43.3,8,29,32,0,26.3,69.2,87.5,41.5,True,
2026-03-04,P092,PEN04,86,44.22,85.2,1160.9,0.227,0.583,11,50.7,8,28,38,1,25.2,68.9,94.0,49.4,True,
2026-03-05,P092,PEN04,87,43.18,100.8,1024.7,0.169,0.524,13,49.9,9,23,36,0,26.5,76.1,92.7,55.3,True,
2026-03-06,P092,PEN04,88,44.66,87.2,940.3,0.18,0.533,12,50.3,9,20,37,0,25.7,65.5,100.0,51.9,True,
2026-03-07,P092,PEN04,89,44.94,105.7,793.7,0.125,0.55,10,47.1,6,14,35,0,27.4,66.6,91.7,50.2,True,
2026-03-08,P092,PEN04,90,45.69,92.5,1375.4,0.248,0.637,10,49.3,7,14,47,0,28.0,67.6,88.1,49.7,True,
2026-03-09,P092,PEN04,91,46.8,82.0,,0.201,0.647,11,45.9,8,22,35,1,32.3,68.2,88.0,39.9,True,
2026-03-10,P092,PEN04,92,47.14,80.0,926.0,0.193,0.68,12,37.4,12,19,34,0,32.2,71.4,95.4,32.6,True,
2026-03-11,P092,PEN04,93,47.55,72.6,718.1,0.165,0.575,11,48.4,11,19,27,0,32.0,66.1,95.5,43.4,True,
2026-03-12,P092,PEN04,94,48.74,72.5,1025.4,0.236,0.673,11,53.0,12,24,35,0,31.9,70.9,91.2,43.1,True,
2026-03-13,P092,PEN04,95,49.82,102.6,1023.6,0.166,0.554,10,49.8,10,20,27,0,27.2,59.0,90.4,53.5,True,
2026-03-14,P092,PEN04,96,50.83,95.2,1014.3,0.178,0.582,9,39.7,8,22,30,1,26.6,58.5,97.6,42.4,True,
2026-03-15,P092,PEN04,97,49.74,95.7,1168.1,0.203,0.648,11,34.2,6,26,38,0,27.0,53.5,87.8,37.6,True,
2026-03-16,P092,PEN04,98,52.15,88.1,800.6,0.152,0.62,13,37.6,8,20,35,0,24.8,58.5,94.0,36.7,True,
2026-03-17,P092,PEN04,99,52.29,94.0,988.1,0.175,0.52,11,48.0,8,16,52,2,25.9,59.0,98.6,50.0,True,
2026-03-18,P092,PEN04,100,52.86,89.9,1015.8,0.188,0.59,10,46.4,9,23,33,0,24.1,59.5,98.4,46.9,True,
2026-03-19,P092,PEN04,101,53.44,93.4,984.7,0.176,0.582,11,56.7,7,19,35,0,23.8,58.1,95.4,54.3,True,
2026-03-20,P092,PEN04,102,54.91,97.5,1252.0,0.214,0.576,11,40.7,9,18,37,2,23.1,54.8,92.5,44.9,True,
2026-03-21,P092,PEN04,103,56.16,89.9,983.1,0.182,0.618,7,41.5,9,24,32,0,24.4,57.2,93.9,41.5,True,
2026-03-22,P092,PEN04,104,56.39,93.9,1006.0,0.179,0.604,12,46.8,9,18,37,0,22.5,53.9,86.8,46.8,True,
2026-03-23,P092,PEN04,105,57.13,78.6,1052.7,0.223,0.601,9,38.8,9,23,34,0,21.4,52.1,91.3,39.8,True,
2026-03-24,P092,PEN04,106,57.05,110.8,1158.7,0.174,0.556,11,47.1,7,25,25,0,20.8,52.7,96.7,54.3,True,
2026-03-25,P092,PEN04,107,58.81,100.0,1121.6,0.187,0.581,12,42.1,10,21,32,0,23.3,55.8,97.6,47.3,True,
2026-03-26,P092,PEN04,108,59.18,81.6,886.1,0.181,0.583,8,39.8,12,22,36,0,21.4,55.3,88.7,40.4,True,
2026-03-27,P092,PEN04,109,60.58,93.7,791.8,0.141,0.622,9,57.0,7,18,30,1,20.7,58.0,89.6,48.6,True,
2026-03-28,P092,PEN04,110,60.65,102.4,1095.4,0.178,0.613,11,40.2,9,25,30,1,21.2,60.2,97.8,42.7,True,
2026-03-29,P092,PEN04,111,60.55,99.7,1289.2,0.216,0.596,11,54.2,8,17,36,0,21.2,61.0,99.0,55.8,True,
2026-03-30,P092,PEN04,112,61.88,107.3,868.1,0.135,0.52,10,39.8,9,23,35,1,21.1,63.3,85.2,47.0,True,
2026-03-31,P092,PEN04,113,62.3,99.3,1154.3,0.194,0.587,12,44.1,9,23,23,0,22.5,69.4,92.1,48.5,True,
2026-04-01,P092,PEN04,114,63.24,92.1,1185.0,0.215,0.581,10,49.6,7,23,37,3,22.7,63.1,98.9,47.3,True,
2026-04-02,P092,PEN04,115,63.47,92.7,939.4,0.169,0.595,10,42.5,9,15,45,1,23.7,67.8,99.2,42.3,True,
2026-04-03,P092,PEN04,116,65.21,115.8,848.5,0.122,0.56,12,41.5,8,29,34,0,23.8,63.2,99.3,48.1,True,
2026-04-04,P092,PEN04,117,65.92,101.6,1080.7,0.177,0.523,12,41.6,8,15,31,0,24.1,73.5,96.6,50.6,True,
2026-04-05,P092,PEN04,118,66.34,84.3,936.0,0.185,0.66,10,34.4,8,16,42,0,24.3,69.4,95.2,32.8,True,
2026-04-06,P092,PEN04,119,66.39,104.7,976.4,0.155,0.588,14,41.8,7,19,37,0,24.7,71.8,92.8,45.9,True,
2026-04-07,P092,PEN04,120,68.45,106.7,891.2,0.139,0.559,11,55.0,8,20,32,1,26.1,67.6,83.1,54.5,True,
2026-04-08,P092,PEN04,121,68.33,86.5,917.6,0.177,0.636,12,47.3,7,26,31,0,27.2,66.6,93.7,42.9,True,
2026-04-09,P092,PEN04,122,68.25,95.9,1004.0,0.175,0.514,12,58.2,8,15,27,0,26.5,67.9,89.4,60.3,True,
2026-04-10,P092,PEN04,123,69.63,76.5,998.0,0.217,0.615,13,44.4,8,20,25,1,26.6,71.0,97.4,40.2,True,
2026-04-11,P092,PEN04,124,70.2,79.3,929.1,0.195,0.51,8,43.3,8,21,36,0,27.3,71.6,95.9,47.5,True,
2026-03-01,P093,PEN05,84,48.99,79.8,711.9,0.149,0.606,9,27.4,5,11,26,0,24.1,64.6,91.0,28.8,True,
2026-03-02,P093,PEN05,85,49.55,68.0,612.9,0.15,0.67,10,42.2,9,17,33,0,23.0,73.7,100.0,31.4,True,
2026-03-03,P093,PEN05,86,49.38,69.5,674.0,0.162,0.661,9,22.3,8,13,23,0,24.3,66.9,85.8,19.9,True,
2026-03-04,P093,PEN05,87,51.2,45.6,597.7,0.219,0.702,8,31.3,10,19,34,1,25.3,70.2,93.9,17.1,True,
2026-03-05,P093,PEN05,88,50.95,59.0,735.2,0.208,0.708,9,30.3,9,11,29,1,24.4,67.2,89.2,19.6,True,
2026-03-06,P093,PEN05,89,52.5,51.9,745.2,0.239,0.648,11,26.4,7,8,24,1,25.1,73.5,91.0,19.9,True,
2026-03-07,P093,PEN05,90,52.78,77.7,406.2,0.087,0.605,8,35.6,9,12,18,0,24.9,62.5,91.1,30.8,True,
2026-03-08,P093,PEN05,91,53.35,73.0,535.3,0.122,0.673,8,31.6,9,15,31,1,26.5,63.8,91.7,22.9,True,
2026-03-09,P093,PEN05,92,54.51,68.0,867.0,0.213,0.622,9,39.5,7,10,23,0,26.5,65.6,87.2,35.3,True,
2026-03-10,P093,PEN05,93,55.25,67.5,751.8,0.186,0.7,8,32.1,9,5,33,1,25.2,63.5,98.8,22.8,True,
2026-03-11,P093,PEN05,94,56.28,57.8,477.1,0.138,0.634,8,43.4,8,9,23,0,27.0,61.6,86.5,31.5,True,
2026-03-12,P093,PEN05,95,56.61,53.6,701.6,0.218,0.64,11,34.8,7,10,26,0,26.6,58.4,100.0,27.1,True,
2026-03-13,P093,PEN05,96,57.46,46.3,666.6,0.24,0.713,7,30.8,9,13,21,0,25.8,65.2,95.2,18.3,True,
2026-03-14,P093,PEN05,97,57.72,58.2,342.9,0.098,0.638,9,35.9,11,18,27,0,24.4,61.9,90.5,25.1,True,
2026-03-15,P093,PEN05,98,58.49,75.9,846.6,0.186,0.707,8,30.5,7,13,27,0,25.3,54.5,98.8,25.0,True,
2026-03-16,P093,PEN05,99,59.54,53.2,442.6,0.139,0.641,11,36.8,9,9,16,0,21.9,56.9,85.8,25.7,True,
2026-03-17,P093,PEN05,100,60.45,71.4,905.6,0.211,0.59,10,32.2,9,3,32,0,23.2,54.3,100.0,33.5,True,
2026-03-18,P093,PEN05,101,59.91,61.4,825.7,0.224,0.657,9,28.1,7,11,34,0,23.6,49.7,95.9,24.2,True,
2026-03-19,P093,PEN05,102,61.26,63.6,730.9,0.192,0.67,10,29.6,7,12,24,0,21.9,49.5,95.7,23.7,True,
2026-03-20,P093,PEN05,103,62.27,67.1,519.0,0.129,0.612,9,33.2,9,8,18,1,21.8,52.9,96.0,26.8,True,
2026-03-21,P093,PEN05,104,63.12,63.6,733.3,0.192,0.639,11,35.8,9,11,28,0,21.4,47.0,97.7,29.7,True,
2026-03-22,P093,PEN05,105,64.16,63.7,858.5,0.225,0.615,9,34.2,8,14,26,0,21.0,53.0,89.4,31.5,True,
2026-03-23,P093,PEN05,106,64.5,51.5,648.7,0.21,0.663,9,34.6,10,6,16,0,20.9,58.0,89.5,24.6,True,
2026-03-24,P093,PEN05,107,65.59,61.4,539.7,0.146,0.627,7,25.4,10,9,19,1,19.7,56.2,98.0,20.0,True,
2026-03-25,P093,PEN05,108,66.3,61.0,586.1,0.16,0.643,10,33.1,8,12,21,0,21.3,52.6,92.5,25.9,True,
2026-03-26,P093,PEN05,109,66.95,62.8,922.5,0.245,0.663,5,31.1,9,6,26,1,20.6,56.2,96.7,25.5,True,
2026-03-27,P093,PEN05,110,67.76,57.4,780.1,0.226,0.653,9,33.3,5,8,30,0,21.3,62.6,90.8,26.7,True,
2026-03-28,P093,PEN05,111,68.33,77.4,726.0,0.156,0.673,12,40.2,8,12,12,0,20.5,63.3,98.1,32.5,True,
2026-03-29,P093,PEN05,112,68.32,53.5,646.1,0.201,0.667,6,37.5,7,15,27,1,19.7,62.7,91.6,25.1,True,
2026-03-30,P093,PEN05,113,69.47,68.3,783.1,0.191,0.654,11,42.0,9,11,29,1,21.0,62.7,92.1,32.6,True,
2026-03-31,P093,PEN05,114,70.59,71.0,422.8,0.099,0.644,7,30.7,10,8,24,0,21.5,62.1,90.2,24.2,True,
2026-04-01,P093,PEN05,115,70.9,66.2,872.2,0.22,0.59,10,28.8,7,15,22,1,20.5,69.9,97.0,28.8,True,
2026-04-02,P093,PEN05,116,72.25,61.7,768.2,0.207,0.635,6,35.5,6,10,35,0,21.9,64.3,95.8,29.9,True,
2026-04-03,P093,PEN05,117,72.08,62.3,619.3,0.166,0.622,8,31.7,9,13,14,1,22.8,67.6,90.4,25.4,True,
2026-04-04,P093,PEN05,118,73.01,58.0,772.2,0.222,0.609,8,32.8,8,18,21,0,23.5,63.7,98.2,29.2,True,
2026-04-05,P093,PEN05,119,73.11,83.1,810.7,0.163,0.609,11,32.0,10,12,28,0,23.9,67.1,85.1,33.1,True,
2026-04-06,P093,PEN05,120,74.44,53.1,732.9,0.23,0.617,8,45.2,8,13,27,0,25.5,68.8,100.0,35.6,True,
2026-04-07,P093,PEN05,121,75.59,66.1,655.0,0.165,0.637,9,34.6,6,11,24,0,23.7,73.2,97.3,28.7,True,
2026-04-08,P093,PEN05,122,75.14,60.3,721.7,0.2,0.634,11,24.7,7,16,25,1,25.0,62.7,89.6,20.8,True,
2026-04-09,P093,PEN05,123,75.87,82.3,755.5,0.153,0.672,8,30.5,6,17,26,0,26.2,74.8,100.0,27.4,True,
2026-04-10,P093,PEN05,124,78.2,60.1,739.8,0.205,0.679,9,34.3,8,18,26,1,24.4,73.9,98.7,24.3,True,
2026-04-11,P093,PEN05,125,78.22,54.3,494.2,0.152,0.66,9,35.8,9,11,29,1,24.7,69.0,84.0,23.1,True,
2026-03-01,P094,PEN06,79,39.4,106.0,1284.0,0.202,0.476,15,64.3,8,28,33,0,23.4,70.4,100.0,71.2,True,
2026-03-02,P094,PEN06,80,40.69,134.0,1316.8,0.164,0.559,11,54.5,7,23,35,0,24.8,71.9,97.1,64.2,True,
2026-03-03,P094,PEN06,81,41.21,126.6,1270.6,0.167,0.528,13,45.3,7,19,29,0,24.8,68.6,82.6,58.6,True,
2026-03-04,P094,PEN06,82,41.01,119.7,1375.9,0.192,0.507,12,56.0,6,32,46,0,25.0,70.1,94.0,66.9,True,
2026-03-05,P094,PEN06,83,41.76,130.2,1224.0,0.157,0.521,14,63.9,8,25,39,0,25.4,67.3,87.0,71.2,True,
2026-03-06,P094,PEN06,84,42.86,118.4,1538.9,0.217,0.486,12,52.1,10,23,47,0,25.3,66.8,90.1,67.1,True,
2026-03-07,P094,PEN06,85,44.02,121.8,1298.9,0.178,0.58,12,55.9,8,20,41,0,25.9,67.0,98.3,61.6,True,
2026-03-08,P094,PEN06,86,44.22,128.7,1444.9,0.187,0.47,12,58.3,11,20,42,1,24.7,67.3,86.4,71.5,True,
2026-03-09,P094,PEN06,87,44.43,131.4,1411.9,0.179,0.548,13,54.0,9,26,42,1,26.2,65.4,88.0,63.8,True,
2026-03-10,P094,PEN06,88,45.94,140.3,1209.0,0.144,0.545,11,42.3,8,24,29,2,25.4,59.3,95.4,54.3,True,
2026-03-11,P094,PEN06,89,46.3,116.8,1381.8,0.197,0.533,12,51.2,7,24,49,0,25.4,71.0,92.8,61.6,True,
2026-03-12,P094,PEN06,90,47.17,112.9,1220.3,0.18,0.49,9,50.1,8,25,44,0,25.5,66.2,95.3,61.5,True,
2026-03-13,P094,PEN06,91,48.19,117.2,1245.8,0.177,0.46,13,54.8,9,24,43,1,24.9,59.0,100.0,66.0,True,
2026-03-14,P094,PEN06,92,49.39,138.3,1335.3,0.161,0.522,9,66.7,10,21,38,0,24.7,53.3,88.5,75.4,True,
2026-03-15,P094,PEN06,93,50.1,141.8,1363.5,0.16,0.542,12,52.3,7,23,40,0,23.4,55.6,94.1,65.6,True,
2026-03-16,P094,PEN06,94,49.84,117.5,1169.6,0.166,0.466,12,53.4,8,31,48,1,26.2,57.3,90.3,64.0,True,
2026-03-17,P094,PEN06,95,51.28,122.0,1220.9,0.167,0.476,12,50.5,8,33,38,0,23.7,53.5,87.5,64.1,True,
2026-03-18,P094,PEN06,96,51.77,143.5,1401.5,0.163,0.5,13,58.2,8,33,39,0,21.9,49.8,92.0,72.8,True,
2026-03-19,P094,PEN06,97,52.36,114.9,1361.7,0.198,0.447,11,56.2,8,22,48,0,21.2,59.2,92.5,70.0,True,
2026-03-20,P094,PEN06,98,53.29,113.2,1335.0,0.197,0.542,12,52.4,8,32,48,0,22.1,55.2,95.4,60.8,True,
2026-03-21,P094,PEN06,99,53.7,111.8,1655.6,0.247,0.521,14,52.6,8,27,43,0,23.2,55.9,92.1,65.3,True,
2026-03-22,P094,PEN06,100,54.49,130.7,1150.2,0.147,0.551,9,61.9,8,27,51,1,20.9,52.7,93.0,65.9,True,
2026-03-23,P094,PEN06,101,54.4,112.6,,0.217,0.477,12,64.7,8,21,48,0,20.8,59.0,95.9,74.3,True,
2026-03-24,P094,PEN06,102,55.52,95.4,1160.1,0.203,0.498,11,50.2,5,24,39,1,21.0,53.4,93.6,56.2,True,
2026-03-25,P094,PEN06,103,56.72,131.0,1436.5,0.183,0.559,12,53.3,11,26,39,1,20.0,54.7,89.4,62.7,True,
2026-03-26,P094,PEN06,104,57.1,127.6,1499.3,0.196,0.492,10,51.9,8,28,41,1,21.6,59.1,91.9,66.2,True,
2026-03-27,P094,PEN06,105,58.82,109.4,1264.7,0.193,0.473,11,53.1,6,28,45,0,20.1,58.6,90.8,64.4,True,
2026-03-28,P094,PEN06,106,58.94,125.0,978.1,0.13,0.508,13,59.5,7,29,45,1,19.9,54.0,97.9,64.6,True,
2026-03-29,P094,PEN06,107,58.65,134.8,1203.4,0.149,0.443,11,53.5,9,32,51,1,20.8,60.3,96.3,68.7,True,
2026-03-30,P094,PEN06,108,59.37,120.9,1122.9,0.155,0.523,15,53.6,7,32,41,0,20.6,61.8,98.2,61.9,True,
2026-03-31,P094,PEN06,109,61.12,126.7,1324.1,0.174,0.499,13,58.4,8,31,45,0,20.7,66.5,95.9,69.5,True,
2026-04-01,P094,PEN06,110,61.77,115.0,1408.8,0.204,0.504,14,55.4,8,31,41,1,22.1,64.4,90.3,64.8,True,
2026-04-02,P094,PEN06,111,62.71,133.7,1359.5,0.169,0.558,11,48.2,8,26,42,3,22.6,66.6,98.0,56.3,True,
2026-04-03,P094,PEN06,112,63.21,140.6,1248.3,0.148,0.483,14,64.3,6,27,45,0,22.7,69.1,93.9,75.9,True,
2026-04-04,P094,PEN06,113,64.74,124.4,1188.7,0.159,0.481,14,50.5,9,23,39,0,24.2,64.6,91.1,63.9,True,
2026-04-05,P094,PEN06,114,64.43,109.6,1408.0,0.214,0.504,11,59.1,8,28,37,0,23.5,67.5,99.9,67.7,True,
2026-04-06,P094,PEN06,115,65.3,114.3,1366.1,0.199,0.54,13,60.2,9,25,45,0,23.8,71.2,100.0,66.5,True,
2026-04-07,P094,PEN06,116,66.16,97.8,,0.236,0.508,11,59.7,8,24,40,1,24.4,74.4,93.7,64.4,True,
2026-04-08,P094,PEN06,117,66.87,123.3,1221.7,0.165,0.492,9,58.2,8,31,35,1,23.8,71.3,91.4,66.9,True,
2026-04-09,P094,PEN06,118,67.86,115.1,1181.6,0.171,0.499,12,57.0,9,30,44,0,25.7,77.5,100.0,65.4,True,
2026-04-10,P094,PEN06,119,68.72,113.0,1258.2,0.186,0.546,14,49.3,8,30,42,1,26.3,71.6,92.1,56.3,True,
2026-04-11,P094,PEN06,120,69.03,123.7,1315.5,0.177,0.494,13,57.3,7,28,38,2,25.8,64.7,93.6,65.8,True,
2026-03-01,P095,PEN07,91,44.72,96.3,1101.6,0.191,0.563,10,40.0,8,23,40,0,23.8,72.1,93.8,46.4,True,
2026-03-02,P095,PEN07,92,44.99,124.7,1065.0,0.142,0.526,14,38.3,8,21,35,0,23.2,71.6,100.0,51.8,True,
2026-03-03,P095,PEN07,93,44.8,103.8,1000.1,0.161,0.511,16,53.8,6,21,40,0,24.7,74.6,93.0,58.9,True,
2026-03-04,P095,PEN07,94,46.39,97.5,1052.6,0.18,0.576,10,44.2,9,19,34,1,24.7,70.2,90.1,46.5,True,
2026-03-05,P095,PEN07,95,46.96,95.4,984.9,0.172,0.527,11,53.8,9,16,37,0,23.3,73.3,97.7,56.4,True,
2026-03-06,P095,PEN07,96,48.51,92.9,1005.9,0.18,0.603,10,54.3,10,19,33,0,24.7,68.6,92.5,51.6,True,
2026-03-07,P095,PEN07,97,48.33,,1163.7,0.202,0.525,12,41.2,6,23,39,0,25.8,67.4,93.7,50.1,True,
2026-03-08,P095,PEN07,98,49.2,119.7,1059.0,0.147,0.578,11,53.5,6,21,35,0,25.7,69.7,89.7,57.5,True,
2026-03-09,P095,PEN07,99,49.4,99.2,890.5,0.15,0.566,11,45.0,10,27,34,2,26.5,63.8,100.0,45.0,True,
2026-03-10,P095,PEN07,100,50.34,95.2,1141.1,0.2,0.503,11,46.8,3,24,35,1,24.9,65.2,93.3,53.5,True,
2026-03-11,P095,PEN07,101,51.63,101.0,1154.1,0.19,0.557,10,34.3,7,24,36,0,24.8,62.7,92.9,44.3,True,
2026-03-12,P095,PEN07,102,52.36,126.6,1029.7,0.136,0.525,11,48.4,9,23,44,0,25.8,63.8,92.8,58.4,True,
2026-03-13,P095,PEN07,103,52.86,86.7,1138.5,0.219,0.574,9,48.4,9,17,27,1,24.9,59.0,90.2,48.5,True,
2026-03-14,P095,PEN07,104,53.72,98.5,1211.4,0.205,0.528,12,52.3,7,22,33,1,25.5,62.8,96.0,56.6,True,
2026-03-15,P095,PEN07,105,53.81,87.3,1090.9,0.208,0.499,10,45.8,9,20,44,2,25.5,56.5,92.8,49.9,True,
2026-03-16,P095,PEN07,106,54.76,103.0,1096.3,0.177,0.544,10,40.7,9,19,40,1,24.8,56.1,98.1,47.6,True,
2026-03-17,P095,PEN07,107,55.11,84.6,952.9,0.188,0.604,10,50.5,7,18,26,0,23.5,52.6,91.5,47.1,True,
2026-03-18,P095,PEN07,108,55.53,98.0,1126.8,0.192,0.58,11,47.7,7,25,23,1,22.3,57.2,93.1,49.4,True,
2026-03-19,P095,PEN07,109,56.47,94.7,1181.3,0.208,0.605,12,41.5,9,23,31,1,20.6,56.4,100.0,43.7,True,
2026-03-20,P095,PEN07,110,57.13,105.7,1130.9,0.178,0.583,10,48.4,8,27,30,0,22.0,58.2,90.6,52.3,True,
2026-03-21,P095,PEN07,111,58.36,112.1,1127.8,0.168,0.604,13,50.3,11,22,49,0,21.4,52.2,87.6,53.2,True,
2026-03-22,P095,PEN07,112,58.69,107.3,1136.0,0.176,0.586,12,40.4,7,23,39,0,21.6,55.2,95.3,47.2,True,
2026-03-23,P095,PEN07,113,59.56,101.8,1194.9,0.196,0.571,11,44.7,10,20,41,2,21.4,60.7,100.0,47.9,True,
2026-03-24,P095,PEN07,114,60.34,92.4,1028.6,0.185,0.567,13,45.5,5,17,29,2,21.0,58.6,98.9,45.5,True,
2026-03-25,P095,PEN07,115,60.46,96.4,759.4,0.131,0.572,12,50.9,7,18,33,0,20.5,58.4,89.5,49.4,True,
2026-03-26,P095,PEN07,116,61.65,82.1,1007.4,0.205,0.626,10,44.4,9,19,32,3,20.3,53.9,98.2,37.6,True,
2026-03-27,P095,PEN07,117,61.35,87.3,569.5,0.109,0.62,10,44.2,8,14,37,1,18.6,53.3,87.1,37.2,True,
2026-03-28,P095,PEN07,118,63.13,86.5,772.6,0.149,0.635,9,44.2,7,20,25,3,19.8,57.9,99.2,35.3,True,
2026-03-29,P095,PEN07,119,62.43,71.9,871.6,0.202,0.657,7,32.4,8,14,38,2,21.5,60.4,100.0,26.2,True,
2026-03-30,P095,PEN07,120,64.23,79.1,607.3,0.128,0.677,9,40.5,8,17,21,3,19.4,66.2,91.9,27.3,True,
2026-03-31,P095,PEN07,121,64.6,58.0,868.3,0.249,0.709,10,36.7,8,18,16,5,22.1,59.4,100.0,19.2,True,
2026-04-01,P095,PEN07,122,66.15,89.3,986.6,0.184,0.712,5,41.5,9,11,21,8,20.8,64.7,84.5,24.2,True,
2026-04-02,P095,PEN07,123,66.46,78.6,1029.8,0.218,0.691,7,37.1,7,11,34,3,22.0,69.4,92.7,28.4,True,
2026-04-03,P095,PEN07,124,66.47,82.8,597.7,0.12,0.664,7,36.6,7,21,33,5,22.3,68.3,97.7,23.4,True,
2026-04-04,P095,PEN07,125,67.69,95.2,867.5,0.152,0.527,9,50.7,7,20,36,2,23.6,72.0,99.5,50.3,True,
2026-04-05,P095,PEN07,126,68.35,94.5,783.9,0.138,0.511,10,39.3,9,13,38,1,22.7,71.5,89.4,44.4,True,
2026-04-06,P095,PEN07,127,69.81,89.1,1047.6,0.196,0.648,12,45.4,9,29,41,1,23.9,66.5,99.8,41.2,True,
2026-04-07,P095,PEN07,128,70.55,106.3,960.4,0.151,0.647,12,42.9,9,17,35,1,23.6,68.6,97.5,41.5,True,
2026-04-08,P095,PEN07,129,70.52,87.6,972.6,0.185,0.601,10,44.7,7,11,38,1,25.6,71.9,88.3,42.8,True,
2026-04-09,P095,PEN07,130,71.66,101.0,904.1,0.149,0.548,9,43.7,7,20,29,1,26.4,70.7,96.1,47.1,True,
2026-04-10,P095,PEN07,131,72.33,96.0,1004.4,0.174,0.637,10,40.2,8,19,29,1,25.6,75.2,97.1,39.3,True,
2026-04-11,P095,PEN07,132,73.99,85.5,907.1,0.177,0.609,6,45.9,8,14,37,1,25.1,67.6,93.1,42.1,True,
2026-03-01,P096,PEN08,82,41.06,160.0,1647.2,0.172,0.416,14,69.3,8,36,55,0,25.5,67.1,85.6,90.6,True,
2026-03-02,P096,PEN08,83,41.68,150.2,1695.1,0.188,0.398,17,75.6,9,38,41,0,24.9,72.3,86.0,94.7,True,
2026-03-03,P096,PEN08,84,42.13,158.9,1800.0,0.189,0.495,13,65.6,8,32,56,0,26.0,69.1,97.2,84.3,True,
2026-03-04,P096,PEN08,85,43.54,160.0,1670.3,0.174,0.504,16,65.2,9,39,52,0,25.9,75.5,98.4,82.4,True,
2026-03-05,P096,PEN08,86,44.07,160.0,1453.3,0.151,0.448,16,67.0,7,34,55,0,25.3,64.5,81.4,85.0,True,
2026-03-06,P096,PEN08,87,44.26,,1696.0,0.186,0.39,15,73.8,8,30,46,0,26.0,66.1,89.4,94.4,True,
2026-03-07,P096,PEN08,88,44.83,160.0,1689.9,0.176,0.436,17,68.6,9,38,47,1,26.7,65.3,90.4,87.8,True,
2026-03-08,P096,PEN08,89,46.32,160.0,1733.0,0.181,0.462,14,70.4,6,40,52,1,27.1,63.1,93.9,87.7,True,
2026-03-09,P096,PEN08,90,46.51,160.0,1800.0,0.188,0.435,15,63.1,6,32,44,1,27.0,63.4,95.5,85.5,True,
2026-03-10,P096,PEN08,91,47.38,160.0,1544.6,0.161,0.43,14,69.1,10,34,56,0,28.4,65.5,100.0,88.5,True,
2026-03-11,P096,PEN08,92,47.43,152.1,1484.9,0.163,0.518,11,62.1,6,29,59,0,26.1,65.0,88.9,76.4,True,
2026-03-12,P096,PEN08,93,48.15,151.6,1328.5,0.146,0.441,13,71.1,8,32,58,1,25.3,58.6,90.6,84.2,True,
2026-03-13,P096,PEN08,94,49.54,160.0,1800.0,0.188,0.431,15,61.8,6,30,54,0,26.4,63.1,93.9,86.2,True,
2026-03-14,P096,PEN08,95,50.39,159.7,1792.0,0.187,0.494,15,56.5,9,39,49,2,26.5,62.2,90.5,75.8,True,
2026-03-15,P096,PEN08,96,51.07,152.5,1725.2,0.189,0.462,12,64.7,8,31,44,0,26.7,55.3,96.1,84.2,True,
2026-03-16,P096,PEN08,97,51.96,,1800.0,0.19,0.389,14,73.7,8,31,52,0,24.6,54.0,96.9,96.3,True,
2026-03-17,P096,PEN08,98,52.77,149.6,1563.9,0.174,0.437,14,71.8,8,27,50,0,25.5,57.0,85.0,88.4,True,
2026-03-18,P096,PEN08,99,52.44,154.1,1659.1,0.179,0.466,13,66.8,6,38,52,0,24.6,54.9,95.4,84.9,True,
2026-03-19,P096,PEN08,100,54.41,160.0,1700.7,0.177,0.468,14,61.9,8,28,49,0,23.4,63.4,90.1,82.9,True,
2026-03-20,P096,PEN08,101,55.24,144.2,1753.1,0.203,0.403,14,66.2,7,39,57,0,24.4,56.5,92.5,87.9,True,
2026-03-21,P096,PEN08,102,55.91,150.0,1670.2,0.186,0.468,13,74.2,7,35,47,1,21.2,52.1,98.2,87.6,True,
2026-03-22,P096,PEN08,103,56.03,160.0,1703.9,0.177,0.455,13,66.8,9,28,52,1,22.4,56.5,93.3,85.6,True,
2026-03-23,P096,PEN08,104,57.01,160.0,1557.8,0.162,0.427,16,71.0,7,37,46,0,22.9,53.9,85.0,90.1,True,
2026-03-24,P096,PEN08,105,57.1,160.0,1799.9,0.187,0.381,16,64.3,9,33,43,0,21.4,57.2,91.2,91.1,True,
2026-03-25,P096,PEN08,106,58.45,160.0,1628.6,0.17,0.506,12,71.4,8,27,52,1,20.9,58.9,92.7,84.5,True,
2026-03-26,P096,PEN08,107,60.26,150.0,1610.0,0.179,0.437,18,59.9,10,25,55,0,21.7,57.1,95.8,81.1,True,
2026-03-27,P096,PEN08,108,60.16,157.0,1584.5,0.168,0.463,16,75.1,8,36,55,0,21.5,58.8,95.5,90.2,True,
2026-03-28,P096,PEN08,109,60.34,160.0,1589.4,0.166,0.434,14,61.5,8,37,52,1,22.3,62.5,92.6,82.4,True,
2026-03-29,P096,PEN08,110,61.58,160.0,1736.4,0.181,0.404,13,66.0,6,30,45,1,22.3,60.1,94.2,88.7,True,
2026-03-30,P096,PEN08,111,61.78,160.0,,0.18,0.47,14,66.7,8,34,52,0,21.2,64.4,95.3,86.2,True,
2026-03-31,P096,PEN08,112,62.27,160.0,1800.0,0.188,0.522,17,69.3,5,35,51,0,23.4,65.1,95.5,85.2,True,
2026-04-01,P096,PEN08,113,63.26,160.0,1718.2,0.179,0.475,12,75.4,9,34,48,0,23.7,66.3,90.1,91.4,True,
2026-04-02,P096,PEN08,114,63.58,160.0,1438.4,0.15,0.466,13,78.4,7,28,50,0,23.2,67.4,91.5,91.2,True,
2026-04-03,P096,PEN08,115,65.14,157.9,1645.8,0.174,0.362,17,67.2,8,32,54,0,23.5,69.4,96.2,92.3,True,
2026-04-04,P096,PEN08,116,65.98,156.0,1597.8,0.171,0.478,14,66.6,8,34,49,1,25.3,73.5,87.4,82.2,True,
2026-04-05,P096,PEN08,117,66.45,156.4,1800.0,0.192,0.45,16,72.2,7,31,59,2,24.4,70.8,91.6,88.4,True,
2026-04-06,P096,PEN08,118,66.28,152.3,1681.7,0.184,0.439,14,69.8,9,36,57,1,27.2,64.1,93.1,87.1,True,
2026-04-07,P096,PEN08,119,67.56,160.0,1674.5,0.174,0.493,15,62.0,8,36,53,0,27.1,71.5,91.3,81.1,True,
2026-04-08,P096,PEN08,120,68.0,145.8,1787.4,0.204,0.47,13,66.8,8,37,51,1,27.1,71.2,98.3,83.2,True,
2026-04-09,P096,PEN08,121,68.9,142.0,1555.9,0.183,0.464,16,63.7,8,44,49,0,28.4,71.8,97.0,80.0,True,
2026-04-10,P096,PEN08,122,69.13,149.0,1568.7,0.175,0.43,14,65.8,12,30,49,0,27.4,66.9,95.8,84.9,True,
2026-04-11,P096,PEN08,123,69.95,147.5,1608.5,0.182,0.54,14,55.4,9,31,52,0,27.1,71.5,100.0,71.1,True,
2026-03-01,P097,PEN01,82,40.55,160.0,1708.2,0.178,0.412,15,83.2,8,41,54,0,24.7,72.1,82.3,100.0,True,
2026-03-02,P097,PEN01,83,42.09,160.0,1800.0,0.188,0.455,14,73.2,8,40,59,0,24.1,68.2,90.0,92.1,True,
2026-03-03,P097,PEN01,84,42.12,160.0,1800.0,0.188,0.386,15,77.4,8,40,61,2,25.7,71.3,96.1,96.5,True,
2026-03-04,P097,PEN01,85,41.91,,1795.5,0.187,0.42,14,68.2,6,40,65,1,23.4,70.1,94.5,89.7,True,
2026-03-05,P097,PEN01,86,43.96,160.0,1800.0,0.188,0.465,15,73.3,6,35,53,0,26.0,72.6,98.0,91.5,True,
2026-03-06,P097,PEN01,87,43.78,160.0,1731.4,0.18,0.391,14,78.9,8,32,54,0,26.5,68.1,88.6,99.2,True,
2026-03-07,P097,PEN01,88,45.34,160.0,1800.0,0.188,0.438,14,83.0,7,30,58,0,25.5,64.2,95.8,99.6,True,
2026-03-08,P097,PEN01,89,45.9,160.0,1644.3,0.171,0.36,13,74.1,9,42,55,2,27.0,64.9,96.1,94.5,True,
2026-03-09,P097,PEN01,90,46.91,160.0,1587.3,0.165,0.334,15,75.6,10,40,63,0,26.4,63.7,93.7,99.4,True,
2026-03-10,P097,PEN01,91,47.48,160.0,1800.0,0.188,0.449,17,74.7,9,35,64,1,27.0,59.6,100.0,92.0,True,
2026-03-11,P097,PEN01,92,48.08,160.0,1732.0,0.18,0.463,14,75.2,8,39,61,1,26.0,61.9,99.1,90.8,True,
2026-03-12,P097,PEN01,93,49.05,160.0,1683.2,0.175,0.429,13,73.3,7,43,57,0,26.6,61.8,89.1,92.7,True,
2026-03-13,P097,PEN01,94,48.63,160.0,1540.0,0.16,0.39,15,66.4,8,38,57,1,25.3,56.3,91.4,87.9,True,
2026-03-14,P097,PEN01,95,49.94,160.0,1797.5,0.187,0.457,14,72.7,9,32,57,0,24.9,62.9,94.9,91.6,True,
2026-03-15,P097,PEN01,96,49.99,160.0,1556.9,0.162,0.487,15,76.2,7,45,54,0,25.5,56.5,97.2,89.5,True,
2026-03-16,P097,PEN01,97,50.74,142.8,1404.9,0.164,0.537,17,72.1,5,32,49,1,24.8,58.0,96.3,78.0,True,
2026-03-17,P097,PEN01,98,52.34,144.6,1245.6,0.144,0.526,16,65.8,6,27,44,1,24.0,47.5,90.1,73.3,True,
2026-03-18,P097,PEN01,99,52.93,121.9,1255.2,0.172,0.563,13,62.7,7,31,54,0,23.5,60.3,94.1,66.7,True,
2026-03-19,P097,PEN01,100,52.5,123.7,1504.1,0.203,0.59,12,57.2,7,32,47,1,22.6,59.0,89.9,62.8,True,
2026-03-20,P097,PEN01,101,54.1,148.2,1636.6,0.184,0.551,11,73.5,6,33,51,2,22.6,57.5,93.3,79.7,True,
2026-03-21,P097,PEN01,102,55.06,144.3,1481.1,0.171,0.608,14,60.6,7,37,48,0,23.8,57.0,88.1,68.3,True,
2026-03-22,P097,PEN01,103,55.35,130.7,1300.7,0.166,0.582,10,62.5,10,31,48,2,23.1,51.0,100.0,64.4,True,
2026-03-23,P097,PEN01,104,56.2,139.3,1379.1,0.165,0.525,13,68.3,7,32,42,0,21.7,61.0,97.8,76.9,True,
2026-03-24,P097,PEN01,105,56.9,160.0,1616.8,0.168,,14,73.1,7,39,60,0,21.2,58.1,91.3,88.7,True,
2026-03-25,P097,PEN01,106,57.61,160.0,1634.3,0.17,0.463,15,73.0,8,35,51,0,20.9,56.8,95.6,89.8,True,
2026-03-26,P097,PEN01,107,58.4,160.0,1525.5,0.159,0.482,14,76.5,7,36,56,0,19.7,54.6,94.4,89.7,True,
2026-03-27,P097,PEN01,108,59.13,160.0,1800.0,0.188,0.41,15,70.6,5,37,52,1,19.9,60.2,94.1,92.0,True,
2026-03-28,P097,PEN01,109,60.92,160.0,1800.0,0.188,0.47,13,67.3,5,42,55,2,20.1,58.9,100.0,84.5,True,
2026-03-29,P097,PEN01,110,60.95,159.7,1800.0,0.188,0.407,15,75.8,7,33,52,0,20.5,61.3,95.8,96.9,True,
2026-03-30,P097,PEN01,111,61.69,160.0,1543.2,0.161,0.479,11,65.6,7,38,53,0,21.9,66.7,96.5,83.0,True,
2026-03-31,P097,PEN01,112,62.18,160.0,1751.4,0.182,0.462,17,76.1,8,42,56,1,21.3,65.9,97.8,91.7,True,
2026-04-01,P097,PEN01,113,64.45,160.0,1738.1,0.181,0.49,16,85.0,9,36,52,0,22.4,62.6,89.4,96.9,True,
2026-04-02,P097,PEN01,114,62.9,160.0,1800.0,0.188,0.489,16,72.2,8,35,53,2,23.3,64.5,91.9,86.5,True,
2026-04-03,P097,PEN01,115,64.31,160.0,1602.2,0.167,0.471,14,60.0,7,30,54,2,22.6,69.4,100.0,77.7,True,
2026-04-04,P097,PEN01,116,66.01,160.0,1780.4,0.185,0.466,15,71.2,7,37,53,0,24.1,66.8,98.0,89.9,True,
2026-04-05,P097,PEN01,117,65.84,160.0,1699.2,0.177,0.427,15,72.7,6,34,51,0,24.1,71.8,92.7,92.6,True,
2026-04-06,P097,PEN01,118,66.06,154.0,1800.0,0.195,0.409,16,65.6,7,30,56,0,24.9,73.1,93.2,89.2,True,
2026-04-07,P097,PEN01,119,66.48,160.0,1640.9,0.171,0.354,14,76.3,7,29,49,1,26.0,70.4,91.3,97.7,True,
2026-04-08,P097,PEN01,120,67.97,160.0,1518.3,0.158,0.36,13,66.2,10,39,57,0,24.8,73.3,92.2,90.9,True,
2026-04-09,P097,PEN01,121,69.5,160.0,1800.0,0.188,0.419,14,76.0,7,26,59,0,26.7,72.5,95.0,96.2,True,
2026-04-10,P097,PEN01,122,69.92,160.0,1660.2,0.173,0.458,14,78.6,6,37,55,0,27.3,72.0,95.9,94.0,True,
2026-04-11,P097,PEN01,123,70.28,160.0,1800.0,0.188,0.438,15,67.3,8,36,52,1,26.1,67.4,100.0,88.0,True,
2026-03-01,P098,PEN02,78,48.62,63.3,691.2,0.182,0.598,13,30.5,8,17,25,0,24.1,69.1,90.1,28.5,True,
2026-03-02,P098,PEN02,79,48.5,72.9,790.0,0.181,0.665,8,36.0,10,14,30,2,23.2,69.8,93.1,27.5,True,
2026-03-03,P098,PEN02,80,49.52,67.0,922.9,0.229,0.598,9,25.8,8,19,21,0,24.2,77.2,94.1,28.3,True,
2026-03-04,P098,PEN02,81,49.43,80.7,671.2,0.139,0.669,9,39.9,10,6,21,1,24.1,70.3,93.7,31.1,True,
2026-03-05,P098,PEN02,82,50.51,84.6,772.1,0.152,0.631,10,37.0,8,13,31,2,24.6,71.4,87.2,32.0,True,
2026-03-06,P098,PEN02,83,50.69,87.7,829.1,0.158,0.624,8,40.5,10,18,24,0,24.9,71.4,92.6,38.6,True,
2026-03-07,P098,PEN02,84,51.16,80.4,694.0,0.144,0.699,10,35.6,7,12,29,1,25.2,64.8,89.5,26.6,True,
2026-03-08,P098,PEN02,85,52.86,64.5,853.4,0.221,0.675,10,28.1,10,10,26,1,26.2,62.9,93.1,22.4,True,
2026-03-09,P098,PEN02,86,53.48,66.8,825.3,0.206,0.613,11,38.2,5,17,29,1,25.6,68.5,92.8,33.0,True,
2026-03-10,P098,PEN02,87,54.21,57.7,842.9,0.243,0.645,10,26.1,7,14,30,1,24.0,68.9,99.1,21.8,True,
2026-03-11,P098,PEN02,88,55.64,83.4,674.5,0.135,0.637,9,38.4,8,10,28,1,24.9,64.4,89.1,32.8,True,
2026-03-12,P098,PEN02,89,56.09,85.3,938.5,0.183,0.611,9,29.2,8,18,31,0,24.6,64.1,92.9,32.8,True,
2026-03-13,P098,PEN02,90,57.01,59.0,723.2,0.204,0.65,8,31.4,9,19,25,0,25.6,59.5,92.6,25.3,True,
2026-03-14,P098,PEN02,91,57.23,64.9,819.8,0.211,0.6,7,26.0,9,15,34,2,24.6,56.5,95.7,24.2,True,
2026-03-15,P098,PEN02,92,57.4,74.3,575.5,0.129,0.624,11,41.5,9,7,32,2,25.3,59.1,91.2,31.8,True,
2026-03-16,P098,PEN02,93,58.02,65.9,910.8,0.23,0.644,8,35.7,9,14,26,1,24.0,50.8,100.0,30.1,True,
2026-03-17,P098,PEN02,94,59.29,67.1,568.4,0.141,0.708,9,39.1,8,11,32,0,24.2,60.4,95.7,26.4,True,
2026-03-18,P098,PEN02,95,59.73,78.4,832.4,0.177,0.644,8,35.9,7,12,31,0,23.5,54.2,100.0,32.8,True,
2026-03-19,P098,PEN02,96,61.4,62.5,929.8,0.248,0.666,9,34.2,6,15,26,1,23.1,53.6,93.2,27.3,True,
2026-03-20,P098,PEN02,97,61.93,60.7,983.5,0.27,0.585,11,40.2,8,16,31,0,20.9,55.1,100.0,38.2,True,
2026-03-21,P098,PEN02,98,62.51,65.4,821.3,0.209,0.605,10,34.2,8,12,33,0,21.6,52.3,89.5,32.1,True,
2026-03-22,P098,PEN02,99,63.27,66.3,866.1,0.218,0.655,7,37.6,8,20,24,0,21.2,49.8,95.0,31.6,True,
2026-03-23,P098,PEN02,100,63.86,71.3,748.8,0.175,0.689,10,38.8,8,8,27,0,20.4,54.5,95.7,29.8,True,
2026-03-24,P098,PEN02,101,64.31,74.6,688.2,0.154,0.65,8,32.7,7,26,29,0,21.2,57.0,88.1,28.4,True,
2026-03-25,P098,PEN02,102,65.06,56.3,815.5,0.241,0.567,9,30.4,10,17,29,1,19.5,50.8,94.7,29.2,True,
2026-03-26,P098,PEN02,103,65.43,66.5,833.8,0.209,0.657,12,39.6,9,18,20,0,20.3,57.8,84.8,32.5,True,
2026-03-27,P098,PEN02,104,65.61,74.3,864.5,0.194,0.644,8,35.6,7,12,29,2,19.3,60.5,86.8,29.5,True,
2026-03-28,P098,PEN02,105,67.02,80.3,808.5,0.168,0.594,10,44.0,7,17,17,0,19.6,61.4,85.5,41.4,True,
2026-03-29,P098,PEN02,106,68.2,62.6,631.0,0.168,0.618,12,32.9,6,8,30,1,20.5,56.4,89.3,26.7,True,
2026-03-30,P098,PEN02,107,68.32,71.1,624.1,0.146,0.619,9,39.5,6,11,28,0,20.7,62.2,93.5,33.6,True,
2026-03-31,P098,PEN02,108,69.48,59.3,688.6,0.194,0.578,10,30.5,10,15,22,0,21.0,64.3,100.0,29.1,True,
2026-04-01,P098,PEN02,109,70.18,69.8,726.3,0.173,0.63,11,35.0,8,14,29,1,20.8,61.6,89.1,29.3,True,
2026-04-02,P098,PEN02,110,70.45,84.0,958.2,0.19,0.571,10,37.5,9,14,32,0,20.8,67.6,93.3,40.8,True,
2026-04-03,P098,PEN02,111,72.92,64.3,1038.4,0.269,0.592,7,37.0,8,13,28,1,23.3,71.6,100.0,35.3,True,
2026-04-04,P098,PEN02,112,72.88,78.1,887.8,0.19,0.603,10,43.9,8,11,24,2,22.7,68.5,99.1,38.4,True,
2026-04-05,P098,PEN02,113,72.97,74.7,951.6,0.212,0.63,9,26.8,7,24,23,1,23.1,67.6,92.4,27.0,True,
2026-04-06,P098,PEN02,114,73.74,57.3,646.0,0.188,0.623,9,42.9,9,10,39,0,24.3,76.3,93.5,33.5,True,
2026-04-07,P098,PEN02,115,73.78,81.7,491.6,0.1,0.611,11,42.9,8,11,31,1,23.2,69.5,92.1,35.2,True,
2026-04-08,P098,PEN02,116,74.24,84.7,941.9,0.185,0.578,11,44.4,8,15,34,0,24.2,73.1,89.4,44.8,True,
2026-04-09,P098,PEN02,117,75.73,75.8,950.0,0.209,0.673,10,30.5,8,13,31,1,24.2,71.3,99.0,26.8,True,
2026-04-10,P098,PEN02,118,76.12,76.6,844.5,0.184,0.621,9,39.1,8,15,29,0,25.8,67.5,92.4,36.3,True,
2026-04-11,P098,PEN02,119,77.21,76.2,745.3,0.163,0.696,9,36.2,8,11,31,1,25.9,66.8,94.0,27.0,True,
2026-03-01,P099,PEN03,85,46.95,99.9,1093.6,0.182,0.538,8,34.3,8,28,37,2,22.6,72.0,96.5,42.0,True,
2026-03-02,P099,PEN03,86,47.52,95.1,1235.5,0.217,0.531,10,52.2,9,24,27,0,21.8,71.4,86.1,57.5,True,
2026-03-03,P099,PEN03,87,47.63,96.5,1093.7,0.189,0.555,12,59.1,10,22,39,2,24.5,69.8,95.4,56.5,True,
2026-03-04,P099,PEN03,88,48.75,98.6,1103.2,0.187,0.547,10,49.0,9,23,48,1,24.0,66.5,96.3,52.2,True,
2026-03-05,P099,PEN03,89,49.68,86.4,1059.1,0.204,0.588,9,45.7,10,13,43,0,24.0,69.3,98.6,46.4,True,
2026-03-06,P099,PEN03,90,49.91,90.4,956.9,0.176,0.568,13,44.7,8,26,37,1,24.6,62.6,94.2,45.2,True,
2026-03-07,P099,PEN03,91,51.75,115.2,973.4,0.141,0.539,13,54.1,5,19,39,1,26.1,67.5,88.0,57.4,True,
2026-03-08,P099,PEN03,92,51.85,100.9,1033.7,0.171,0.546,10,48.4,7,22,32,0,25.9,65.1,87.8,52.9,True,
2026-03-09,P099,PEN03,93,52.22,96.2,928.6,0.161,0.553,11,43.9,11,16,39,0,29.3,67.7,96.5,47.8,True,
2026-03-10,P099,PEN03,94,53.23,91.0,1074.5,0.197,0.604,11,54.3,11,19,27,0,29.9,70.8,94.1,51.8,True,
2026-03-11,P099,PEN03,95,54.17,101.7,1135.0,0.186,0.623,14,56.0,11,22,38,1,30.6,67.5,93.5,52.6,True,
2026-03-12,P099,PEN03,96,54.27,76.6,865.8,0.188,0.601,11,47.9,9,21,41,1,29.0,70.4,92.3,42.1,True,
2026-03-13,P099,PEN03,97,54.85,101.6,1113.7,0.183,0.527,10,47.9,9,25,42,2,26.0,61.9,90.3,52.0,True,
2026-03-14,P099,PEN03,98,55.04,102.2,1216.1,0.198,0.586,9,45.3,9,20,26,1,25.5,50.0,100.0,49.0,True,
2026-03-15,P099,PEN03,99,56.34,102.3,926.0,0.151,0.543,11,51.4,7,25,28,0,24.5,56.4,83.8,54.3,True,
2026-03-16,P099,PEN03,100,56.79,115.9,1010.9,0.145,0.551,11,54.0,6,18,37,0,23.9,53.7,86.6,58.4,True,
2026-03-17,P099,PEN03,101,58.23,101.7,1010.8,0.166,0.543,14,49.2,9,30,43,1,23.6,54.2,91.2,52.2,True,
2026-03-18,P099,PEN03,102,59.17,98.8,1153.1,0.195,0.571,9,47.2,7,26,47,1,22.2,52.8,90.7,50.0,True,
2026-03-19,P099,PEN03,103,59.69,99.8,1008.2,0.168,0.541,10,53.2,7,17,29,0,21.6,54.3,90.9,56.0,True,
2026-03-20,P099,PEN03,104,60.26,91.3,856.6,0.156,0.58,10,33.0,8,20,39,0,22.6,56.1,94.4,37.5,True,
2026-03-21,P099,PEN03,105,60.82,,1075.0,0.197,0.541,10,42.4,7,20,32,0,21.0,52.9,81.7,48.2,True,
2026-03-22,P099,PEN03,106,61.51,97.7,1119.9,0.191,0.553,13,48.7,8,17,34,2,20.3,55.5,88.7,50.3,True,
2026-03-23,P099,PEN03,107,62.4,100.5,1062.9,0.176,0.547,10,48.6,7,22,28,0,21.4,55.8,92.9,53.3,True,
2026-03-24,P099,PEN03,108,62.29,113.5,1027.8,0.151,0.578,11,48.4,8,24,37,2,20.4,61.8,95.3,50.0,True,
2026-03-25,P099,PEN03,109,63.94,86.6,922.3,0.177,0.563,10,51.6,6,25,46,1,20.6,55.7,91.3,49.2,True,
2026-03-26,P099,PEN03,110,64.4,98.9,920.6,0.155,0.544,8,48.0,8,26,40,0,20.4,56.4,86.6,51.4,True,
2026-03-27,P099,PEN03,111,65.08,97.3,,0.182,0.596,11,50.3,8,15,38,0,20.6,56.8,94.2,50.6,True,
2026-03-28,P099,PEN03,112,66.19,107.3,1206.5,0.187,0.611,10,53.3,8,20,35,0,20.8,56.0,97.6,54.7,True,
2026-03-29,P099,PEN03,113,66.86,115.3,1256.3,0.182,0.543,8,50.3,9,23,33,0,20.4,57.4,95.9,58.9,True,
2026-03-30,P099,PEN03,114,67.76,127.3,959.1,0.126,0.558,13,44.0,8,30,26,0,21.0,70.4,99.7,52.7,True,
2026-03-31,P099,PEN03,115,68.14,113.8,1178.1,0.173,0.51,11,44.1,8,22,36,0,21.4,63.0,93.7,56.0,True,
2026-04-01,P099,PEN03,116,68.73,101.1,952.5,0.157,0.52,10,51.1,8,25,44,0,22.0,66.1,100.0,55.6,True,
2026-04-02,P099,PEN03,117,69.94,105.8,1093.4,0.172,0.55,12,50.5,8,19,32,0,21.6,66.5,96.0,55.5,True,
2026-04-03,P099,PEN03,118,70.42,95.9,998.3,0.173,0.569,12,58.4,9,18,34,0,22.5,73.5,100.0,56.8,True,
2026-04-04,P099,PEN03,119,71.52,98.8,1308.5,0.221,0.577,10,58.9,10,22,29,2,23.3,67.4,92.8,57.3,True,
2026-04-05,P099,PEN03,120,71.96,108.7,1053.9,0.162,0.552,13,48.6,8,16,32,0,22.2,70.7,89.6,54.2,True,
2026-04-06,P099,PEN03,121,72.8,104.4,1039.1,0.166,0.584,10,43.5,9,23,38,1,23.0,68.8,92.1,46.6,True,
2026-04-07,P099,PEN03,122,72.59,110.2,938.3,0.142,0.554,11,44.7,7,12,43,0,23.4,67.1,100.0,50.6,True,
2026-04-08,P099,PEN03,123,73.88,105.9,968.2,0.152,0.557,10,57.7,9,18,42,0,25.9,74.8,100.0,58.4,True,
2026-04-09,P099,PEN03,124,74.81,107.8,882.9,0.137,0.489,11,52.1,6,22,47,0,25.5,69.9,90.2,58.7,True,
2026-04-10,P099,PEN03,125,75.4,101.9,952.9,0.156,0.602,13,46.2,10,17,32,1,25.2,69.5,85.5,45.9,True,
2026-04-11,P099,PEN03,126,76.15,102.1,1004.4,0.164,0.56,14,53.0,6,20,38,1,24.2,67.1,97.0,53.5,True,
2026-03-01,P100,PEN04,81,38.07,133.1,1472.9,0.185,0.541,15,63.0,8,27,43,2,24.8,70.9,87.7,69.5,True,
2026-03-02,P100,PEN04,82,38.29,135.6,1116.3,0.137,0.53,12,54.8,8,26,36,0,24.1,73.6,87.3,64.5,True,
2026-03-03,P100,PEN04,83,39.3,123.3,1362.5,0.184,0.517,11,57.1,8,30,45,0,26.0,75.2,94.8,67.4,True,
2026-03-04,P100,PEN04,84,39.56,126.7,1178.5,0.155,0.51,12,52.3,6,32,46,2,27.4,67.9,100.0,60.7,True,
2026-03-05,P100,PEN04,85,40.2,132.1,1255.1,0.158,0.475,11,54.5,10,25,47,0,25.9,66.2,96.6,68.7,True,
2026-03-06,P100,PEN04,86,40.95,135.8,1265.9,0.155,0.556,15,57.4,8,23,44,0,26.5,62.3,100.0,66.1,True,
2026-03-07,P100,PEN04,87,41.49,125.4,1401.3,0.186,0.464,14,55.3,7,29,42,0,26.1,67.5,96.8,70.3,True,
2026-03-08,P100,PEN04,88,42.22,136.5,1498.1,0.183,0.47,14,63.1,11,25,54,1,27.4,66.9,95.3,76.4,True,
2026-03-09,P100,PEN04,89,43.78,111.5,1374.1,0.205,0.566,12,65.5,9,27,57,2,32.3,68.0,90.6,65.0,True,
2026-03-10,P100,PEN04,90,43.15,123.6,1144.2,0.154,0.546,12,61.2,11,23,47,1,33.1,67.7,100.0,64.7,True,
2026-03-11,P100,PEN04,91,44.53,122.5,1217.8,0.166,0.572,12,54.6,10,24,50,0,31.7,60.3,94.4,60.7,True,
2026-03-12,P100,PEN04,92,45.24,118.3,1447.1,0.204,0.528,14,59.0,11,24,45,0,31.0,68.3,92.2,67.9,True,
2026-03-13,P100,PEN04,93,46.96,117.8,1420.5,0.201,0.438,16,57.3,6,30,37,0,26.2,56.9,92.5,72.3,True,
2026-03-14,P100,PEN04,94,45.96,137.2,1514.1,0.184,0.459,14,48.6,5,31,38,2,26.5,61.1,85.5,66.5,True,
2026-03-15,P100,PEN04,95,47.82,123.1,1317.1,0.178,0.443,15,61.9,9,26,45,1,25.8,52.2,100.0,73.4,True,
2026-03-16,P100,PEN04,96,48.59,144.1,1474.9,0.171,0.522,12,50.2,7,21,46,0,24.9,53.2,85.9,67.0,True,
2026-03-17,P100,PEN04,97,48.08,130.2,1390.2,0.178,0.441,12,53.5,7,31,40,0,25.6,58.5,83.9,71.4,True,
2026-03-18,P100,PEN04,98,48.8,123.2,1144.0,0.155,0.569,11,55.2,9,25,39,0,24.2,58.3,96.4,60.5,True,
2026-03-19,P100,PEN04,99,50.21,111.3,1127.1,0.169,0.562,13,46.0,8,32,45,1,24.6,52.4,95.3,51.5,True,
2026-03-20,P100,PEN04,100,50.43,112.9,1145.8,0.169,0.572,10,51.5,9,19,34,3,23.2,52.5,89.7,52.1,True,
2026-03-21,P100,PEN04,101,51.08,100.3,1059.4,0.176,0.648,9,37.6,11,17,39,1,22.0,56.7,77.3,38.0,True,
2026-03-22,P100,PEN04,102,51.82,107.5,1204.9,0.187,0.652,9,45.6,9,20,42,1,21.6,57.8,87.2,45.6,True,
2026-03-23,P100,PEN04,103,52.44,101.2,1077.9,0.178,0.585,10,42.7,7,19,37,1,21.2,52.2,83.8,45.8,True,
2026-03-24,P100,PEN04,104,53.75,120.4,1077.5,0.149,0.636,9,50.4,11,21,37,0,21.1,54.8,88.7,51.9,True,
2026-03-25,P100,PEN04,105,54.78,106.7,1130.0,0.177,0.638,11,44.1,8,30,31,2,21.4,62.0,91.9,43.2,True,
2026-03-26,P100,PEN04,106,54.63,109.4,903.2,0.138,0.562,12,46.6,10,28,31,0,22.4,55.7,95.8,50.8,True,
2026-03-27,P100,PEN04,107,55.51,117.3,1008.5,0.143,0.624,10,38.2,9,20,41,0,21.1,61.5,92.6,43.6,True,
2026-03-28,P100,PEN04,108,56.43,121.6,1251.2,0.171,0.531,12,49.6,10,24,47,0,21.8,55.9,100.0,60.2,True,
2026-03-29,P100,PEN04,109,57.95,133.2,1227.5,0.154,0.525,12,53.0,10,24,48,0,21.6,56.9,88.3,64.5,True,
2026-03-30,P100,PEN04,110,58.47,124.0,1316.7,0.177,0.483,11,46.4,9,25,41,1,21.4,62.2,92.2,60.9,True,
2026-03-31,P100,PEN04,111,58.84,130.6,1215.0,0.155,0.527,14,50.8,6,34,50,0,21.6,69.0,89.9,62.3,True,
2026-04-01,P100,PEN04,112,60.59,110.8,1245.4,0.187,0.532,15,60.3,9,26,41,0,23.1,61.3,85.7,65.3,True,
2026-04-02,P100,PEN04,113,60.75,128.9,1135.6,0.147,0.485,12,52.1,7,29,38,0,23.9,61.2,93.7,64.8,True,
2026-04-03,P100,PEN04,114,60.8,118.4,1093.4,0.154,0.49,13,49.6,8,24,41,0,23.4,68.2,93.8,60.8,True,
2026-04-04,P100,PEN04,115,61.98,124.4,1380.0,0.185,0.47,12,61.0,11,23,50,0,23.6,72.0,100.0,73.2,True,
2026-04-05,P100,PEN04,116,62.63,126.9,1032.3,0.136,0.512,12,43.8,8,28,45,1,24.7,69.1,100.0,54.9,True,
2026-04-06,P100,PEN04,117,63.21,129.6,1127.8,0.145,0.532,12,,9,32,48,2,24.7,76.9,91.5,60.9,True,
2026-04-07,P100,PEN04,118,62.8,115.3,1177.5,0.17,0.516,11,59.4,7,29,52,1,24.5,70.9,93.4,64.4,True,
2026-04-08,P100,PEN04,119,65.26,116.8,1153.9,0.165,0.548,13,59.6,10,27,43,0,25.8,74.5,97.4,63.9,True,
2026-04-09,P100,PEN04,120,65.52,135.5,1259.1,0.155,0.536,11,48.2,8,26,51,2,25.6,75.1,95.6,58.5,True,
2026-04-10,P100,PEN04,121,66.58,112.1,1390.1,0.207,0.46,15,59.9,8,26,48,1,26.9,68.9,95.2,70.0,True,
2026-04-11,P100,PEN04,122,67.94,129.7,1021.4,0.131,0.516,13,59.5,9,28,39,0,27.0,73.7,87.3,66.6,True,
2026-03-01,P101,PEN05,79,41.55,110.0,1012.0,0.153,0.501,10,52.9,7,24,34,1,23.0,69.3,96.8,58.7,True,
2026-03-02,P101,PEN05,80,41.43,99.1,1197.0,0.201,0.532,10,54.3,11,25,42,0,23.9,76.0,88.3,59.0,True,
2026-03-03,P101,PEN05,81,42.18,96.2,1039.3,0.18,0.526,10,48.3,7,28,34,0,24.1,69.4,100.0,53.5,True,
2026-03-04,P101,PEN05,82,44.1,100.8,1112.5,0.184,,12,44.3,8,18,35,1,23.4,65.8,92.8,51.2,True,
2026-03-05,P101,PEN05,83,43.94,85.5,1192.2,0.232,0.571,13,47.7,7,18,44,0,23.9,67.2,97.9,50.0,True,
2026-03-06,P101,PEN05,84,44.0,111.3,1249.2,0.187,0.635,10,40.0,7,24,40,1,25.2,68.5,100.0,44.1,True,
2026-03-07,P101,PEN05,85,45.2,98.8,1306.5,0.22,0.574,11,51.5,7,20,33,1,26.2,67.9,87.4,54.1,True,
2026-03-08,P101,PEN05,86,46.62,108.5,1159.7,0.178,0.545,12,51.5,9,26,41,0,25.4,65.3,99.1,57.5,True,
2026-03-09,P101,PEN05,87,46.95,91.0,1222.8,0.224,0.493,12,40.6,9,23,46,0,25.7,61.0,91.1,51.6,True,
2026-03-10,P101,PEN05,88,47.8,112.6,1225.2,0.181,0.602,12,53.7,7,18,31,0,25.4,67.2,96.6,56.6,True,
2026-03-11,P101,PEN05,89,47.76,114.1,880.3,0.129,0.524,14,56.6,9,25,42,0,25.6,64.8,94.1,60.3,True,
2026-03-12,P101,PEN05,90,49.59,,1116.7,0.167,0.566,12,49.0,10,20,32,0,25.5,56.6,90.1,54.6,True,
2026-03-13,P101,PEN05,91,50.02,96.0,1150.7,0.2,0.567,10,54.4,9,23,30,0,25.6,60.1,100.0,55.9,True,
2026-03-14,P101,PEN05,92,50.69,116.3,982.8,0.141,0.519,11,40.7,7,19,41,0,25.8,55.5,91.9,51.7,True,
2026-03-15,P101,PEN05,93,50.85,110.8,1125.6,0.169,0.522,11,50.8,6,23,40,2,24.1,62.6,95.7,55.8,True,
2026-03-16,P101,PEN05,94,51.62,115.7,1028.2,0.148,0.589,12,51.7,7,28,41,0,24.0,55.1,97.1,54.7,True,
2026-03-17,P101,PEN05,95,52.39,80.9,1138.8,0.235,0.545,12,45.7,7,25,39,0,23.4,55.9,94.0,49.1,True,
2026-03-18,P101,PEN05,96,52.74,106.2,1190.2,0.187,0.548,12,44.1,10,20,38,0,22.5,53.4,92.0,52.5,True,
2026-03-19,P101,PEN05,97,53.56,112.1,1000.2,0.149,0.566,11,48.8,6,27,34,1,22.9,49.2,100.0,51.9,True,
2026-03-20,P101,PEN05,98,54.33,121.0,1123.3,0.155,0.508,12,45.9,8,18,43,0,23.0,54.9,85.4,57.9,True,
2026-03-21,P101,PEN05,99,54.84,99.5,1057.5,0.177,0.571,11,60.5,9,19,46,1,20.7,53.6,91.9,57.8,True,
2026-03-22,P101,PEN05,100,55.89,103.4,1099.8,0.177,0.514,14,55.3,8,21,36,0,21.4,55.2,97.2,60.5,True,
2026-03-23,P101,PEN05,101,57.21,100.0,1111.3,0.185,0.536,9,51.6,7,29,35,0,20.4,59.5,91.2,56.3,True,
2026-03-24,P101,PEN05,102,57.95,117.1,1350.9,0.192,0.557,11,53.3,6,15,37,0,19.9,58.2,90.1,61.2,True,
2026-03-25,P101,PEN05,103,58.43,86.0,908.5,0.176,0.6,13,54.6,8,29,40,0,20.4,61.9,100.0,49.8,True,
2026-03-26,P101,PEN05,104,58.65,96.4,1132.1,0.196,0.649,10,52.5,9,23,35,0,20.7,58.4,92.1,49.2,True,
2026-03-27,P101,PEN05,105,59.63,90.4,1129.2,0.208,0.603,11,43.1,5,22,34,0,19.7,61.3,100.0,45.1,True,
2026-03-28,P101,PEN05,106,59.84,94.5,1026.5,0.181,0.609,12,48.3,7,25,45,1,21.2,59.4,89.4,46.3,True,
2026-03-29,P101,PEN05,107,62.14,95.3,1090.4,0.191,0.63,13,50.3,7,18,35,0,20.0,56.2,89.1,48.4,True,
2026-03-30,P101,PEN05,108,61.65,108.8,1071.1,0.164,0.542,12,44.2,6,20,33,1,20.3,61.7,95.3,50.7,True,
2026-03-31,P101,PEN05,109,62.41,113.3,1291.0,0.19,0.527,10,54.5,8,24,41,0,22.2,63.2,89.4,62.7,True,
2026-04-01,P101,PEN05,110,63.35,109.4,1130.9,0.172,0.501,13,47.0,8,17,36,0,21.9,58.7,95.9,57.3,True,
2026-04-02,P101,PEN05,111,63.4,104.5,1140.9,0.182,0.574,13,49.7,11,17,36,1,22.2,66.6,92.6,52.2,True,
2026-04-03,P101,PEN05,112,64.16,106.1,1131.4,0.178,0.608,14,55.1,8,21,40,0,21.4,70.5,91.3,55.1,True,
2026-04-04,P101,PEN05,113,65.55,105.3,1172.6,0.186,0.635,9,45.4,8,28,31,0,23.4,66.0,87.6,47.3,True,
2026-04-05,P101,PEN05,114,65.59,117.0,1036.3,0.148,0.546,12,56.6,7,21,34,0,22.8,69.5,84.0,60.9,True,
2026-04-06,P101,PEN05,115,67.58,110.7,1148.5,0.173,0.602,10,48.3,8,22,32,0,24.4,71.2,97.7,52.0,True,
2026-04-07,P101,PEN05,116,67.0,89.7,1159.0,0.215,0.56,10,50.4,7,25,46,0,23.1,70.5,90.6,52.8,True,
2026-04-08,P101,PEN05,117,67.88,111.4,1218.1,0.182,0.544,9,39.1,8,21,50,0,25.4,69.3,97.1,50.6,True,
2026-04-09,P101,PEN05,118,69.74,90.5,1363.5,0.251,0.516,12,46.2,9,19,30,1,25.7,71.0,96.2,53.7,True,
2026-04-10,P101,PEN05,119,69.81,123.3,1421.7,0.192,0.524,10,52.2,7,19,48,0,25.9,69.4,95.9,64.3,True,
2026-04-11,P101,PEN05,120,70.32,112.9,1298.9,0.192,0.564,11,53.0,7,22,43,1,26.4,70.9,97.3,57.9,True,
2026-03-01,P102,PEN06,87,33.51,79.9,856.2,0.179,0.602,10,41.1,8,18,37,0,24.3,69.8,100.0,39.4,True,
2026-03-02,P102,PEN06,88,35.7,88.5,1128.4,0.212,0.588,12,30.1,11,17,31,0,23.3,71.5,88.3,37.3,True,
2026-03-03,P102,PEN06,89,34.96,86.7,948.6,0.182,0.592,13,36.1,9,23,27,0,23.3,70.0,81.6,38.8,True,
2026-03-04,P102,PEN06,90,35.69,74.6,799.9,0.179,0.602,11,47.9,7,26,34,1,24.4,64.5,93.7,41.1,True,
2026-03-05,P102,PEN06,91,36.85,101.1,985.0,0.162,0.611,11,,7,20,35,1,25.4,67.4,81.7,46.3,True,
2026-03-06,P102,PEN06,92,37.22,96.7,883.1,0.152,0.643,11,43.4,8,11,25,0,27.0,65.9,100.0,41.2,True,
2026-03-07,P102,PEN06,93,38.19,96.9,910.9,0.157,0.519,9,39.7,9,22,28,0,26.4,69.3,99.3,47.2,True,
2026-03-08,P102,PEN06,94,39.28,107.7,741.8,0.115,0.554,12,48.6,9,20,33,1,26.6,66.7,87.7,49.3,True,
2026-03-09,P102,PEN06,95,39.88,86.1,1005.0,0.195,0.507,6,47.8,7,18,32,2,25.8,61.9,100.0,49.6,True,
2026-03-10,P102,PEN06,96,39.38,102.3,926.9,0.151,0.613,9,51.4,7,17,30,0,26.7,65.4,100.0,49.7,True,
2026-03-11,P102,PEN06,97,41.8,84.1,828.6,0.164,0.567,9,47.8,8,16,29,1,25.6,58.9,97.5,45.0,True,
2026-03-12,P102,PEN06,98,41.93,94.7,840.2,0.148,0.642,12,33.0,8,25,32,2,25.1,59.1,98.1,31.0,True,
2026-03-13,P102,PEN06,99,43.06,83.1,1212.2,0.243,0.661,11,34.7,9,13,28,1,24.9,63.6,83.9,34.1,True,
2026-03-14,P102,PEN06,100,43.21,82.4,1298.4,0.262,0.571,9,45.7,7,23,35,0,25.3,62.7,82.5,49.3,True,
2026-03-15,P102,PEN06,101,44.5,74.7,1000.7,0.223,0.571,12,25.8,10,22,27,1,24.6,57.6,95.9,30.7,True,
2026-03-16,P102,PEN06,102,44.47,80.2,721.0,0.15,0.604,10,,10,18,30,1,23.8,56.4,87.8,40.7,True,
2026-03-17,P102,PEN06,103,45.88,101.9,1086.1,0.178,0.552,10,33.9,8,17,30,0,24.1,53.3,94.1,43.8,True,
2026-03-18,P102,PEN06,104,45.74,90.1,770.1,0.142,0.519,11,42.6,10,17,27,1,22.5,54.0,88.4,45.2,True,
2026-03-19,P102,PEN06,105,46.48,87.9,1106.6,0.21,0.626,8,49.0,9,24,28,0,22.6,57.8,92.1,46.8,True,
2026-03-20,P102,PEN06,106,48.12,82.6,847.8,0.171,0.576,11,51.0,8,25,35,1,22.2,55.5,84.2,46.5,True,
2026-03-21,P102,PEN06,107,47.9,80.9,915.4,0.189,0.579,10,50.2,9,26,38,0,20.5,51.9,96.4,47.6,True,
2026-03-22,P102,PEN06,108,49.2,,889.1,0.166,0.6,9,51.9,7,13,36,0,20.8,53.7,96.8,48.4,True,
2026-03-23,P102,PEN06,109,49.69,73.6,1238.6,0.28,0.624,9,41.2,8,22,31,1,21.6,49.6,100.0,39.5,True,
2026-03-24,P102,PEN06,110,50.49,87.8,996.4,0.189,0.579,13,38.0,10,19,37,0,20.9,60.2,87.9,41.6,True,
2026-03-25,P102,PEN06,111,50.45,80.4,831.3,0.172,0.567,9,50.3,6,22,37,0,20.0,59.3,100.0,47.6,True,
2026-03-26,P102,PEN06,112,52.61,93.8,906.7,0.161,0.6,11,33.3,7,21,46,0,18.7,58.6,93.7,37.3,True,
2026-03-27,P102,PEN06,113,52.65,95.9,880.6,0.153,0.602,12,31.2,8,17,32,1,20.4,58.9,87.9,34.4,True,
2026-03-28,P102,PEN06,114,52.72,86.1,952.1,0.184,0.558,10,,7,21,29,0,20.2,61.9,92.8,44.1,True,
2026-03-29,P102,PEN06,115,54.4,87.6,919.4,0.175,0.582,11,40.1,6,19,30,2,22.0,60.4,90.3,39.2,True,
2026-03-30,P102,PEN06,116,54.83,79.5,856.0,0.179,0.547,9,47.9,7,13,28,0,20.2,59.9,100.0,47.4,True,
2026-03-31,P102,PEN06,117,55.43,86.8,1024.5,0.197,0.614,10,35.3,9,20,35,0,22.5,57.1,95.7,37.7,True,
2026-04-01,P102,PEN06,118,55.74,77.5,806.7,0.173,0.617,8,50.9,7,21,37,2,20.8,64.2,95.8,41.1,True,
2026-04-02,P102,PEN06,119,57.04,86.7,1090.4,0.21,0.586,9,46.2,6,16,27,0,22.0,66.9,92.2,47.2,True,
2026-04-03,P102,PEN06,120,58.42,82.9,965.5,0.194,0.579,14,41.5,9,16,35,1,22.1,64.5,95.1,41.3,True,
2026-04-04,P102,PEN06,121,58.69,93.1,944.9,0.169,0.521,11,46.3,8,25,28,0,23.4,71.0,96.2,51.1,True,
2026-04-05,P102,PEN06,122,58.94,77.8,917.6,0.196,0.637,10,49.0,9,13,28,0,23.8,68.7,93.9,42.6,True,
2026-04-06,P102,PEN06,123,59.17,92.0,858.5,0.156,0.614,11,36.4,10,17,30,1,25.3,72.2,96.3,36.2,True,
2026-04-07,P102,PEN06,124,60.23,82.9,807.1,0.162,0.599,11,41.4,8,16,36,0,23.9,70.3,98.8,39.8,True,
2026-04-08,P102,PEN06,125,61.56,99.5,914.1,0.153,0.488,12,33.0,10,18,35,0,25.2,66.2,93.3,45.3,True,
2026-04-09,P102,PEN06,126,62.18,105.2,1003.6,0.159,0.544,13,38.4,6,11,35,0,25.4,70.8,97.0,47.0,True,
2026-04-10,P102,PEN06,127,63.42,90.9,1012.4,0.186,0.619,10,47.0,8,27,40,0,26.5,72.9,99.8,45.5,True,
2026-04-11,P102,PEN06,128,62.73,78.6,785.5,0.167,0.573,10,47.8,8,19,39,1,25.8,70.1,93.8,43.4,True,
2026-03-01,P103,PEN07,87,46.4,42.5,506.6,0.199,0.709,8,23.1,8,13,16,0,22.8,65.7,90.5,11.3,True,
2026-03-02,P103,PEN07,88,47.82,40.4,567.7,0.234,0.709,6,29.4,11,3,20,0,22.7,73.9,84.1,15.7,True,
2026-03-03,P103,PEN07,89,47.89,24.3,436.2,0.299,0.719,6,24.3,9,6,16,2,23.8,71.7,96.4,5.0,True,
2026-03-04,P103,PEN07,90,48.15,27.2,409.3,0.25,0.739,7,19.7,7,1,21,1,24.7,66.4,95.9,2.3,True,
2026-03-05,P103,PEN07,91,49.38,35.6,619.9,0.29,0.731,6,30.9,9,11,15,0,26.7,66.9,91.6,15.0,True,
2026-03-06,P103,PEN07,92,51.07,35.0,358.1,0.17,0.73,6,21.0,8,6,24,0,24.7,74.3,97.0,5.9,True,
2026-03-07,P103,PEN07,93,50.88,24.6,499.2,0.338,0.74,4,33.4,9,1,20,0,25.8,70.6,96.6,13.1,True,
2026-03-08,P103,PEN07,94,51.26,42.0,193.3,0.077,0.683,6,27.4,7,3,21,0,24.8,64.3,96.0,12.6,True,
2026-03-09,P103,PEN07,95,52.31,39.8,182.8,0.076,0.755,5,22.5,10,11,14,0,25.3,64.8,91.3,4.2,True,
2026-03-10,P103,PEN07,96,53.63,31.2,,0.208,0.675,8,23.3,7,10,16,0,24.1,67.5,94.0,10.7,True,
2026-03-11,P103,PEN07,97,53.08,38.1,289.2,0.126,0.712,9,19.4,8,7,23,0,24.6,63.0,99.5,5.8,True,
2026-03-12,P103,PEN07,98,55.3,33.2,310.3,0.156,0.772,8,36.0,9,4,19,0,25.3,61.5,93.7,12.1,True,
2026-03-13,P103,PEN07,99,55.18,18.2,557.1,0.51,0.774,8,24.0,8,10,19,0,25.5,57.9,95.4,4.2,True,
2026-03-14,P103,PEN07,100,56.24,29.1,490.3,0.281,0.672,8,26.1,7,6,21,0,23.8,57.4,88.8,13.4,True,
2026-03-15,P103,PEN07,101,56.61,33.8,344.6,0.17,0.715,7,26.2,6,7,18,0,23.1,61.8,95.1,9.9,True,
2026-03-16,P103,PEN07,102,58.01,38.2,556.9,0.243,0.622,6,28.7,6,5,16,0,24.1,62.9,89.7,20.4,True,
2026-03-17,P103,PEN07,103,57.87,25.7,293.1,0.19,0.744,6,23.0,8,5,18,0,23.2,55.6,97.6,4.2,True,
2026-03-18,P103,PEN07,104,58.58,29.7,262.6,0.147,0.757,6,7.7,8,4,12,1,23.0,56.0,91.2,0.0,True,
2026-03-19,P103,PEN07,105,58.66,27.4,379.6,0.231,0.796,7,17.3,6,1,19,1,22.9,52.3,81.3,0.0,True,
2026-03-20,P103,PEN07,106,58.97,20.2,270.8,0.224,,4,16.2,7,1,8,2,23.4,56.7,88.4,0.0,True,
2026-03-21,P103,PEN07,107,60.16,8.7,210.3,0.402,0.821,6,13.4,7,2,3,3,20.6,51.3,94.6,0.0,True,
2026-03-22,P103,PEN07,108,61.17,9.6,230.1,0.4,0.839,5,11.3,6,3,11,2,20.8,53.5,85.8,0.0,True,
2026-03-23,P103,PEN07,109,62.17,25.0,225.9,0.151,0.801,6,16.6,7,6,4,5,20.5,50.3,100.0,0.0,True,
2026-03-24,P103,PEN07,110,63.84,10.0,172.2,0.286,0.805,3,13.3,5,5,5,3,20.0,54.9,98.4,0.0,True,
2026-03-25,P103,PEN07,111,62.9,8.0,80.0,0.167,0.815,2,17.3,7,1,16,2,20.3,55.7,98.9,0.0,True,
2026-03-26,P103,PEN07,112,64.4,8.0,226.2,0.471,0.851,7,10.9,5,3,8,1,18.8,54.1,100.0,0.0,True,
2026-03-27,P103,PEN07,113,64.36,8.0,393.5,0.82,0.826,9,18.3,9,1,6,4,19.6,65.4,86.8,0.0,True,
2026-03-28,P103,PEN07,114,66.06,44.9,381.8,0.142,0.843,5,23.4,8,7,8,2,20.2,59.9,85.4,0.0,True,
2026-03-29,P103,PEN07,115,66.82,21.4,306.4,0.239,0.708,6,11.1,9,3,7,1,19.9,61.2,98.7,0.0,True,
2026-03-30,P103,PEN07,116,67.43,33.2,703.9,0.353,0.675,7,25.5,7,5,23,1,20.7,63.5,94.4,14.2,True,
2026-03-31,P103,PEN07,117,68.04,30.7,185.8,0.101,0.788,7,29.7,7,8,14,2,20.6,70.5,96.3,2.6,True,
2026-04-01,P103,PEN07,118,68.26,41.1,491.1,0.199,0.77,6,30.6,8,2,11,0,20.9,63.3,94.7,11.8,True,
2026-04-02,P103,PEN07,119,69.55,28.4,414.1,0.243,0.69,6,19.8,6,11,15,1,21.8,67.1,94.8,5.8,True,
2026-04-03,P103,PEN07,120,69.88,25.3,256.6,0.169,0.695,8,23.8,7,6,4,2,22.8,65.0,86.6,4.6,True,
2026-04-04,P103,PEN07,121,71.03,27.1,321.9,0.198,0.688,9,22.1,7,11,14,0,22.7,67.9,91.0,7.7,True,
2026-04-05,P103,PEN07,122,72.64,26.9,579.9,0.359,0.686,9,36.0,7,11,15,0,23.2,72.0,100.0,19.4,True,
2026-04-06,P103,PEN07,123,71.58,43.5,345.2,0.132,0.773,8,23.3,7,2,6,0,25.0,69.9,94.0,5.8,True,
2026-04-07,P103,PEN07,124,73.28,32.8,589.6,0.3,0.754,5,30.2,8,1,11,0,24.1,68.7,100.0,12.2,True,
2026-04-08,P103,PEN07,125,74.23,33.7,580.7,0.287,0.746,3,17.1,5,9,19,2,24.5,72.1,93.2,1.5,True,
2026-04-09,P103,PEN07,126,74.56,31.8,379.1,0.198,0.734,7,24.4,9,1,17,1,25.7,64.8,87.7,6.2,True,
2026-04-10,P103,PEN07,127,75.24,31.9,470.6,0.246,0.76,4,27.1,8,4,8,2,26.7,72.7,97.0,5.7,True,
2026-04-11,P103,PEN07,128,76.42,19.5,482.2,0.413,0.77,6,24.6,8,11,20,2,26.6,70.1,88.5,1.6,True,
2026-03-01,P104,PEN08,84,36.64,66.2,643.0,0.162,0.693,10,36.2,10,16,28,0,24.4,68.8,93.9,26.0,True,
2026-03-02,P104,PEN08,85,37.98,54.9,807.9,0.245,0.666,9,32.5,7,14,26,0,25.5,75.4,96.3,25.2,True,
2026-03-03,P104,PEN08,86,38.15,51.8,,0.144,0.636,11,44.5,7,7,21,0,25.5,72.4,96.7,30.8,True,
2026-03-04,P104,PEN08,87,39.61,67.1,833.3,0.207,0.631,7,32.3,11,14,14,0,24.5,67.2,100.0,29.5,True,
2026-03-05,P104,PEN08,88,40.13,53.9,665.2,0.206,0.643,7,26.1,7,19,16,0,26.2,71.7,100.0,20.9,True,
2026-03-06,P104,PEN08,89,40.99,70.8,820.2,0.193,0.658,8,27.5,8,14,25,0,26.6,63.7,89.3,25.1,True,
2026-03-07,P104,PEN08,90,41.6,50.9,656.2,0.215,0.612,10,41.1,6,12,20,0,26.8,71.3,89.9,32.1,True,
2026-03-08,P104,PEN08,91,42.12,59.0,663.2,0.187,0.658,9,31.0,5,13,25,0,27.4,72.0,89.6,24.0,True,
2026-03-09,P104,PEN08,92,43.14,55.9,740.9,0.221,0.637,9,28.0,9,16,34,0,27.3,65.9,100.0,23.7,True,
2026-03-10,P104,PEN08,93,44.16,61.9,445.4,0.12,0.641,9,34.2,7,15,21,0,27.4,64.5,93.8,25.5,True,
2026-03-11,P104,PEN08,94,44.44,54.7,645.4,0.197,0.662,8,35.6,9,15,25,0,25.9,62.8,90.3,25.8,True,
2026-03-12,P104,PEN08,95,45.26,82.9,644.6,0.13,0.647,9,34.3,8,11,25,2,26.0,58.2,91.5,27.7,True,
2026-03-13,P104,PEN08,96,45.98,62.1,669.5,0.18,0.624,11,42.9,7,11,24,2,27.8,58.4,96.2,31.6,True,
2026-03-14,P104,PEN08,97,46.72,69.1,913.7,0.22,0.709,9,25.3,8,13,18,0,26.4,62.5,97.8,21.1,True,
2026-03-15,P104,PEN08,98,47.65,82.1,535.4,0.109,0.612,11,25.8,10,18,30,2,25.8,59.7,87.9,23.2,True,
2026-03-16,P104,PEN08,99,48.72,86.2,730.8,0.141,0.64,9,34.7,6,5,23,0,24.5,55.4,100.0,32.5,True,
2026-03-17,P104,PEN08,100,49.54,67.7,826.7,0.204,0.611,9,40.2,9,16,20,1,24.3,55.8,100.0,34.6,True,
2026-03-18,P104,PEN08,101,49.38,59.1,563.8,0.159,0.648,9,35.9,7,11,33,0,23.9,55.5,96.3,26.8,True,
2026-03-19,P104,PEN08,102,49.51,66.7,707.3,0.177,0.648,8,33.7,7,12,23,0,23.5,57.5,91.1,28.0,True,
2026-03-20,P104,PEN08,103,51.68,64.2,462.1,0.12,0.563,11,32.7,7,10,25,2,23.5,58.9,100.0,27.3,True,
2026-03-21,P104,PEN08,104,52.74,66.6,553.5,0.138,0.664,8,32.7,8,15,35,0,23.0,54.0,91.3,24.8,True,
2026-03-22,P104,PEN08,105,52.36,57.9,689.7,0.199,0.679,8,28.0,6,12,32,0,22.3,50.0,89.4,20.7,True,
2026-03-23,P104,PEN08,106,53.5,68.5,947.4,0.231,0.648,9,30.1,9,11,26,0,23.1,61.8,96.0,28.4,True,
2026-03-24,P104,PEN08,107,54.57,55.0,793.6,0.24,0.655,9,40.5,9,16,27,2,20.7,60.4,86.7,28.2,True,
2026-03-25,P104,PEN08,108,54.31,58.1,783.5,0.225,0.654,10,31.8,8,17,23,0,21.8,55.7,87.9,25.8,True,
2026-03-26,P104,PEN08,109,56.05,52.9,705.9,0.222,0.653,8,40.1,6,11,30,1,22.6,58.6,91.6,28.2,True,
2026-03-27,P104,PEN08,110,55.97,67.1,415.3,0.103,0.614,8,27.5,7,13,31,0,22.1,63.4,96.2,23.4,True,
2026-03-28,P104,PEN08,111,56.46,,584.1,0.171,0.647,7,33.6,10,7,31,1,20.9,62.9,95.0,23.8,True,
2026-03-29,P104,PEN08,112,57.87,74.5,607.7,0.136,0.644,11,28.5,9,14,22,2,22.9,59.7,94.5,22.4,True,
2026-03-30,P104,PEN08,113,57.47,63.2,689.7,0.182,0.641,10,33.9,8,10,23,0,22.2,60.4,90.7,27.8,True,
2026-03-31,P104,PEN08,114,59.03,53.1,785.2,0.246,0.625,8,32.0,9,19,20,0,22.7,63.2,98.8,27.0,True,
2026-04-01,P104,PEN08,115,60.29,60.2,630.0,0.174,0.629,9,34.5,11,11,28,0,22.4,62.1,88.4,28.0,True,
2026-04-02,P104,PEN08,116,60.35,41.5,779.6,0.313,0.62,8,30.4,8,16,28,1,24.1,72.3,96.1,23.0,True,
2026-04-03,P104,PEN08,117,61.06,54.4,440.8,0.135,0.701,9,31.2,8,15,37,0,24.4,63.0,92.2,18.3,True,
2026-04-04,P104,PEN08,118,61.4,58.3,788.7,0.225,0.641,8,30.9,7,7,27,0,22.9,75.0,96.8,26.1,True,
2026-04-05,P104,PEN08,119,62.28,77.1,371.0,0.08,0.646,10,33.0,10,11,22,0,24.3,67.4,100.0,26.0,True,
2026-04-06,P104,PEN08,120,62.65,61.1,815.7,0.223,0.57,8,38.8,10,12,28,0,25.1,70.4,90.4,36.6,True,
2026-04-07,P104,PEN08,121,63.47,73.1,817.6,0.186,0.637,9,31.8,8,7,22,0,24.9,67.9,82.3,29.7,True,
2026-04-08,P104,PEN08,122,64.07,91.0,771.1,0.141,0.676,7,29.0,8,12,27,0,24.9,65.0,91.9,27.7,True,
2026-04-09,P104,PEN08,123,65.37,71.6,572.8,0.133,0.626,7,28.8,8,13,25,1,26.0,68.7,94.3,24.3,True,
2026-04-10,P104,PEN08,124,66.15,76.8,733.9,0.159,0.637,9,32.0,8,7,21,0,26.1,67.9,100.0,29.6,True,
2026-04-11,P104,PEN08,125,66.71,73.0,758.8,0.173,0.631,10,29.5,8,14,23,0,27.3,66.5,94.4,27.9,True,
2026-03-01,P105,PEN01,89,42.53,74.1,1115.2,0.251,0.587,10,49.7,7,18,20,0,23.2,67.4,85.0,47.6,True,
2026-03-02,P105,PEN01,90,43.94,92.3,1110.2,0.2,0.615,9,43.4,10,9,34,0,23.4,72.1,98.5,44.6,True,
2026-03-03,P105,PEN01,91,43.88,94.6,811.9,0.143,0.606,11,31.4,7,15,29,0,25.1,67.0,97.5,34.8,True,
2026-03-04,P105,PEN01,92,44.92,94.3,916.1,0.162,0.55,10,32.6,6,18,30,0,24.8,66.6,96.9,40.2,True,
2026-03-05,P105,PEN01,93,45.87,88.7,901.1,0.169,0.525,9,44.5,7,14,38,1,26.5,64.9,93.5,47.1,True,
2026-03-06,P105,PEN01,94,46.62,100.4,999.5,0.166,0.602,12,37.0,9,27,38,0,26.5,65.6,94.0,41.4,True,
2026-03-07,P105,PEN01,95,46.69,90.0,,0.167,0.606,10,32.2,8,14,37,1,25.3,66.0,100.0,34.1,True,
2026-03-08,P105,PEN01,96,48.45,79.3,1249.3,0.263,0.699,9,53.1,8,21,34,2,25.7,62.5,93.7,41.9,True,
2026-03-09,P105,PEN01,97,48.36,95.5,747.8,0.131,0.608,10,44.9,8,11,35,0,27.0,66.2,95.4,42.9,True,
2026-03-10,P105,PEN01,98,49.7,87.0,1179.9,0.226,0.553,7,42.6,7,13,30,1,27.7,63.5,100.0,46.5,True,
2026-03-11,P105,PEN01,99,50.44,88.8,909.6,0.171,0.585,9,40.0,10,16,27,1,27.5,63.6,95.1,40.4,True,
2026-03-12,P105,PEN01,100,50.46,75.0,1062.4,0.236,0.643,10,45.8,7,17,34,1,26.9,62.2,92.9,39.7,True,
2026-03-13,P105,PEN01,101,51.76,100.1,698.2,0.116,0.531,10,41.6,9,18,31,0,25.7,59.7,91.7,46.0,True,
2026-03-14,P105,PEN01,102,52.77,99.3,899.6,0.151,0.577,10,60.9,10,18,26,0,25.5,62.4,95.4,57.4,True,
2026-03-15,P105,PEN01,103,53.2,85.8,831.8,0.162,0.545,8,37.9,10,16,23,0,25.8,60.6,95.5,41.8,True,
2026-03-16,P105,PEN01,104,52.78,93.4,849.9,0.152,0.599,9,45.5,8,14,28,0,24.5,59.4,92.3,44.6,True,
2026-03-17,P105,PEN01,105,54.17,88.1,888.2,0.168,0.593,11,37.9,6,21,33,0,23.2,55.8,79.3,39.6,True,
2026-03-18,P105,PEN01,106,55.64,78.8,891.3,0.188,0.65,11,49.6,9,19,28,1,24.6,49.8,90.9,40.7,True,
2026-03-19,P105,PEN01,107,55.54,66.2,775.7,0.195,0.563,9,50.4,9,19,36,0,23.2,47.7,98.9,45.0,True,
2026-03-20,P105,PEN01,108,56.73,82.6,662.5,0.134,0.576,10,42.1,9,24,33,0,22.8,54.0,100.0,40.3,True,
2026-03-21,P105,PEN01,109,57.47,97.9,811.4,0.138,0.616,11,34.7,9,20,39,0,22.8,51.1,95.6,36.8,True,
2026-03-22,P105,PEN01,110,58.31,89.0,950.1,0.178,0.54,10,48.4,9,18,31,0,20.5,52.7,91.8,50.6,True,
2026-03-23,P105,PEN01,111,59.32,69.7,908.6,0.217,0.611,11,46.1,9,25,38,0,20.8,58.3,91.4,41.0,True,
2026-03-24,P105,PEN01,112,59.36,91.6,697.1,0.127,0.53,12,39.0,10,22,32,0,22.5,60.4,95.1,43.0,True,
2026-03-25,P105,PEN01,113,59.92,90.5,943.8,0.174,0.553,10,40.4,5,18,30,0,21.3,58.9,90.6,44.8,True,
2026-03-26,P105,PEN01,114,60.65,84.8,921.2,0.181,0.6,11,49.9,7,24,36,1,20.5,59.1,88.4,45.3,True,
2026-03-27,P105,PEN01,115,62.17,97.2,1056.5,0.181,0.635,9,35.4,10,20,32,0,20.9,59.6,87.0,38.4,True,
2026-03-28,P105,PEN01,116,61.79,89.1,901.2,0.169,0.658,10,47.6,9,14,30,0,20.5,58.6,90.8,41.9,True,
2026-03-29,P105,PEN01,117,63.5,106.3,817.3,0.128,0.629,11,54.2,8,18,42,1,21.0,63.0,91.2,48.6,True,
2026-03-30,P105,PEN01,118,63.66,92.7,1017.3,0.183,,7,49.2,9,12,31,2,22.6,64.2,90.9,43.1,True,
2026-03-31,P105,PEN01,119,64.3,83.6,749.0,0.149,0.595,10,35.8,8,13,28,1,23.2,61.7,85.0,34.5,True,
2026-04-01,P105,PEN01,120,64.48,87.3,985.8,0.188,0.546,9,33.1,11,20,29,0,22.3,62.4,98.1,40.3,True,
2026-04-02,P105,PEN01,121,66.08,94.2,1178.6,0.209,0.614,10,36.6,7,10,32,0,24.0,67.3,87.6,41.2,True,
2026-04-03,P105,PEN01,122,66.65,99.8,721.9,0.121,0.541,9,41.2,7,15,34,0,23.4,66.9,92.4,45.3,True,
2026-04-04,P105,PEN01,123,66.66,86.5,785.8,0.151,0.562,8,40.2,10,22,34,1,24.2,67.8,91.7,40.4,True,
2026-04-05,P105,PEN01,124,68.29,88.8,952.4,0.179,0.564,13,52.3,7,21,33,0,23.7,65.7,95.3,51.6,True,
2026-04-06,P105,PEN01,125,68.35,88.0,1026.5,0.194,0.628,9,36.4,8,18,37,0,25.3,69.1,86.0,37.7,True,
2026-04-07,P105,PEN01,126,69.39,81.2,1264.3,0.26,0.604,12,34.0,9,12,33,1,26.3,72.0,93.1,37.6,True,
2026-04-08,P105,PEN01,127,70.64,81.0,1009.4,0.208,0.559,9,41.3,7,19,32,1,25.1,68.5,97.1,42.7,True,
2026-04-09,P105,PEN01,128,70.41,83.5,975.4,0.195,0.547,7,40.8,10,23,36,0,26.8,71.6,94.5,44.6,True,
2026-04-10,P105,PEN01,129,71.98,76.2,950.2,0.208,0.562,10,46.0,9,23,36,0,26.0,72.2,88.3,45.6,True,
2026-04-11,P105,PEN01,130,73.17,76.0,1223.4,0.268,0.622,11,46.9,8,30,30,0,27.6,67.5,92.9,44.9,True,
2026-03-01,P106,PEN02,87,43.26,92.9,730.1,0.131,0.589,10,47.7,7,18,40,2,21.5,72.0,92.1,42.6,True,
2026-03-02,P106,PEN02,88,43.52,79.3,1019.5,0.214,0.646,9,44.3,9,17,33,0,24.2,78.2,98.0,40.2,True,
2026-03-03,P106,PEN02,89,44.94,81.4,901.7,0.185,0.596,8,53.6,8,15,31,0,24.2,71.9,90.4,48.6,True,
2026-03-04,P106,PEN02,90,45.06,94.2,948.7,0.168,0.581,7,52.2,9,13,26,1,23.0,70.0,98.4,49.8,True,
2026-03-05,P106,PEN02,91,45.81,78.1,883.6,0.189,0.636,10,40.0,5,20,33,0,25.1,66.6,90.4,36.5,True,
2026-03-06,P106,PEN02,92,46.65,85.9,1147.8,0.223,0.546,14,45.5,10,23,32,0,25.1,66.7,94.4,49.8,True,
2026-03-07,P106,PEN02,93,47.48,90.8,649.8,0.119,0.664,8,41.3,7,19,28,0,24.1,67.9,92.2,35.2,True,
2026-03-08,P106,PEN02,94,47.93,76.3,856.2,0.187,0.569,9,35.7,7,21,39,0,25.0,68.3,95.5,37.4,True,
2026-03-09,P106,PEN02,95,49.02,84.8,872.2,0.171,0.645,11,44.4,8,23,44,1,26.2,62.0,96.4,38.3,True,
2026-03-10,P106,PEN02,96,49.44,77.5,1029.8,0.222,0.615,9,38.1,10,13,33,0,26.0,61.3,93.5,38.0,True,
2026-03-11,P106,PEN02,97,49.98,92.1,1110.6,0.201,0.589,10,46.6,8,14,33,0,24.7,62.6,95.1,48.4,True,
2026-03-12,P106,PEN02,98,50.42,76.2,712.9,0.156,0.624,10,40.2,8,22,29,0,24.5,64.8,92.7,35.4,True,
2026-03-13,P106,PEN02,99,51.06,88.0,641.6,0.122,0.599,10,44.6,7,19,29,0,24.3,61.6,95.1,41.1,True,
2026-03-14,P106,PEN02,100,52.68,87.4,839.3,0.16,0.646,10,46.9,7,18,30,1,24.1,56.8,93.5,40.0,True,
2026-03-15,P106,PEN02,101,52.89,78.6,1000.6,0.212,0.624,10,34.0,9,17,38,0,24.8,60.0,99.2,34.6,True,
2026-03-16,P106,PEN02,102,53.68,86.7,475.0,0.091,0.558,10,31.2,7,18,33,1,23.3,55.0,89.3,31.8,True,
2026-03-17,P106,PEN02,103,54.01,79.5,705.7,0.148,0.645,7,37.7,7,10,30,2,23.8,57.3,90.2,30.0,True,
2026-03-18,P106,PEN02,104,54.83,71.5,594.3,0.138,0.641,9,32.2,9,10,30,2,22.3,56.3,100.0,24.4,True,
2026-03-19,P106,PEN02,105,55.24,66.1,701.7,0.177,0.678,7,26.8,6,11,19,1,22.1,55.2,95.1,20.0,True,
2026-03-20,P106,PEN02,106,56.18,71.7,669.0,0.156,0.721,9,25.5,7,8,15,3,22.2,55.5,93.0,14.2,True,
2026-03-21,P106,PEN02,107,57.2,60.1,487.5,0.135,0.731,9,29.4,6,14,24,1,21.2,58.2,96.8,15.2,True,
2026-03-22,P106,PEN02,108,58.48,45.2,502.1,0.185,0.723,7,25.5,8,14,19,4,20.2,55.8,98.2,6.8,True,
2026-03-23,P106,PEN02,109,58.06,62.1,606.9,0.163,0.685,8,36.3,6,17,19,2,19.6,61.5,89.4,22.8,True,
2026-03-24,P106,PEN02,110,58.62,64.3,332.0,0.086,0.814,7,17.8,7,12,15,1,19.1,52.9,85.6,1.4,True,
2026-03-25,P106,PEN02,111,59.43,54.7,582.0,0.177,0.772,7,34.8,8,11,24,3,19.8,58.7,94.5,13.3,True,
2026-03-26,P106,PEN02,112,60.76,50.6,627.0,0.206,0.702,9,36.9,7,13,28,6,19.9,55.8,97.3,14.8,True,
2026-03-27,P106,PEN02,113,62.26,83.3,640.5,0.128,0.663,9,42.1,6,8,27,1,19.6,63.4,87.8,33.1,True,
2026-03-28,P106,PEN02,114,62.78,74.1,908.3,0.204,0.594,9,29.9,8,15,23,1,19.1,60.9,96.4,30.8,True,
2026-03-29,P106,PEN02,115,63.76,71.9,990.4,0.23,0.638,8,32.1,8,14,34,0,20.4,56.9,92.0,31.3,True,
2026-03-30,P106,PEN02,116,63.96,83.6,817.9,0.163,0.641,10,38.3,5,14,38,2,20.7,66.2,94.0,32.5,True,
2026-03-31,P106,PEN02,117,64.66,70.8,831.9,0.196,0.663,10,42.7,9,12,33,2,21.8,61.0,96.8,32.0,True,
2026-04-01,P106,PEN02,118,65.11,71.0,776.5,0.182,0.645,10,44.0,7,20,32,1,21.0,62.8,91.8,34.9,True,
2026-04-02,P106,PEN02,119,65.69,91.9,679.7,0.123,0.625,11,29.4,8,18,23,1,22.3,67.4,87.6,29.1,True,
2026-04-03,P106,PEN02,120,67.36,64.7,1021.0,0.263,0.58,9,42.1,8,15,22,3,22.0,66.0,92.1,36.5,True,
2026-04-04,P106,PEN02,121,67.52,74.5,899.1,0.201,0.58,10,36.8,8,13,26,2,22.9,71.8,94.5,34.9,True,
2026-04-05,P106,PEN02,122,68.65,58.7,960.5,0.273,0.636,8,42.9,8,15,18,2,23.4,70.7,92.1,33.3,True,
2026-04-06,P106,PEN02,123,69.14,91.1,1009.2,0.185,0.587,11,38.8,8,16,23,2,24.1,75.6,93.7,39.4,True,
2026-04-07,P106,PEN02,124,70.06,86.2,879.4,0.17,0.66,8,34.4,7,17,35,1,23.0,73.0,95.4,31.1,True,
2026-04-08,P106,PEN02,125,70.34,67.3,771.2,0.191,0.632,5,38.3,8,20,30,3,25.8,70.5,95.3,28.6,True,
2026-04-09,P106,PEN02,126,71.17,72.0,967.1,0.224,0.653,9,43.7,7,6,25,2,24.0,71.4,93.3,34.9,True,
2026-04-10,P106,PEN02,127,72.14,76.7,917.6,0.199,0.642,9,31.5,6,15,31,0,24.6,70.5,96.8,30.7,True,
2026-04-11,P106,PEN02,128,71.87,67.7,649.6,0.16,0.67,9,35.3,9,20,29,1,25.2,68.8,91.8,25.8,True,
2026-03-01,P107,PEN03,90,49.61,135.6,1353.3,0.166,0.412,13,56.9,7,27,48,1,23.5,75.3,91.4,74.5,True,
2026-03-02,P107,PEN03,91,50.32,134.1,1171.3,0.146,0.474,15,67.5,7,38,47,0,22.8,70.0,96.3,76.7,True,
2026-03-03,P107,PEN03,92,49.97,133.0,1557.3,0.195,0.514,13,64.1,10,31,48,1,24.3,72.0,89.9,74.2,True,
2026-03-04,P107,PEN03,93,52.12,137.3,1351.6,0.164,0.429,16,64.5,9,23,50,1,24.9,75.0,100.0,78.6,True,
2026-03-05,P107,PEN03,94,52.21,138.2,1444.5,0.174,0.55,13,69.9,8,37,40,1,24.4,65.9,98.5,75.4,True,
2026-03-06,P107,PEN03,95,52.6,152.7,1480.3,0.162,0.463,15,56.7,8,26,44,0,24.9,75.5,99.5,76.5,True,
2026-03-07,P107,PEN03,96,53.4,138.7,1556.5,0.187,0.509,11,62.7,8,34,47,0,24.6,72.1,100.0,75.9,True,
2026-03-08,P107,PEN03,97,54.24,145.3,1523.6,0.175,0.483,13,53.0,9,27,41,0,24.8,59.5,93.1,72.0,True,
2026-03-09,P107,PEN03,98,55.51,116.8,1203.6,0.172,0.626,14,60.4,8,27,48,1,31.4,69.7,93.8,58.4,True,
2026-03-10,P107,PEN03,99,55.48,120.8,1382.5,0.191,0.575,11,47.1,8,36,40,0,31.5,69.6,96.5,56.9,True,
2026-03-11,P107,PEN03,100,56.45,112.6,1195.5,0.177,0.545,13,61.3,11,28,55,0,30.4,64.1,89.9,64.9,True,
2026-03-12,P107,PEN03,101,57.5,124.9,1338.4,0.179,0.53,12,62.6,12,33,47,0,30.8,62.4,92.5,70.2,True,
2026-03-13,P107,PEN03,102,58.2,138.0,1383.7,0.167,0.492,12,62.2,9,28,50,0,24.1,67.4,96.5,74.8,True,
2026-03-14,P107,PEN03,103,59.1,,1449.1,0.185,0.518,14,61.1,6,31,40,0,24.0,55.1,96.4,72.0,True,
2026-03-15,P107,PEN03,104,59.64,123.4,1570.2,0.212,0.517,14,60.1,10,30,41,0,24.1,64.0,99.4,71.4,True,
2026-03-16,P107,PEN03,105,60.33,120.4,1371.4,0.19,0.507,11,63.7,8,28,40,0,22.7,58.2,95.9,71.9,True,
2026-03-17,P107,PEN03,106,60.62,137.3,1513.1,0.184,0.492,12,64.5,9,24,49,3,22.6,52.8,100.0,73.3,True,
2026-03-18,P107,PEN03,107,61.42,144.0,1342.4,0.155,0.553,13,59.1,9,33,47,0,23.9,60.6,100.0,69.4,True,
2026-03-19,P107,PEN03,108,62.58,143.2,1519.8,0.177,0.442,12,59.1,7,32,46,1,22.1,54.3,94.4,76.9,True,
2026-03-20,P107,PEN03,109,62.43,150.2,1409.8,0.156,0.474,15,65.3,8,22,36,1,22.4,55.7,87.7,78.9,True,
2026-03-21,P107,PEN03,110,62.85,140.4,1332.4,0.158,0.499,15,72.9,9,30,44,0,21.9,55.6,91.5,81.2,True,
2026-03-22,P107,PEN03,111,64.09,135.6,1298.7,0.16,0.477,15,62.4,7,32,44,0,21.4,56.5,90.4,74.8,True,
2026-03-23,P107,PEN03,112,65.02,140.8,1358.5,0.161,0.475,15,62.8,7,28,43,0,21.0,55.4,98.0,76.6,True,
2026-03-24,P107,PEN03,113,65.45,132.0,1343.6,0.17,0.499,15,66.9,6,29,33,0,21.6,62.4,88.1,76.1,True,
2026-03-25,P107,PEN03,114,66.82,129.6,1426.0,0.183,0.478,14,65.0,6,29,34,0,19.5,58.6,91.5,76.7,True,
2026-03-26,P107,PEN03,115,67.87,138.7,1347.1,0.162,0.489,12,62.1,5,26,40,2,19.6,60.5,98.5,71.9,True,
2026-03-27,P107,PEN03,116,67.65,143.0,1437.2,0.168,0.504,13,58.7,9,22,41,0,18.4,61.2,90.9,73.1,True,
2026-03-28,P107,PEN03,117,68.52,138.3,1359.9,0.164,0.554,12,61.8,9,29,40,1,20.2,57.8,98.6,69.0,True,
2026-03-29,P107,PEN03,118,69.21,134.0,1626.5,0.202,0.461,14,57.3,9,29,49,0,20.3,56.4,93.6,75.5,True,
2026-03-30,P107,PEN03,119,69.67,131.9,1398.9,0.177,0.462,15,69.1,8,31,46,0,19.8,65.7,91.1,80.5,True,
2026-03-31,P107,PEN03,120,71.17,137.2,1496.2,0.182,0.534,13,53.3,8,36,49,0,19.9,67.5,86.9,67.4,True,
2026-04-01,P107,PEN03,121,71.75,156.6,,0.171,0.502,12,78.6,10,32,49,0,21.0,62.2,95.4,90.1,True,
2026-04-02,P107,PEN03,122,72.73,129.6,1628.1,0.209,0.501,10,58.5,9,27,44,0,21.9,69.7,94.9,73.0,True,
2026-04-03,P107,PEN03,123,72.87,143.7,1416.2,0.164,,14,67.4,9,27,49,0,21.7,67.8,82.2,74.3,True,
2026-04-04,P107,PEN03,124,73.3,131.7,1272.1,0.161,0.525,10,60.0,8,28,42,0,22.9,66.4,93.5,69.2,True,
2026-04-05,P107,PEN03,125,74.49,146.1,1588.1,0.181,0.459,13,63.2,7,32,45,0,23.9,67.5,100.0,81.0,True,
2026-04-06,P107,PEN03,126,75.37,131.2,1232.2,0.157,0.411,15,57.5,7,28,43,0,24.0,66.8,89.0,74.5,True,
2026-04-07,P107,PEN03,127,76.29,135.3,1246.8,0.154,0.496,12,44.7,8,39,51,2,25.3,68.6,97.3,58.6,True,
2026-04-08,P107,PEN03,128,76.92,135.2,1258.1,0.155,0.477,14,57.0,8,25,46,0,25.4,71.1,100.0,70.7,True,
2026-04-09,P107,PEN03,129,77.59,138.6,1248.2,0.15,0.497,13,67.1,9,26,45,0,25.3,67.7,99.3,76.5,True,
2026-04-10,P107,PEN03,130,77.89,,1469.5,0.196,0.512,14,59.0,9,25,46,1,25.1,71.2,86.0,68.9,True,
2026-04-11,P107,PEN03,131,79.07,127.3,1244.8,0.163,0.554,14,59.3,6,33,45,0,24.7,74.4,93.1,65.9,True,
2026-03-01,P108,PEN04,83,41.21,153.8,1464.8,0.159,0.423,15,65.7,4,37,48,0,23.8,68.9,100.0,84.9,True,
2026-03-02,P108,PEN04,84,41.22,147.8,1392.2,0.157,0.443,13,70.8,7,35,53,1,24.2,69.5,94.9,83.9,True,
2026-03-03,P108,PEN04,85,42.22,144.4,1515.8,0.175,0.5,14,61.0,8,25,43,1,24.7,72.3,89.5,74.5,True,
2026-03-04,P108,PEN04,86,43.77,143.1,1569.2,0.183,0.482,9,60.1,9,30,51,0,26.8,68.7,92.5,76.8,True,
2026-03-05,P108,PEN04,87,44.27,137.9,1331.0,0.161,0.51,15,63.9,9,29,45,0,26.6,67.5,96.9,74.3,True,
2026-03-06,P108,PEN04,88,44.59,135.4,1684.5,0.207,0.455,13,63.7,10,26,55,1,25.7,69.4,98.9,79.5,True,
2026-03-07,P108,PEN04,89,45.48,145.0,1444.2,0.166,0.519,12,68.3,8,34,44,0,26.7,72.9,94.6,78.8,True,
2026-03-08,P108,PEN04,90,46.65,137.8,1679.1,0.203,0.496,14,55.9,10,35,49,0,26.2,67.0,94.9,73.5,True,
2026-03-09,P108,PEN04,91,46.18,124.4,1304.2,0.175,0.588,11,65.8,9,31,50,1,33.2,69.1,93.9,66.6,True,
2026-03-10,P108,PEN04,92,47.75,120.6,1284.9,0.178,0.543,13,61.8,11,23,43,0,32.5,64.1,100.0,67.5,True,
2026-03-11,P108,PEN04,93,48.52,124.8,1316.9,0.176,0.533,15,61.1,11,27,49,0,31.8,61.4,83.5,68.7,True,
2026-03-12,P108,PEN04,94,49.85,128.4,1217.0,0.158,0.547,13,65.6,10,29,42,0,31.4,65.6,92.5,70.3,True,
2026-03-13,P108,PEN04,95,49.5,141.9,1335.7,0.157,0.445,14,65.7,8,23,50,0,26.0,54.4,97.7,80.3,True,
2026-03-14,P108,PEN04,96,50.4,140.4,1429.8,0.17,0.47,13,57.8,8,33,51,0,25.6,60.9,90.7,74.3,True,
2026-03-15,P108,PEN04,97,51.62,137.5,1270.5,0.154,0.436,12,52.2,6,31,50,1,24.7,55.0,95.5,69.3,True,
2026-03-16,P108,PEN04,98,52.44,149.6,1455.6,0.162,0.447,14,60.3,10,25,43,0,25.2,56.3,90.5,79.1,True,
2026-03-17,P108,PEN04,99,53.03,129.9,1559.0,0.2,0.437,14,51.4,5,34,54,1,25.0,57.8,92.0,70.5,True,
2026-03-18,P108,PEN04,100,53.71,160.0,1800.0,0.188,0.552,13,63.7,6,29,46,0,23.3,57.7,88.3,79.6,True,
2026-03-19,P108,PEN04,101,54.27,129.0,1548.0,0.2,0.425,14,62.5,8,27,50,1,23.5,51.5,100.0,78.3,True,
2026-03-20,P108,PEN04,102,54.73,134.5,1453.3,0.18,0.489,15,65.3,7,43,47,0,22.9,56.0,93.3,77.2,True,
2026-03-21,P108,PEN04,103,56.56,144.9,1537.0,0.177,0.481,15,66.2,9,24,52,1,21.7,59.3,86.2,79.4,True,
2026-03-22,P108,PEN04,104,56.79,138.6,1398.8,0.168,0.439,14,59.8,9,41,47,0,23.2,55.9,93.3,77.0,True,
2026-03-23,P108,PEN04,105,56.93,140.1,1314.1,0.156,0.47,16,73.5,6,31,48,0,21.9,54.4,99.5,83.3,True,
2026-03-24,P108,PEN04,106,57.0,131.1,1697.8,0.216,0.514,13,62.4,10,35,57,0,21.3,49.6,92.2,75.6,True,
2026-03-25,P108,PEN04,107,59.15,149.5,1469.2,0.164,0.524,13,58.4,5,26,43,0,20.7,60.7,95.1,73.0,True,
2026-03-26,P108,PEN04,108,59.47,138.8,1670.8,0.201,0.44,12,68.6,9,32,52,2,21.2,58.8,100.0,82.6,True,
2026-03-27,P108,PEN04,109,60.25,141.5,1481.1,0.174,0.461,11,72.3,7,28,47,0,21.6,60.4,87.7,85.0,True,
2026-03-28,P108,PEN04,110,60.43,144.4,1562.4,0.18,0.475,11,50.4,6,35,47,0,22.1,59.2,100.0,71.1,True,
2026-03-29,P108,PEN04,111,61.81,140.8,1517.1,0.18,0.478,14,60.1,5,39,49,0,21.4,61.7,84.8,76.2,True,
2026-03-30,P108,PEN04,112,62.17,146.9,1618.9,0.184,0.525,12,58.1,5,32,52,1,22.0,67.3,100.0,72.5,True,
2026-03-31,P108,PEN04,113,63.05,146.6,1642.5,0.187,0.399,13,62.9,8,28,49,1,22.3,65.2,96.2,83.9,True,
2026-04-01,P108,PEN04,114,63.14,139.6,1800.0,0.215,0.436,15,60.4,8,29,51,0,22.6,68.1,92.1,81.8,True,
2026-04-02,P108,PEN04,115,63.56,145.4,1404.5,0.161,0.496,12,61.2,7,31,42,0,23.2,63.5,95.4,75.3,True,
2026-04-03,P108,PEN04,116,65.57,153.2,1530.6,0.167,0.503,15,60.8,6,32,53,0,23.5,70.7,93.4,77.1,True,
2026-04-04,P108,PEN04,117,65.34,138.5,1613.2,0.194,0.474,13,65.9,11,25,44,0,24.4,63.7,95.8,80.8,True,
2026-04-05,P108,PEN04,118,65.86,133.0,1450.8,0.182,0.521,16,65.3,6,39,61,0,24.5,70.0,91.5,74.9,True,
2026-04-06,P108,PEN04,119,66.62,146.5,1509.1,0.172,0.473,12,56.5,10,28,39,0,25.2,66.5,98.8,75.0,True,
2026-04-07,P108,PEN04,120,67.9,134.9,1603.2,0.198,0.403,15,70.5,8,32,52,0,25.4,68.9,85.2,87.7,True,
2026-04-08,P108,PEN04,121,68.19,146.0,1070.7,0.122,0.449,12,70.4,6,29,50,0,27.8,70.6,85.7,81.1,True,
2026-04-09,P108,PEN04,122,69.36,144.3,1419.9,0.164,,12,62.5,7,32,44,1,26.5,64.8,100.0,76.0,True,
2026-04-10,P108,PEN04,123,70.18,,1490.1,0.176,0.503,13,66.5,6,33,41,1,25.4,62.3,96.3,77.1,True,
2026-04-11,P108,PEN04,124,70.56,145.6,1340.3,0.153,0.445,14,57.0,8,30,57,0,27.3,71.5,98.7,75.3,True,
2026-03-01,P109,PEN05,87,43.92,103.0,1169.5,0.189,0.579,12,54.3,6,18,37,0,22.5,75.4,96.0,56.4,True,
2026-03-02,P109,PEN05,88,43.62,93.6,1245.7,0.222,0.575,9,48.6,9,20,29,2,24.2,77.0,91.2,49.3,True,
2026-03-03,P109,PEN05,89,44.56,98.3,962.1,0.163,,12,44.0,9,19,42,0,25.5,70.3,81.2,48.6,True,
2026-03-04,P109,PEN05,90,45.62,,1269.0,0.208,0.539,12,42.4,8,29,33,1,23.4,76.0,81.5,50.6,True,
2026-03-05,P109,PEN05,91,45.82,99.2,1059.2,0.178,0.599,11,41.6,8,21,32,0,24.7,69.7,99.1,45.1,True,
2026-03-06,P109,PEN05,92,46.5,98.9,1041.1,0.175,0.576,10,,8,25,37,0,26.2,60.4,84.6,54.8,True,
2026-03-07,P109,PEN05,93,48.25,103.2,953.1,0.154,0.519,11,60.1,7,24,47,0,26.0,67.1,96.4,61.9,True,
2026-03-08,P109,PEN05,94,48.45,91.3,1050.0,0.192,0.504,11,54.5,8,21,34,0,26.0,72.4,97.4,58.3,True,
2026-03-09,P109,PEN05,95,50.22,110.8,1008.8,0.152,0.51,12,47.9,7,20,36,0,26.8,66.5,100.0,56.3,True,
2026-03-10,P109,PEN05,96,50.01,97.3,986.1,0.169,0.605,11,42.3,12,16,30,0,25.4,61.8,91.5,44.2,True,
2026-03-11,P109,PEN05,97,49.92,98.9,1080.2,0.182,0.544,12,48.5,8,18,36,1,25.4,63.8,89.4,51.9,True,
2026-03-12,P109,PEN05,98,52.15,112.8,1027.2,0.152,0.572,11,54.7,8,18,32,2,24.9,63.8,89.3,54.3,True,
2026-03-13,P109,PEN05,99,52.31,119.0,1107.5,0.155,0.545,11,48.8,9,25,30,0,26.0,58.5,85.4,56.9,True,
2026-03-14,P109,PEN05,100,53.07,115.8,1129.6,0.163,0.589,11,49.9,8,25,43,2,24.1,61.6,90.1,51.7,True,
2026-03-15,P109,PEN05,101,53.13,101.3,956.2,0.157,0.503,13,50.6,7,15,36,1,24.1,58.6,99.8,55.1,True,
2026-03-16,P109,PEN05,102,54.21,113.9,1183.0,0.173,0.548,12,44.5,8,23,37,1,23.9,61.3,89.9,52.4,True,
2026-03-17,P109,PEN05,103,55.69,106.9,979.1,0.153,0.554,11,42.4,8,24,33,0,22.7,58.9,84.9,48.9,True,
2026-03-18,P109,PEN05,104,55.1,93.2,949.7,0.17,0.605,12,50.6,11,20,33,0,21.9,59.6,85.6,48.5,True,
2026-03-19,P109,PEN05,105,56.62,,890.8,0.132,0.511,13,,7,24,30,0,21.7,60.3,94.7,51.7,True,
2026-03-20,P109,PEN05,106,56.58,106.7,1017.7,0.159,0.614,14,47.3,8,21,34,0,22.3,58.3,95.2,48.6,True,
2026-03-21,P109,PEN05,107,58.48,101.6,1143.8,0.188,0.643,11,44.5,9,22,34,0,21.1,57.9,97.0,45.4,True,
2026-03-22,P109,PEN05,108,58.45,98.5,1161.4,0.197,0.526,12,,9,18,39,1,20.3,56.7,94.8,54.7,True,
2026-03-23,P109,PEN05,109,58.97,118.9,1119.4,0.157,0.573,13,53.1,9,24,35,1,21.1,60.9,85.6,56.6,True,
2026-03-24,P109,PEN05,110,59.37,102.6,1170.1,0.19,0.552,11,48.0,7,18,33,0,21.1,51.7,100.0,54.0,True,
2026-03-25,P109,PEN05,111,61.33,84.1,1281.0,0.254,0.534,10,48.1,9,26,35,0,19.7,51.9,94.7,53.3,True,
2026-03-26,P109,PEN05,112,60.49,86.2,1079.2,0.209,0.656,11,42.6,10,27,42,2,19.0,58.2,98.0,37.3,True,
2026-03-27,P109,PEN05,113,61.72,87.2,952.1,0.182,0.605,10,27.4,11,17,24,0,19.5,57.1,90.0,32.5,True,
2026-03-28,P109,PEN05,114,61.54,79.9,848.1,0.177,0.621,9,40.3,9,18,25,0,19.1,61.5,90.0,37.6,True,
2026-03-29,P109,PEN05,115,62.55,72.0,774.8,0.179,0.684,10,40.5,11,19,25,1,21.1,61.7,100.0,30.2,True,
2026-03-30,P109,PEN05,116,62.81,76.8,662.7,0.144,0.704,3,40.7,9,11,33,0,20.7,62.9,100.0,30.1,True,
2026-03-31,P109,PEN05,117,64.38,80.9,870.0,0.179,0.655,9,31.3,8,13,25,0,21.5,67.0,89.6,29.9,True,
2026-04-01,P109,PEN05,118,64.28,79.7,651.5,0.136,0.645,10,33.4,9,20,19,0,22.4,65.4,93.4,29.5,True,
2026-04-02,P109,PEN05,119,66.09,66.4,905.8,0.227,0.696,10,39.1,7,12,25,0,22.6,65.9,95.3,30.3,True,
2026-04-03,P109,PEN05,120,65.65,70.3,843.3,0.2,0.719,7,36.5,10,24,22,0,21.4,68.3,87.2,27.2,True,
2026-04-04,P109,PEN05,121,66.87,76.7,681.2,0.148,0.66,10,37.0,9,21,23,1,22.8,67.4,90.0,29.3,True,
2026-04-05,P109,PEN05,122,67.29,88.7,1156.3,0.217,0.567,9,45.3,8,22,43,0,22.9,72.2,100.0,48.8,True,
2026-04-06,P109,PEN05,123,68.81,95.3,1005.5,0.176,0.613,7,42.8,8,14,33,1,24.2,74.4,92.6,42.4,True,
2026-04-07,P109,PEN05,124,69.89,98.2,1063.1,0.18,0.61,9,34.6,7,20,31,1,23.5,71.8,100.0,38.3,True,
2026-04-08,P109,PEN05,125,70.48,102.3,1107.1,0.18,0.612,8,50.1,8,13,36,0,25.3,71.1,98.2,50.8,True,
2026-04-09,P109,PEN05,126,71.67,101.4,931.9,0.153,0.594,9,47.6,10,15,31,0,23.7,73.1,97.9,48.4,True,
2026-04-10,P109,PEN05,127,72.35,94.8,977.5,0.172,0.605,10,46.2,9,19,38,0,25.6,67.4,98.3,46.2,True,
2026-04-11,P109,PEN05,128,72.59,94.1,1212.9,0.215,0.623,10,51.4,7,22,39,0,25.0,68.8,93.6,50.6,True,
2026-03-01,P110,PEN06,79,39.66,134.2,1422.2,0.177,0.589,11,63.0,7,29,46,0,22.7,71.6,100.0,68.8,True,
2026-03-02,P110,PEN06,80,40.58,129.7,1389.4,0.179,0.482,13,60.9,9,29,50,0,24.8,70.3,98.5,73.4,True,
2026-03-03,P110,PEN06,81,40.86,139.7,,0.167,0.507,10,53.2,12,32,42,1,24.1,67.6,94.4,67.1,True,
2026-03-04,P110,PEN06,82,41.74,135.7,1634.6,0.201,0.557,14,57.8,6,31,49,0,23.6,70.3,93.8,69.9,True,
2026-03-05,P110,PEN06,83,43.14,133.2,1459.1,0.183,0.506,14,54.5,6,15,52,1,24.9,72.9,95.0,67.5,True,
2026-03-06,P110,PEN06,84,43.27,128.5,1318.9,0.171,0.443,13,61.7,6,21,47,0,25.5,65.6,97.9,75.5,True,
2026-03-07,P110,PEN06,85,43.3,149.8,1305.4,0.145,0.479,11,64.3,7,28,39,0,25.8,72.4,96.0,78.2,True,
2026-03-08,P110,PEN06,86,45.15,128.4,1146.3,0.149,0.52,13,55.5,6,36,41,1,26.6,70.7,95.8,63.4,True,
2026-03-09,P110,PEN06,87,45.42,130.5,1312.1,0.168,0.57,11,54.2,9,23,45,1,26.8,61.6,87.7,61.3,True,
2026-03-10,P110,PEN06,88,46.77,127.4,1389.7,0.182,0.499,13,65.4,8,28,48,1,26.8,61.5,94.3,73.5,True,
2026-03-11,P110,PEN06,89,46.24,112.6,1295.2,0.192,0.48,13,49.4,8,20,43,2,25.9,62.8,90.6,59.6,True,
2026-03-12,P110,PEN06,90,47.75,128.2,1413.9,0.184,0.479,13,61.2,9,36,42,1,25.7,60.2,100.0,72.4,True,
2026-03-13,P110,PEN06,91,47.71,107.4,1229.4,0.191,0.515,13,60.1,8,24,53,1,25.7,62.0,95.9,64.2,True,
2026-03-14,P110,PEN06,92,48.86,153.9,1427.2,0.155,0.503,11,59.8,9,28,55,0,24.6,58.4,89.9,75.6,True,
2026-03-15,P110,PEN06,93,50.18,135.3,1382.2,0.17,0.549,12,54.6,6,27,40,0,23.3,58.8,100.0,65.8,True,
2026-03-16,P110,PEN06,94,50.32,107.5,1346.3,0.209,0.451,9,51.6,9,30,41,0,23.6,54.3,92.9,65.4,True,
2026-03-17,P110,PEN06,95,51.17,138.6,1300.4,0.156,0.462,12,54.5,9,25,41,1,23.8,58.2,88.2,69.7,True,
2026-03-18,P110,PEN06,96,52.68,129.6,1124.0,0.145,0.543,12,47.9,8,27,44,0,23.1,55.8,98.2,58.3,True,
2026-03-19,P110,PEN06,97,53.64,127.2,1498.5,0.196,0.544,10,63.4,8,26,49,0,21.9,57.0,94.1,71.7,True,
2026-03-20,P110,PEN06,98,53.26,141.5,1594.1,0.188,0.493,15,,8,26,45,1,21.8,52.3,87.6,72.3,True,
2026-03-21,P110,PEN06,99,53.85,118.5,1273.8,0.179,0.554,13,52.1,8,28,46,3,22.2,54.9,100.0,55.9,True,
2026-03-22,P110,PEN06,100,54.21,106.1,1217.8,0.191,0.519,11,52.0,8,25,36,0,20.6,54.4,88.6,59.7,True,
2026-03-23,P110,PEN06,101,54.82,113.9,1243.8,0.182,0.545,11,49.3,8,25,42,4,19.9,55.2,90.4,52.2,True,
2026-03-24,P110,PEN06,102,55.02,100.7,1028.5,0.17,0.6,9,50.7,8,31,41,6,20.1,51.9,94.8,42.5,True,
2026-03-25,P110,PEN06,103,56.41,118.2,1162.8,0.164,0.566,11,48.1,7,28,32,5,20.3,55.8,91.5,48.5,True,
2026-03-26,P110,PEN06,104,56.06,125.7,1025.8,0.136,0.563,9,52.8,7,29,35,3,19.8,57.5,92.8,54.3,True,
2026-03-27,P110,PEN06,105,57.4,101.4,1178.7,0.194,0.65,10,49.5,8,20,28,6,21.4,58.7,100.0,40.0,True,
2026-03-28,P110,PEN06,106,58.67,101.1,1042.4,0.172,0.603,11,45.6,8,23,36,0,20.1,58.0,100.0,47.6,True,
2026-03-29,P110,PEN06,107,59.0,104.5,1308.2,0.209,0.669,10,50.6,6,23,40,2,20.4,60.5,94.5,46.9,True,
2026-03-30,P110,PEN06,108,60.02,96.7,1133.9,0.195,0.609,11,52.7,8,21,43,3,20.4,56.4,91.5,47.8,True,
2026-03-31,P110,PEN06,109,60.97,126.8,1243.6,0.163,0.541,11,66.6,9,27,39,0,22.1,65.0,87.9,71.4,True,
2026-04-01,P110,PEN06,110,61.62,134.4,1458.3,0.181,0.556,11,61.6,8,28,35,2,22.3,65.0,88.1,67.7,True,
2026-04-02,P110,PEN06,111,63.16,135.0,1279.5,0.158,0.556,13,54.4,7,34,43,0,22.0,68.6,98.4,64.1,True,
2026-04-03,P110,PEN06,112,63.48,136.3,1041.7,0.127,0.548,12,63.5,8,28,34,3,22.0,64.4,95.6,64.2,True,
2026-04-04,P110,PEN06,113,64.06,125.3,1600.4,0.213,0.512,10,56.7,8,22,47,0,22.8,74.5,86.2,70.1,True,
2026-04-05,P110,PEN06,114,64.34,126.3,1143.9,0.151,0.537,11,50.5,8,29,46,0,24.0,68.1,98.7,60.0,True,
2026-04-06,P110,PEN06,115,65.77,138.2,1352.8,0.163,0.576,12,53.8,5,26,39,3,23.5,67.0,95.3,59.5,True,
2026-04-07,P110,PEN06,116,65.22,114.3,1178.0,0.172,0.56,14,63.4,9,27,53,1,24.0,67.1,96.5,64.0,True,
2026-04-08,P110,PEN06,117,67.48,140.5,1219.2,0.145,0.565,13,58.8,7,38,39,0,24.7,78.5,94.5,66.7,True,
2026-04-09,P110,PEN06,118,67.54,120.0,1340.5,0.186,0.483,13,65.3,8,19,45,4,25.8,72.4,89.5,68.6,True,
2026-04-10,P110,PEN06,119,69.13,121.5,1108.0,0.152,0.54,12,61.5,11,26,40,0,25.1,66.2,90.5,65.9,True,
2026-04-11,P110,PEN06,120,70.11,120.7,1094.8,0.151,0.547,10,64.7,9,21,38,1,25.7,73.4,98.7,65.9,True,
2026-03-01,P111,PEN07,91,50.65,49.2,549.4,0.186,0.627,12,40.7,9,13,30,1,23.1,73.8,98.9,28.1,True,
2026-03-02,P111,PEN07,92,51.85,70.9,533.7,0.125,0.683,8,,7,16,30,1,22.8,71.1,96.2,20.2,True,
2026-03-03,P111,PEN07,93,51.84,68.4,614.2,0.15,0.625,7,39.1,9,10,16,0,24.3,71.9,94.1,32.4,True,
2026-03-04,P111,PEN07,94,52.74,69.4,484.4,0.116,0.62,9,27.9,7,19,31,1,24.2,64.0,100.0,22.9,True,
2026-03-05,P111,PEN07,95,52.86,59.2,502.5,0.141,0.674,7,30.8,8,12,26,0,24.0,68.5,97.7,21.2,True,
2026-03-06,P111,PEN07,96,54.13,82.1,,0.139,0.692,9,31.7,8,12,16,2,24.0,70.8,99.3,23.3,True,
2026-03-07,P111,PEN07,97,56.11,63.2,577.5,0.152,0.593,10,33.7,9,18,26,0,26.3,68.3,97.2,29.7,True,
2026-03-08,P111,PEN07,98,55.38,56.1,970.4,0.288,0.68,7,39.7,6,10,20,0,25.5,70.8,95.7,30.8,True,
2026-03-09,P111,PEN07,99,56.33,55.4,692.9,0.208,0.649,8,32.6,8,16,21,1,26.0,71.0,98.0,23.9,True,
2026-03-10,P111,PEN07,100,57.55,49.8,584.3,0.196,0.646,12,22.3,8,16,22,0,24.7,61.2,91.6,16.8,True,
2026-03-11,P111,PEN07,101,57.54,58.4,681.5,0.194,0.651,9,28.7,9,7,19,0,24.5,58.2,95.7,23.0,True,
2026-03-12,P111,PEN07,102,57.66,62.2,637.6,0.171,0.655,9,35.0,7,11,20,1,25.7,60.1,83.8,25.6,True,
2026-03-13,P111,PEN07,103,59.26,40.5,780.5,0.321,0.639,10,29.0,7,14,25,0,23.8,63.2,91.2,22.1,True,
2026-03-14,P111,PEN07,104,59.41,61.6,608.0,0.165,0.591,8,38.8,10,12,28,0,25.2,57.9,97.6,33.2,True,
2026-03-15,P111,PEN07,105,60.53,49.2,661.5,0.224,0.614,10,35.2,8,12,27,1,24.7,60.5,93.4,26.6,True,
2026-03-16,P111,PEN07,106,60.89,61.7,554.5,0.15,0.676,11,35.0,9,9,16,0,22.8,59.2,95.6,24.7,True,
2026-03-17,P111,PEN07,107,61.8,59.4,605.2,0.17,0.684,9,35.4,7,6,26,0,23.4,57.3,93.0,24.6,True,
2026-03-18,P111,PEN07,108,62.42,74.6,780.0,0.174,0.646,7,34.9,7,7,24,1,25.2,58.5,99.0,29.5,True,
2026-03-19,P111,PEN07,109,63.12,68.1,564.7,0.138,0.636,9,34.1,7,11,33,0,23.3,57.7,97.2,27.8,True,
2026-03-20,P111,PEN07,110,64.26,57.7,558.7,0.161,0.687,9,30.2,7,11,21,0,22.5,55.1,92.7,20.3,True,
2026-03-21,P111,PEN07,111,64.33,56.7,797.3,0.235,0.675,11,35.4,9,9,21,1,21.7,57.9,100.0,25.3,True,
2026-03-22,P111,PEN07,112,65.44,62.8,895.2,0.238,0.659,9,32.8,8,13,15,1,20.7,48.9,92.6,26.5,True,
2026-03-23,P111,PEN07,113,66.63,70.0,,0.137,0.656,10,36.4,8,19,28,1,19.6,52.8,91.8,27.1,True,
2026-03-24,P111,PEN07,114,67.53,62.9,384.8,0.102,0.736,7,34.9,7,10,16,0,20.1,55.5,87.6,19.2,True,
2026-03-25,P111,PEN07,115,67.85,57.0,478.3,0.14,0.62,7,26.6,6,11,23,1,19.3,54.8,98.6,20.0,True,
2026-03-26,P111,PEN07,116,67.56,56.0,719.2,0.214,0.674,8,31.0,8,10,32,1,20.2,58.9,87.0,21.5,True,
2026-03-27,P111,PEN07,117,68.78,62.9,801.2,0.212,0.722,11,28.2,8,14,20,2,20.3,60.7,88.5,17.2,True,
2026-03-28,P111,PEN07,118,69.93,50.3,816.0,0.27,0.651,8,27.9,6,12,20,1,20.1,64.4,92.1,21.2,True,
2026-03-29,P111,PEN07,119,71.22,51.3,626.1,0.203,0.672,10,39.1,6,17,21,1,19.4,67.1,100.0,25.3,True,
2026-03-30,P111,PEN07,120,71.69,77.4,670.8,0.144,0.697,7,33.0,8,14,29,1,20.1,63.7,100.0,24.3,True,
2026-03-31,P111,PEN07,121,71.53,33.6,534.8,0.265,0.621,9,25.6,7,15,25,1,21.1,63.0,88.5,16.1,True,
2026-04-01,P111,PEN07,122,72.55,51.1,728.2,0.238,0.605,9,43.9,6,10,28,1,21.7,66.8,88.5,33.7,True,
2026-04-02,P111,PEN07,123,72.93,65.0,573.2,0.147,0.62,6,27.2,8,11,26,0,21.6,64.8,95.4,24.0,True,
2026-04-03,P111,PEN07,124,73.83,55.6,622.9,0.187,0.736,8,28.8,9,13,25,0,22.9,67.3,99.0,16.5,True,
2026-04-04,P111,PEN07,125,74.2,77.4,372.1,0.08,0.641,11,31.6,11,18,21,1,23.0,65.7,98.0,24.1,True,
2026-04-05,P111,PEN07,126,75.45,62.4,574.8,0.154,0.674,6,40.0,9,19,31,0,24.0,65.4,92.8,28.4,True,
2026-04-06,P111,PEN07,127,76.47,67.7,340.1,0.084,0.66,9,43.9,8,14,21,1,23.9,70.9,92.6,29.0,True,
2026-04-07,P111,PEN07,128,76.61,61.2,932.5,0.254,0.648,8,34.2,9,11,31,0,24.5,71.2,92.7,29.8,True,
2026-04-08,P111,PEN07,129,78.15,60.7,680.9,0.187,0.612,9,27.3,8,9,27,2,25.5,66.8,97.1,22.2,True,
2026-04-09,P111,PEN07,130,78.16,56.1,630.9,0.187,0.612,9,,9,19,24,0,24.8,72.2,81.7,24.7,True,
2026-04-10,P111,PEN07,131,79.47,52.1,527.7,0.169,0.621,9,32.1,9,15,30,2,24.9,66.1,91.4,21.8,True,
2026-04-11,P111,PEN07,132,80.48,55.9,685.9,0.204,0.694,8,39.1,8,8,19,0,25.2,68.4,96.6,26.7,True,
2026-03-01,P112,PEN08,78,40.9,144.2,1633.3,0.189,0.516,12,65.9,8,22,49,0,25.4,67.1,92.8,79.2,True,
2026-03-02,P112,PEN08,79,41.78,140.7,1347.3,0.16,0.503,13,65.8,10,27,49,0,25.5,68.0,96.0,76.5,True,
2026-03-03,P112,PEN08,80,42.87,142.5,1247.0,0.146,0.473,13,56.3,8,35,41,0,24.7,75.5,90.7,71.6,True,
2026-03-04,P112,PEN08,81,42.16,140.1,1473.2,0.175,0.526,13,54.5,9,29,42,0,26.4,71.3,89.0,68.9,True,
2026-03-05,P112,PEN08,82,44.1,155.4,1340.1,0.144,0.551,11,60.7,8,29,48,0,26.4,75.1,97.9,72.4,True,
2026-03-06,P112,PEN08,83,44.51,141.5,1504.0,0.177,0.542,13,56.5,9,28,39,1,26.9,68.9,96.7,68.3,True,
2026-03-07,P112,PEN08,84,44.67,140.5,1397.5,0.166,0.503,14,60.0,10,23,49,0,27.2,62.6,91.9,73.2,True,
2026-03-08,P112,PEN08,85,47.49,122.9,1463.0,0.198,0.506,14,58.0,9,30,48,0,27.7,67.3,99.5,69.6,True,
2026-03-09,P112,PEN08,86,46.87,143.2,1525.7,0.178,0.48,15,57.0,10,31,52,0,28.3,69.0,94.1,74.5,True,
2026-03-10,P112,PEN08,87,47.62,147.8,1480.9,0.167,0.524,12,,7,33,47,1,26.8,67.1,97.8,67.9,True,
2026-03-11,P112,PEN08,88,49.04,138.5,1368.9,0.165,0.47,13,49.8,8,32,47,3,26.3,61.8,100.0,63.9,True,
2026-03-12,P112,PEN08,89,49.61,128.3,1326.9,0.172,0.464,14,59.0,7,23,56,0,26.9,56.8,96.2,72.5,True,
2026-03-13,P112,PEN08,90,50.01,140.7,1528.8,0.181,0.454,14,54.0,7,24,42,1,26.9,54.8,92.1,72.5,True,
2026-03-14,P112,PEN08,91,50.39,120.0,1557.6,0.216,0.474,16,67.3,6,29,48,2,26.8,59.2,88.0,75.4,True,
2026-03-15,P112,PEN08,92,50.98,152.4,1502.7,0.164,0.489,13,67.6,8,34,40,1,25.1,62.5,94.0,80.7,True,
2026-03-16,P112,PEN08,93,52.56,121.8,1603.8,0.219,0.534,14,64.8,9,34,48,0,25.5,55.5,92.7,73.4,True,
2026-03-17,P112,PEN08,94,53.47,132.1,1522.9,0.192,0.465,12,65.4,7,34,48,0,26.1,50.8,84.8,79.1,True,
2026-03-18,P112,PEN08,95,54.15,142.5,1335.4,0.156,0.484,13,68.0,9,28,43,0,24.6,55.2,96.9,79.4,True,
2026-03-19,P112,PEN08,96,54.05,139.7,1246.8,0.149,0.465,12,62.5,7,26,39,1,24.6,54.3,92.3,74.3,True,
2026-03-20,P112,PEN08,97,54.6,133.0,1514.6,0.19,0.48,13,56.7,9,29,44,0,24.8,51.3,86.6,72.6,True,
2026-03-21,P112,PEN08,98,55.46,141.1,1438.2,0.17,0.521,14,70.7,10,30,48,0,22.4,56.5,92.1,79.5,True,
2026-03-22,P112,PEN08,99,56.18,137.4,1598.6,0.194,0.457,15,70.7,8,31,47,0,22.3,50.8,87.6,84.7,True,
2026-03-23,P112,PEN08,100,56.8,146.3,1375.7,0.157,0.505,11,52.5,8,30,38,0,22.3,54.6,96.8,68.9,True,
2026-03-24,P112,PEN08,101,57.73,134.4,1271.1,0.158,0.524,14,63.6,8,29,46,0,21.1,52.8,96.2,72.0,True,
2026-03-25,P112,PEN08,102,57.98,127.8,1518.3,0.198,0.513,13,60.0,7,29,48,0,21.4,54.7,92.5,71.8,True,
2026-03-26,P112,PEN08,103,59.28,125.4,1403.4,0.187,0.488,15,61.6,9,33,43,0,22.6,52.5,95.8,72.9,True,
2026-03-27,P112,PEN08,104,59.23,110.1,1392.2,0.211,0.456,13,56.9,7,25,42,0,21.0,59.2,94.7,69.4,True,
2026-03-28,P112,PEN08,105,59.59,132.2,1358.7,0.171,0.546,13,56.9,9,26,38,1,22.8,62.3,87.3,65.3,True,
2026-03-29,P112,PEN08,106,60.95,128.1,1198.5,0.156,0.598,13,54.6,6,23,36,5,21.5,58.2,95.5,52.6,True,
2026-03-30,P112,PEN08,107,62.12,133.6,1331.8,0.166,0.648,9,59.6,8,28,45,5,22.5,60.0,86.8,54.8,True,
2026-03-31,P112,PEN08,108,62.4,115.8,1397.4,0.201,0.645,11,49.4,7,28,42,4,22.3,66.7,97.5,47.6,True,
2026-04-01,P112,PEN08,109,62.65,116.8,,0.144,0.622,10,57.6,9,26,42,9,22.5,66.9,89.0,43.7,True,
2026-04-02,P112,PEN08,110,63.86,117.1,1382.2,0.197,0.626,13,53.0,7,31,47,2,23.3,64.7,96.8,54.0,True,
2026-04-03,P112,PEN08,111,64.14,116.6,1179.3,0.169,0.609,10,53.9,5,22,37,2,23.8,63.4,88.6,53.6,True,
2026-04-04,P112,PEN08,112,65.07,121.1,922.0,0.127,0.609,12,51.4,9,26,37,2,24.7,63.4,92.4,50.1,True,
2026-04-05,P112,PEN08,113,65.58,104.7,1058.5,0.168,0.616,11,56.9,5,33,40,4,24.9,71.1,90.2,49.2,True,
2026-04-06,P112,PEN08,114,67.56,114.3,1086.5,0.158,0.557,9,53.2,5,30,33,5,26.2,70.8,100.0,51.0,True,
2026-04-07,P112,PEN08,115,67.91,124.6,1480.2,0.198,,15,59.2,8,17,37,3,25.4,70.0,90.0,65.7,True,
2026-04-08,P112,PEN08,116,68.79,134.0,1184.0,0.147,0.517,14,65.3,8,24,43,3,25.8,74.4,89.7,68.4,True,
2026-04-09,P112,PEN08,117,69.37,140.2,,0.161,0.48,11,53.6,10,31,43,1,26.3,71.9,94.9,68.8,True,
2026-04-10,P112,PEN08,118,69.81,143.4,1360.9,0.158,0.44,12,51.1,8,23,47,2,27.0,66.0,92.0,68.8,True,
2026-04-11,P112,PEN08,119,70.57,128.5,1566.5,0.203,0.531,13,53.0,8,30,44,0,26.8,70.6,86.6,66.7,True,
2026-03-01,P113,PEN01,85,44.85,124.2,1266.6,0.17,0.482,15,61.5,8,21,52,1,22.7,70.9,95.1,70.3,True,
2026-03-02,P113,PEN01,86,44.74,124.4,1547.3,0.207,0.556,14,52.5,8,28,42,0,23.9,67.2,81.9,63.9,True,
2026-03-03,P113,PEN01,87,45.71,117.3,1367.5,0.194,0.546,14,67.3,9,31,47,0,24.2,68.3,100.0,71.2,True,
2026-03-04,P113,PEN01,88,47.19,130.0,1706.6,0.219,0.449,13,59.4,9,26,37,1,25.7,69.7,90.7,76.4,True,
2026-03-05,P113,PEN01,89,48.55,129.6,1367.4,0.176,,12,54.8,9,25,49,0,25.0,67.0,100.0,68.9,True,
2026-03-06,P113,PEN01,90,47.69,132.3,1448.7,0.182,0.53,13,57.2,9,33,42,0,26.1,72.8,93.0,68.9,True,
2026-03-07,P113,PEN01,91,49.02,141.6,1240.4,0.146,0.508,15,52.6,8,23,43,1,26.2,71.2,92.9,65.3,True,
2026-03-08,P113,PEN01,92,50.15,111.0,1386.2,0.208,0.479,11,59.7,8,18,45,0,25.6,65.0,98.5,69.8,True,
2026-03-09,P113,PEN01,93,50.16,128.2,1359.7,0.177,0.512,11,62.6,8,23,47,0,26.7,66.2,88.2,72.0,True,
2026-03-10,P113,PEN01,94,51.43,121.0,1198.1,0.165,0.5,14,60.5,9,22,46,2,25.7,64.4,98.3,65.8,True,
2026-03-11,P113,PEN01,95,52.05,128.5,1399.8,0.182,0.444,15,58.1,11,21,46,0,25.8,60.7,89.3,74.0,True,
2026-03-12,P113,PEN01,96,51.66,,1355.7,0.168,0.537,13,65.3,8,21,45,0,26.3,58.7,92.6,73.1,True,
2026-03-13,P113,PEN01,97,54.12,133.2,1319.2,0.165,0.485,11,55.9,7,27,38,1,24.6,62.4,96.2,68.4,True,
2026-03-14,P113,PEN01,98,53.9,118.5,1430.7,0.201,0.506,15,62.4,8,29,50,0,25.3,54.7,90.0,71.5,True,
2026-03-15,P113,PEN01,99,54.17,121.7,1567.1,0.215,0.478,14,59.4,8,34,50,0,25.9,59.2,99.0,73.2,True,
2026-03-16,P113,PEN01,100,55.92,133.4,1355.5,0.169,0.48,13,67.4,5,26,44,1,25.0,58.5,90.5,76.6,True,
2026-03-17,P113,PEN01,101,55.25,122.4,1507.8,0.205,0.48,11,56.9,7,22,46,0,24.6,57.8,94.3,71.0,True,
2026-03-18,P113,PEN01,102,56.78,131.9,1000.3,0.126,0.504,11,51.6,7,37,46,0,23.5,56.2,90.4,62.4,True,
2026-03-19,P113,PEN01,103,57.98,128.2,1322.5,0.172,0.534,15,61.6,10,25,41,2,23.7,54.8,90.8,66.8,True,
2026-03-20,P113,PEN01,104,58.28,125.1,1311.5,0.175,0.506,12,53.6,8,19,35,0,24.2,54.6,93.2,65.6,True,
2026-03-21,P113,PEN01,105,59.59,134.4,1232.8,0.153,0.497,13,66.5,6,26,44,0,23.2,56.6,90.2,75.3,True,
2026-03-22,P113,PEN01,106,59.97,126.8,1637.5,0.215,0.501,12,49.5,8,30,43,0,21.7,54.2,99.9,66.8,True,
2026-03-23,P113,PEN01,107,60.54,136.8,1350.0,0.164,0.535,13,64.5,4,24,43,1,21.2,55.1,92.8,71.7,True,
2026-03-24,P113,PEN01,108,61.13,134.8,1358.8,0.168,0.532,16,69.1,10,19,47,0,22.0,60.2,88.9,76.0,True,
2026-03-25,P113,PEN01,109,61.78,146.0,1299.1,0.148,0.559,14,59.6,8,30,40,0,20.5,53.0,86.4,69.2,True,
2026-03-26,P113,PEN01,110,62.65,113.7,1260.5,0.185,0.535,12,61.5,8,21,35,0,20.3,57.2,94.4,66.5,True,
2026-03-27,P113,PEN01,111,63.84,116.4,1230.6,0.176,0.546,9,57.3,8,27,44,1,21.1,61.0,99.9,61.8,True,
2026-03-28,P113,PEN01,112,63.26,99.7,947.3,0.158,0.641,10,50.9,7,20,35,2,20.4,62.6,86.9,44.5,True,
2026-03-29,P113,PEN01,113,64.18,100.5,1089.1,0.181,0.634,12,62.7,8,18,32,1,21.2,60.4,100.0,55.7,True,
2026-03-30,P113,PEN01,114,64.36,100.8,1106.4,0.183,0.63,13,47.3,8,28,32,2,20.9,61.6,97.0,44.7,True,
2026-03-31,P113,PEN01,115,66.21,90.5,955.0,0.176,0.62,11,48.8,7,22,36,0,21.0,56.7,92.2,46.0,True,
2026-04-01,P113,PEN01,116,66.49,99.5,845.9,0.142,0.665,9,47.5,8,27,42,0,23.4,67.2,100.0,42.5,True,
2026-04-02,P113,PEN01,117,67.22,88.8,838.2,0.157,0.705,10,41.6,9,12,37,1,22.2,71.5,100.0,32.9,True,
2026-04-03,P113,PEN01,118,68.06,93.6,1034.1,0.184,0.635,10,,7,29,29,0,24.4,64.0,98.1,47.4,True,
2026-04-04,P113,PEN01,119,68.77,82.1,1119.8,0.227,0.701,12,55.6,7,18,33,0,24.0,72.7,92.1,45.4,True,
2026-04-05,P113,PEN01,120,68.88,95.4,1126.3,0.197,0.683,10,41.8,6,25,42,1,25.2,68.7,92.9,38.5,True,
2026-04-06,P113,PEN01,121,70.34,124.3,1245.1,0.167,0.507,14,60.8,7,24,44,0,26.2,67.0,95.2,69.4,True,
2026-04-07,P113,PEN01,122,71.14,117.8,1373.5,0.194,0.535,13,51.6,8,26,51,1,25.6,72.4,88.5,60.4,True,
2026-04-08,P113,PEN01,123,71.56,131.7,,0.177,0.594,12,54.7,9,31,43,0,26.9,64.7,85.2,62.5,True,
2026-04-09,P113,PEN01,124,72.0,126.3,1436.9,0.19,0.563,12,63.2,10,24,40,0,25.8,71.0,98.4,69.5,True,
2026-04-10,P113,PEN01,125,73.28,127.9,1094.7,0.143,0.539,14,49.8,8,27,38,0,26.6,73.2,90.8,59.2,True,
2026-04-11,P113,PEN01,126,74.61,126.0,1148.6,0.152,0.544,10,55.6,8,24,43,1,27.0,66.3,94.0,61.5,True,
2026-03-01,P114,PEN02,86,51.05,136.9,1448.4,0.176,0.491,16,61.7,8,37,42,1,23.0,68.8,94.7,73.7,True,
2026-03-02,P114,PEN02,87,52.32,117.0,1267.0,0.18,0.473,11,65.6,7,32,36,1,23.1,67.5,95.0,72.4,True,
2026-03-03,P114,PEN02,88,52.77,122.5,1267.1,0.172,0.52,13,63.0,9,29,45,2,24.0,70.9,90.0,67.1,True,
2026-03-04,P114,PEN02,89,53.57,135.6,1177.6,0.145,0.489,12,66.9,9,26,33,0,24.4,68.2,96.3,75.7,True,
2026-03-05,P114,PEN02,90,54.25,116.8,1415.5,0.202,0.532,10,46.2,8,22,44,0,25.1,73.4,94.6,58.8,True,
2026-03-06,P114,PEN02,91,54.77,135.5,1282.3,0.158,0.49,12,57.3,7,29,40,0,25.7,66.6,92.5,70.4,True,
2026-03-07,P114,PEN02,92,55.25,125.5,1287.3,0.171,0.513,14,65.0,9,25,47,0,25.8,66.1,100.0,72.4,True,
2026-03-08,P114,PEN02,93,56.81,118.3,1390.3,0.196,0.593,13,57.6,8,18,49,0,25.8,61.8,92.8,62.3,True,
2026-03-09,P114,PEN02,94,56.78,134.5,1256.5,0.156,,14,55.4,9,24,50,0,25.5,62.9,92.2,65.4,True,
2026-03-10,P114,PEN02,95,57.92,127.9,1365.6,0.178,0.517,12,66.6,7,28,42,0,25.8,58.2,95.6,74.3,True,
2026-03-11,P114,PEN02,96,58.96,137.7,1467.2,0.178,0.532,9,50.2,9,34,51,1,25.7,58.1,96.0,63.9,True,
2026-03-12,P114,PEN02,97,58.74,125.0,1541.8,0.206,0.535,13,63.1,8,29,44,0,25.3,59.5,96.6,72.2,True,
2026-03-13,P114,PEN02,98,60.37,123.6,1547.6,0.209,0.464,11,58.3,6,26,52,0,25.2,52.9,99.8,73.5,True,
2026-03-14,P114,PEN02,99,60.84,138.4,1279.2,0.154,0.482,11,63.2,7,28,48,0,24.1,52.7,92.1,75.2,True,
2026-03-15,P114,PEN02,100,61.45,123.9,1385.5,0.186,0.444,14,54.3,9,29,38,1,24.1,62.5,100.0,69.2,True,
2026-03-16,P114,PEN02,101,62.67,133.4,1224.5,0.153,0.519,12,54.7,10,37,53,1,22.8,58.6,91.8,64.5,True,
2026-03-17,P114,PEN02,102,62.81,141.0,1469.6,0.174,0.507,15,66.8,9,21,40,1,23.8,61.6,99.7,76.8,True,
2026-03-18,P114,PEN02,103,63.63,128.4,1560.6,0.203,0.478,13,64.9,5,33,48,0,22.6,57.2,95.8,77.8,True,
2026-03-19,P114,PEN02,104,63.8,132.5,1425.4,0.179,0.535,13,59.0,10,25,52,0,22.5,56.5,91.8,69.6,True,
2026-03-20,P114,PEN02,105,64.96,122.9,1413.5,0.192,0.495,13,67.2,10,29,46,0,21.3,55.8,84.4,75.8,True,
2026-03-21,P114,PEN02,106,65.27,129.6,1082.5,0.139,0.488,14,73.7,9,23,43,0,21.4,53.9,89.0,78.3,True,
2026-03-22,P114,PEN02,107,65.75,,1493.9,0.187,0.53,13,58.2,5,28,44,0,20.7,59.7,81.2,70.1,True,
2026-03-23,P114,PEN02,108,66.94,149.3,1528.8,0.171,0.549,14,52.8,9,26,46,0,19.1,52.3,83.0,68.3,True,
2026-03-24,P114,PEN02,109,67.28,122.7,1246.3,0.169,0.488,13,58.8,7,29,46,0,19.0,54.8,90.4,69.1,True,
2026-03-25,P114,PEN02,110,69.34,127.7,1346.4,0.176,0.484,14,51.5,5,35,51,0,19.2,61.8,99.6,66.4,True,
2026-03-26,P114,PEN02,111,68.81,124.0,1465.0,0.197,0.539,12,65.4,8,27,41,1,19.3,61.3,81.7,71.1,True,
2026-03-27,P114,PEN02,112,69.14,,1166.2,0.151,0.48,13,48.4,7,27,54,0,21.1,55.9,93.3,63.1,True,
2026-03-28,P114,PEN02,113,69.47,132.7,1380.1,0.173,0.513,13,48.0,8,23,37,0,20.4,54.7,100.0,63.4,True,
2026-03-29,P114,PEN02,114,71.95,125.0,1389.9,0.185,0.531,12,60.3,8,25,50,0,20.4,62.7,100.0,69.1,True,
2026-03-30,P114,PEN02,115,71.42,145.1,1484.5,0.171,0.47,12,60.5,7,32,42,1,19.4,57.7,88.8,76.0,True,
2026-03-31,P114,PEN02,116,72.4,120.2,1427.9,0.198,,15,63.5,7,32,45,0,20.1,59.1,88.0,69.9,True,
2026-04-01,P114,PEN02,117,72.73,128.8,1327.9,0.172,0.467,12,66.3,6,25,43,0,21.2,59.9,85.8,77.1,True,
2026-04-02,P114,PEN02,118,74.21,130.9,,0.164,0.456,11,51.3,9,24,38,0,21.9,63.3,93.8,68.0,True,
2026-04-03,P114,PEN02,119,74.58,114.3,1555.3,0.227,0.443,11,65.3,7,32,38,1,21.7,66.1,93.4,76.6,True,
2026-04-04,P114,PEN02,120,75.17,134.1,1368.7,0.17,0.52,11,51.7,9,32,36,1,23.2,68.9,92.0,64.0,True,
2026-04-05,P114,PEN02,121,76.6,108.8,1409.7,0.216,0.489,13,56.9,9,29,39,0,23.4,71.9,93.3,67.2,True,
2026-04-06,P114,PEN02,122,76.14,126.4,1213.1,0.16,0.427,12,45.8,10,28,34,0,24.1,71.2,93.6,64.9,True,
2026-04-07,P114,PEN02,123,77.67,129.1,1189.6,0.154,0.505,11,54.3,8,25,36,0,25.1,73.1,86.8,65.5,True,
2026-04-08,P114,PEN02,124,78.54,135.5,1364.7,0.168,0.558,13,59.9,8,26,40,0,24.4,73.7,92.6,68.4,True,
2026-04-09,P114,PEN02,125,78.65,129.9,1294.6,0.166,0.522,14,64.2,7,30,46,0,25.5,65.8,90.3,72.0,True,
2026-04-10,P114,PEN02,126,80.91,128.2,1501.9,0.195,0.483,14,58.7,5,29,45,0,25.1,69.6,90.3,72.8,True,
2026-04-11,P114,PEN02,127,80.72,125.1,1368.6,0.182,0.525,13,54.0,9,28,45,0,23.8,71.7,97.4,65.2,True,
2026-03-01,P115,PEN03,88,44.19,99.4,1074.3,0.18,0.548,11,48.7,8,27,43,1,22.2,74.8,100.0,51.8,True,
2026-03-02,P115,PEN03,89,45.48,119.8,1078.7,0.15,0.575,12,,8,25,26,1,23.0,80.0,96.3,53.4,True,
2026-03-03,P115,PEN03,90,46.0,105.3,1046.8,0.166,0.515,12,56.9,9,19,35,0,22.5,71.4,93.1,61.4,True,
2026-03-04,P115,PEN03,91,47.06,117.7,1174.6,0.166,0.56,12,46.9,9,16,37,1,23.1,69.1,96.8,53.8,True,
2026-03-05,P115,PEN03,92,47.69,104.0,1342.6,0.215,0.628,14,56.2,7,28,27,0,24.9,63.3,85.1,56.3,True,
2026-03-06,P115,PEN03,93,47.5,104.7,1426.5,0.227,0.524,13,49.2,8,20,45,2,25.0,70.4,99.8,56.6,True,
2026-03-07,P115,PEN03,94,49.1,103.5,1260.4,0.203,0.577,10,55.0,8,20,45,1,24.6,65.7,93.5,56.5,True,
2026-03-08,P115,PEN03,95,49.56,96.9,1178.1,0.203,0.576,16,48.7,8,30,50,0,25.2,64.4,95.2,52.0,True,
2026-03-09,P115,PEN03,96,49.55,103.1,1099.3,0.178,0.619,11,46.2,12,23,44,0,31.2,66.4,92.8,47.7,True,
2026-03-10,P115,PEN03,97,51.56,89.9,1206.7,0.224,0.603,13,59.4,10,23,42,0,29.8,76.4,92.7,56.3,True,
2026-03-11,P115,PEN03,98,52.3,106.0,1028.3,0.162,0.577,8,48.9,11,19,39,1,30.9,63.7,99.3,50.6,True,
2026-03-12,P115,PEN03,99,52.5,99.0,1097.4,0.185,0.539,11,54.9,10,21,47,1,28.8,71.7,92.4,56.6,True,
2026-03-13,P115,PEN03,100,53.69,112.0,1230.7,0.183,0.507,13,51.6,8,28,37,1,25.6,62.4,95.3,59.9,True,
2026-03-14,P115,PEN03,101,54.6,122.4,1126.9,0.154,0.492,11,56.7,8,15,33,0,25.0,59.9,97.2,66.2,True,
2026-03-15,P115,PEN03,102,54.64,107.9,1377.2,0.213,0.554,10,49.0,8,17,34,0,25.4,58.5,87.5,57.3,True,
2026-03-16,P115,PEN03,103,55.29,128.8,1324.8,0.171,0.506,11,62.0,8,20,44,0,24.3,59.8,92.6,71.8,True,
2026-03-17,P115,PEN03,104,56.6,111.4,1123.6,0.168,0.505,13,51.2,8,17,42,0,21.8,52.6,94.7,60.0,True,
2026-03-18,P115,PEN03,105,56.56,115.0,1342.7,0.195,0.527,11,43.5,6,24,44,1,23.7,56.6,97.8,55.0,True,
2026-03-19,P115,PEN03,106,57.37,129.3,1040.2,0.134,0.502,12,43.0,9,24,41,0,22.5,52.6,89.1,56.9,True,
2026-03-20,P115,PEN03,107,58.14,131.6,1208.8,0.153,0.518,12,58.4,7,27,41,0,22.2,56.6,89.3,67.9,True,
2026-03-21,P115,PEN03,108,59.43,104.5,862.5,0.138,0.532,10,54.3,8,27,39,1,21.7,57.0,91.5,55.1,True,
2026-03-22,P115,PEN03,109,59.39,113.2,1353.3,0.199,0.581,14,43.3,7,22,37,0,21.8,55.6,98.8,52.5,True,
2026-03-23,P115,PEN03,110,60.63,113.7,1140.5,0.167,0.529,11,46.4,9,30,33,0,19.5,53.8,85.8,55.9,True,
2026-03-24,P115,PEN03,111,60.89,104.1,1238.6,0.198,0.523,12,51.0,8,23,30,0,19.7,58.2,86.7,58.7,True,
2026-03-25,P115,PEN03,112,61.38,121.0,1334.0,0.184,0.574,13,52.7,7,20,35,1,19.5,58.9,92.4,58.8,True,
2026-03-26,P115,PEN03,113,62.45,119.1,1396.8,0.195,0.48,14,43.1,10,18,44,1,20.1,63.9,98.0,58.9,True,
2026-03-27,P115,PEN03,114,62.42,109.8,1239.7,0.188,0.591,10,60.5,7,18,40,0,20.6,57.9,97.8,61.3,True,
2026-03-28,P115,PEN03,115,64.17,103.9,1180.6,0.189,0.529,12,52.0,7,26,37,0,20.5,61.6,96.3,58.3,True,
2026-03-29,P115,PEN03,116,64.52,96.6,1243.4,0.215,0.511,10,51.4,7,21,36,0,19.2,62.3,92.1,58.6,True,
2026-03-30,P115,PEN03,117,65.95,124.0,1222.8,0.164,0.525,12,53.1,8,22,43,1,19.4,57.9,85.4,61.5,True,
2026-03-31,P115,PEN03,118,65.65,118.0,1053.8,0.149,0.545,10,46.0,6,21,40,0,21.4,61.4,97.1,54.4,True,
2026-04-01,P115,PEN03,119,66.94,112.0,1388.0,0.207,0.504,14,48.6,9,21,36,0,20.5,66.2,91.0,61.1,True,
2026-04-02,P115,PEN03,120,67.43,122.2,1112.3,0.152,0.582,12,48.3,10,27,33,0,21.3,65.0,94.4,54.7,True,
2026-04-03,P115,PEN03,121,67.84,115.1,1194.6,0.173,0.469,12,46.7,9,25,43,0,22.8,68.6,87.8,60.8,True,
2026-04-04,P115,PEN03,122,68.7,112.9,926.2,0.137,0.532,13,43.2,9,19,42,2,23.3,65.9,92.7,48.5,True,
2026-04-05,P115,PEN03,123,69.1,96.7,1095.8,0.189,0.602,8,49.5,8,23,34,2,22.3,66.7,92.0,47.1,True,
2026-04-06,P115,PEN03,124,70.45,99.9,976.0,0.163,0.573,11,34.7,8,19,34,6,23.3,71.7,96.4,33.1,True,
2026-04-07,P115,PEN03,125,69.93,95.2,1217.2,0.213,0.657,10,48.1,6,22,30,3,24.3,76.8,97.2,42.3,True,
2026-04-08,P115,PEN03,126,71.76,85.0,881.1,0.173,0.6,10,43.3,6,18,32,4,24.9,68.9,89.1,36.5,True,
2026-04-09,P115,PEN03,127,71.37,97.1,905.9,0.155,0.668,10,43.8,7,18,32,7,24.6,69.2,99.1,30.4,True,
2026-04-10,P115,PEN03,128,72.2,71.8,934.6,0.217,0.647,12,36.4,7,19,34,4,25.2,72.0,85.3,27.3,True,
2026-04-11,P115,PEN03,129,73.16,87.2,1051.8,0.201,0.664,8,47.3,7,22,32,4,26.7,68.2,92.2,37.0,True,
2026-03-01,P116,PEN04,81,37.23,79.2,790.2,0.166,0.621,12,33.2,6,18,32,0,23.5,73.3,87.3,32.3,True,
2026-03-02,P116,PEN04,82,37.14,68.1,593.8,0.145,0.571,8,37.9,9,9,29,0,25.9,64.9,90.6,34.9,True,
2026-03-03,P116,PEN04,83,38.43,76.6,617.1,0.134,0.623,11,41.6,9,15,33,1,24.7,72.6,98.8,34.1,True,
2026-03-04,P116,PEN04,84,38.19,71.8,982.2,0.228,0.629,10,43.2,9,20,25,0,25.0,70.5,95.5,39.0,True,
2026-03-05,P116,PEN04,85,39.74,64.9,858.1,0.22,0.604,11,40.5,9,20,26,0,27.5,64.3,91.1,36.5,True,
2026-03-06,P116,PEN04,86,40.81,78.4,748.7,0.159,0.616,11,35.6,8,18,32,0,26.8,69.6,92.6,33.6,True,
2026-03-07,P116,PEN04,87,40.67,55.1,819.4,0.248,0.558,8,35.5,8,17,22,0,27.4,66.2,91.8,34.4,True,
2026-03-08,P116,PEN04,88,41.95,59.4,,0.156,0.662,11,34.7,9,14,31,0,26.5,63.0,89.7,25.1,True,
2026-03-09,P116,PEN04,89,42.84,48.9,820.8,0.28,0.668,11,45.3,10,17,27,0,31.3,78.0,90.4,32.6,True,
2026-03-10,P116,PEN04,90,42.94,42.2,514.3,0.203,0.683,9,42.1,13,13,26,1,31.4,70.1,94.2,23.9,True,
2026-03-11,P116,PEN04,91,44.45,65.0,650.7,0.167,0.637,10,45.8,12,15,30,2,32.6,64.6,98.3,33.0,True,
2026-03-12,P116,PEN04,92,45.32,46.6,,0.222,0.664,8,36.2,9,19,28,0,33.0,63.5,96.8,24.5,True,
2026-03-13,P116,PEN04,93,45.48,70.9,860.8,0.202,0.619,8,32.2,8,12,35,0,25.7,60.2,95.7,31.2,True,
2026-03-14,P116,PEN04,94,46.73,66.1,708.8,0.179,0.668,8,50.9,8,14,26,0,27.0,59.7,94.9,37.8,True,
2026-03-15,P116,PEN04,95,46.63,66.5,559.1,0.14,0.617,10,35.8,9,26,33,1,25.2,58.2,89.3,28.5,True,
2026-03-16,P116,PEN04,96,48.45,63.9,610.8,0.159,0.674,10,36.7,6,13,27,1,25.7,64.6,92.9,25.5,True,
2026-03-17,P116,PEN04,97,48.55,76.0,933.8,0.205,0.619,11,45.3,7,10,34,0,24.0,54.2,93.7,41.2,True,
2026-03-18,P116,PEN04,98,50.06,85.0,800.9,0.157,0.64,8,40.5,8,14,28,0,24.8,59.9,94.2,36.8,True,
2026-03-19,P116,PEN04,99,49.89,60.8,868.2,0.238,0.615,10,39.9,7,13,30,1,22.9,58.8,97.8,33.5,True,
2026-03-20,P116,PEN04,100,50.05,78.3,752.3,0.16,0.639,10,38.5,8,16,32,1,22.5,59.8,90.3,32.6,True,
2026-03-21,P116,PEN04,101,51.29,60.6,845.8,0.233,0.621,9,35.3,7,11,22,0,21.3,52.0,94.0,31.2,True,
2026-03-22,P116,PEN04,102,51.78,64.5,735.5,0.19,0.629,12,38.1,7,17,30,1,22.5,66.1,93.2,30.6,True,
2026-03-23,P116,PEN04,103,53.61,61.6,736.2,0.199,0.649,10,38.4,8,15,40,0,22.1,54.2,92.0,30.5,True,
2026-03-24,P116,PEN04,104,54.37,95.8,809.6,0.141,0.574,10,32.1,10,24,28,0,20.4,60.9,92.7,37.5,True,
2026-03-25,P116,PEN04,105,54.23,68.4,760.8,0.185,0.634,7,40.2,7,16,23,0,20.7,55.4,92.2,34.0,True,
2026-03-26,P116,PEN04,106,54.82,61.5,764.7,0.207,0.573,10,36.8,8,12,28,1,21.5,57.2,98.7,33.3,True,
2026-03-27,P116,PEN04,107,55.8,73.4,956.0,0.217,0.637,10,45.1,7,11,35,1,20.9,66.3,100.0,38.3,True,
2026-03-28,P116,PEN04,108,57.38,54.1,710.8,0.219,0.669,11,35.7,7,16,33,2,21.1,57.6,100.0,23.2,True,
2026-03-29,P116,PEN04,109,57.57,76.1,654.6,0.143,0.613,8,42.8,6,23,36,0,21.1,61.4,90.0,37.2,True,
2026-03-30,P116,PEN04,110,57.86,84.8,717.4,0.141,0.645,11,38.7,9,11,30,1,22.3,69.3,96.6,33.1,True,
2026-03-31,P116,PEN04,111,59.15,71.8,884.1,0.205,0.633,8,41.9,9,18,26,0,22.8,63.7,89.4,36.9,True,
2026-04-01,P116,PEN04,112,60.15,72.9,873.5,0.2,0.628,8,33.3,7,18,33,0,22.6,70.0,100.0,31.7,True,
2026-04-02,P116,PEN04,113,60.34,83.7,787.8,0.157,0.63,9,41.3,7,12,34,0,21.7,66.5,96.0,37.7,True,
2026-04-03,P116,PEN04,114,61.48,64.9,884.7,0.227,0.615,10,25.0,6,9,22,0,23.5,70.6,100.0,26.0,True,
2026-04-04,P116,PEN04,115,61.14,58.9,827.3,0.234,0.58,10,38.0,8,17,30,0,24.7,68.5,85.4,35.2,True,
2026-04-05,P116,PEN04,116,62.16,60.0,668.2,0.185,0.577,9,41.8,10,10,25,0,24.7,69.6,92.7,36.5,True,
2026-04-06,P116,PEN04,117,63.97,76.6,827.8,0.18,0.634,10,38.8,6,15,33,0,26.0,70.4,99.0,35.1,True,
2026-04-07,P116,PEN04,118,63.86,79.0,897.5,0.189,0.579,9,48.1,9,15,24,0,26.5,73.0,98.9,45.8,True,
2026-04-08,P116,PEN04,119,64.86,91.1,718.7,0.131,0.678,8,31.6,8,18,22,0,26.8,76.8,100.0,28.8,True,
2026-04-09,P116,PEN04,120,65.6,65.6,958.1,0.243,0.647,10,36.4,9,18,28,1,26.3,63.5,99.8,30.8,True,
2026-04-10,P116,PEN04,121,65.31,46.4,760.1,0.273,0.648,9,45.1,10,12,27,0,27.0,77.1,90.0,32.7,True,
2026-04-11,P116,PEN04,122,67.09,80.6,830.8,0.172,0.585,9,46.8,10,20,23,1,26.6,69.0,100.0,42.7,True,
2026-03-01,P117,PEN05,83,36.24,112.0,1308.3,0.195,0.546,13,48.6,9,28,44,0,21.4,71.2,94.8,57.6,True,
2026-03-02,P117,PEN05,84,37.42,122.9,1210.9,0.164,0.541,12,55.4,8,24,46,0,23.2,68.1,100.0,63.1,True,
2026-03-03,P117,PEN05,85,37.56,132.3,1435.4,0.181,0.523,9,62.3,10,28,47,0,24.0,75.9,92.9,72.5,True,
2026-03-04,P117,PEN05,86,38.13,127.0,1323.7,0.174,0.454,14,57.5,8,24,40,1,24.1,66.4,91.8,70.5,True,
2026-03-05,P117,PEN05,87,40.02,128.8,1272.8,0.165,0.526,14,52.4,8,30,46,0,24.1,71.7,92.8,63.7,True,
2026-03-06,P117,PEN05,88,40.29,114.3,1360.2,0.198,0.607,12,46.1,6,27,45,0,25.1,65.8,91.8,52.9,True,
2026-03-07,P117,PEN05,89,41.13,99.8,1433.8,0.239,0.522,14,70.5,8,25,42,0,27.1,65.6,95.2,72.8,True,
2026-03-08,P117,PEN05,90,41.61,150.4,1246.2,0.138,0.585,14,50.5,8,32,38,2,26.6,67.8,99.2,59.0,True,
2026-03-09,P117,PEN05,91,41.56,113.2,,0.206,0.545,12,51.1,7,28,43,0,25.3,66.5,92.9,60.4,True,
2026-03-10,P117,PEN05,92,42.69,118.8,1178.6,0.165,0.496,15,47.3,10,26,40,0,25.2,63.1,93.6,59.8,True,
2026-03-11,P117,PEN05,93,43.64,120.8,1407.0,0.194,0.466,14,62.7,9,27,46,0,25.9,62.9,93.8,74.3,True,
2026-03-12,P117,PEN05,94,43.41,138.3,1355.9,0.163,0.523,13,,7,29,45,2,24.7,62.5,98.9,62.4,True,
2026-03-13,P117,PEN05,95,44.8,121.5,1272.2,0.174,0.526,11,43.1,9,23,40,0,24.5,54.6,94.3,56.5,True,
2026-03-14,P117,PEN05,96,45.41,108.5,1536.8,0.236,0.505,13,57.3,8,26,47,0,24.9,60.4,91.3,67.7,True,
2026-03-15,P117,PEN05,97,47.1,111.1,1384.8,0.208,0.546,12,54.8,5,27,36,1,24.2,54.9,95.2,60.9,True,
2026-03-16,P117,PEN05,98,47.64,160.0,1354.8,0.141,0.498,13,49.8,7,20,40,0,24.7,57.4,95.4,69.7,True,
2026-03-17,P117,PEN05,99,47.52,134.9,1171.0,0.145,0.505,13,56.4,7,31,36,0,26.0,54.4,89.7,67.7,True,
2026-03-18,P117,PEN05,100,49.08,121.4,1266.4,0.174,0.566,13,56.3,10,28,35,0,22.9,48.0,96.8,62.4,True,
2026-03-19,P117,PEN05,101,48.68,119.9,1423.3,0.198,0.527,13,54.0,9,30,41,0,21.4,52.9,98.2,64.8,True,
2026-03-20,P117,PEN05,102,49.69,134.3,1406.1,0.175,0.477,11,55.6,7,33,33,0,21.9,51.7,92.9,71.2,True,
2026-03-21,P117,PEN05,103,50.47,105.2,1212.3,0.192,0.531,14,61.6,8,23,39,0,22.0,52.4,93.6,65.0,True,
2026-03-22,P117,PEN05,104,52.02,139.4,1474.3,0.176,0.516,12,48.7,7,25,43,1,21.6,55.0,86.8,64.3,True,
2026-03-23,P117,PEN05,105,51.35,128.4,1169.1,0.152,0.483,14,54.3,8,23,43,1,19.6,56.1,84.5,65.2,True,
2026-03-24,P117,PEN05,106,52.62,123.1,1072.4,0.145,0.51,15,61.6,8,28,43,0,19.0,54.3,99.1,67.9,True,
2026-03-25,P117,PEN05,107,53.02,128.1,1148.2,0.149,0.504,13,,7,22,38,0,20.2,56.9,96.3,69.2,True,
2026-03-26,P117,PEN05,108,54.88,123.5,1238.5,0.167,0.48,12,58.4,7,24,39,0,20.4,58.8,100.0,69.4,True,
2026-03-27,P117,PEN05,109,55.36,130.9,1507.2,0.192,0.504,12,52.6,7,26,47,1,20.2,57.6,95.9,66.6,True,
2026-03-28,P117,PEN05,110,55.45,135.7,1206.1,0.148,0.551,14,63.9,8,21,33,1,20.1,63.0,97.0,68.6,True,
2026-03-29,P117,PEN05,111,57.01,134.3,1423.6,0.177,0.519,13,64.7,9,23,35,0,21.2,64.2,98.5,74.5,True,
2026-03-30,P117,PEN05,112,57.96,134.8,1258.7,0.156,0.513,11,61.6,9,30,50,1,19.9,63.9,88.5,70.0,True,
2026-03-31,P117,PEN05,113,57.76,122.3,1343.9,0.183,0.502,13,57.2,8,26,41,1,21.3,67.8,98.0,66.7,True,
2026-04-01,P117,PEN05,114,58.35,109.0,1103.0,0.169,0.452,12,57.3,8,36,40,1,21.8,63.7,93.0,65.4,True,
2026-04-02,P117,PEN05,115,58.76,126.4,1079.6,0.142,0.443,11,62.4,7,22,38,1,23.5,62.0,97.0,71.9,True,
2026-04-03,P117,PEN05,116,60.22,129.2,1154.3,0.149,0.53,12,64.5,10,29,38,0,21.6,68.1,85.9,70.2,True,
2026-04-04,P117,PEN05,117,61.15,110.9,1232.9,0.185,0.491,10,63.8,9,24,44,0,23.3,70.0,95.9,70.2,True,
2026-04-05,P117,PEN05,118,61.49,106.4,1255.5,0.197,0.581,12,55.9,6,16,43,0,23.3,65.9,92.9,58.7,True,
2026-04-06,P117,PEN05,119,62.58,119.2,1268.1,0.177,0.49,12,58.3,8,29,47,0,23.7,73.0,97.1,68.3,True,
2026-04-07,P117,PEN05,120,62.79,121.5,1224.6,0.168,0.545,12,59.5,8,33,43,0,24.1,75.4,95.5,65.4,True,
2026-04-08,P117,PEN05,121,64.58,126.3,1266.5,0.167,0.556,10,65.8,9,27,43,0,24.0,73.7,100.0,70.0,True,
2026-04-09,P117,PEN05,122,64.68,122.7,1153.7,0.157,0.535,14,65.0,8,22,42,2,25.5,70.3,93.0,66.4,True,
2026-04-10,P117,PEN05,123,64.89,99.3,1464.8,0.246,0.502,12,57.6,9,28,39,0,25.9,72.4,96.7,65.8,True,
2026-04-11,P117,PEN05,124,65.16,121.6,1166.8,0.16,0.513,11,54.8,6,28,40,0,25.2,76.2,89.6,63.9,True,
2026-03-01,P118,PEN06,81,34.8,96.2,1046.4,0.181,0.524,12,58.8,8,18,31,0,23.7,70.0,88.9,60.5,True,
2026-03-02,P118,PEN06,82,34.56,90.7,797.9,0.147,0.592,14,47.8,9,21,35,0,22.7,71.8,100.0,45.6,True,
2026-03-03,P118,PEN06,83,35.93,104.0,1009.5,0.162,0.554,10,56.8,9,19,35,0,23.9,69.3,95.4,58.1,True,
2026-03-04,P118,PEN06,84,36.35,105.9,1292.9,0.203,0.569,9,44.4,10,15,32,0,26.1,64.3,100.0,52.2,True,
2026-03-05,P118,PEN06,85,37.11,99.0,1032.7,0.174,0.584,13,49.0,9,25,31,0,24.4,66.6,98.2,50.6,True,
2026-03-06,P118,PEN06,86,38.16,115.5,,0.159,0.525,11,40.7,9,22,35,1,25.2,74.1,93.1,51.0,True,
2026-03-07,P118,PEN06,87,38.64,117.8,816.6,0.116,0.495,11,43.4,7,22,36,0,27.0,69.1,91.9,53.6,True,
2026-03-08,P118,PEN06,88,39.08,89.0,930.1,0.174,0.554,10,51.7,7,24,34,0,26.8,67.7,94.8,51.6,True,
2026-03-09,P118,PEN06,89,40.78,102.8,1260.7,0.204,0.635,11,43.6,9,11,31,0,26.6,67.3,92.6,46.7,True,
2026-03-10,P118,PEN06,90,40.82,84.3,1107.8,0.219,0.56,11,50.5,6,21,43,0,26.0,62.7,96.6,51.5,True,
2026-03-11,P118,PEN06,91,42.47,111.3,949.2,0.142,0.622,13,47.8,9,19,36,1,25.9,63.7,92.0,47.1,True,
2026-03-12,P118,PEN06,92,42.19,83.8,1134.9,0.226,0.584,9,43.0,8,21,34,0,27.3,59.9,86.1,45.2,True,
2026-03-13,P118,PEN06,93,43.1,118.8,1090.6,0.153,0.604,11,55.7,6,25,39,0,25.5,57.5,87.4,57.3,True,
2026-03-14,P118,PEN06,94,43.55,99.7,937.7,0.157,0.562,10,46.5,7,26,41,1,25.6,61.1,87.7,48.2,True,
2026-03-15,P118,PEN06,95,44.31,94.0,993.4,0.176,0.595,12,38.5,7,26,33,0,24.9,58.1,89.3,41.8,True,
2026-03-16,P118,PEN06,96,44.93,95.2,869.5,0.152,0.594,12,48.3,8,29,31,2,24.2,59.6,94.0,44.4,True,
2026-03-17,P118,PEN06,97,45.88,105.7,970.7,0.153,0.633,11,45.3,5,25,37,0,24.2,52.2,90.4,45.5,True,
2026-03-18,P118,PEN06,98,46.7,89.3,1146.7,0.214,0.542,10,43.2,9,21,36,1,22.4,56.5,92.3,47.7,True,
2026-03-19,P118,PEN06,99,47.45,88.0,1077.1,0.204,0.62,11,51.3,7,20,39,0,22.7,58.2,93.8,48.4,True,
2026-03-20,P118,PEN06,100,47.63,94.6,1223.0,0.215,0.542,8,47.0,9,21,34,0,22.4,53.6,95.3,53.2,True,
2026-03-21,P118,PEN06,101,48.59,95.9,1015.6,0.176,0.528,11,48.3,7,27,33,0,22.3,55.2,100.0,53.0,True,
2026-03-22,P118,PEN06,102,49.48,87.6,1055.1,0.201,0.57,8,51.5,11,23,35,0,20.8,57.4,99.1,51.5,True,
2026-03-23,P118,PEN06,103,50.01,109.4,966.8,0.147,0.593,9,47.8,7,22,33,0,20.8,55.1,92.7,50.2,True,
2026-03-24,P118,PEN06,104,51.0,89.5,1081.3,0.201,0.596,10,45.9,9,21,31,1,21.0,54.0,93.7,45.3,True,
2026-03-25,P118,PEN06,105,52.41,96.0,1150.7,0.2,0.553,10,49.2,7,19,41,1,20.9,59.6,92.8,52.0,True,
2026-03-26,P118,PEN06,106,53.6,101.3,970.2,0.16,0.566,9,48.3,9,28,43,0,20.2,52.6,94.1,51.1,True,
2026-03-27,P118,PEN06,107,52.38,105.8,1038.1,0.164,0.548,11,41.5,7,24,42,0,20.7,63.2,92.6,49.1,True,
2026-03-28,P118,PEN06,108,53.69,119.8,1009.4,0.14,0.545,10,52.5,6,23,41,1,19.8,62.1,90.6,57.1,True,
2026-03-29,P118,PEN06,109,54.5,109.9,1053.4,0.16,0.546,9,55.2,8,23,32,0,21.0,64.1,87.3,59.0,True,
2026-03-30,P118,PEN06,110,54.96,96.2,940.0,0.163,0.549,11,53.5,10,18,45,1,21.8,64.4,97.4,53.0,True,
2026-03-31,P118,PEN06,111,55.14,108.0,1183.1,0.183,0.571,11,45.5,8,28,36,0,22.4,59.2,98.5,52.1,True,
2026-04-01,P118,PEN06,112,56.13,98.1,1081.9,0.184,0.608,11,43.0,11,10,44,0,21.3,68.6,97.5,45.5,True,
2026-04-02,P118,PEN06,113,57.2,111.1,1348.8,0.202,0.599,10,44.4,7,20,29,0,23.1,63.6,92.4,51.7,True,
2026-04-03,P118,PEN06,114,58.18,105.5,941.8,0.149,0.492,11,47.9,6,24,31,1,22.3,65.2,94.5,54.5,True,
2026-04-04,P118,PEN06,115,59.18,96.7,941.8,0.162,0.555,10,53.6,7,19,32,0,22.2,72.0,95.0,54.2,True,
2026-04-05,P118,PEN06,116,59.61,105.3,1059.1,0.168,0.621,12,46.7,9,26,34,1,23.6,71.9,84.9,46.5,True,
2026-04-06,P118,PEN06,117,60.62,97.5,1153.4,0.197,0.575,11,50.7,9,23,38,2,23.8,70.0,92.2,50.4,True,
2026-04-07,P118,PEN06,118,60.21,108.9,1276.6,0.195,0.563,10,45.1,7,20,34,0,26.1,72.3,99.2,53.4,True,
2026-04-08,P118,PEN06,119,61.83,78.7,1004.9,0.213,0.564,12,49.8,10,21,34,0,24.8,70.1,90.7,48.8,True,
2026-04-09,P118,PEN06,120,62.85,103.3,1038.7,0.168,0.563,11,47.8,6,19,45,1,26.2,67.9,98.2,50.5,True,
2026-04-10,P118,PEN06,121,62.47,110.2,1054.4,0.159,0.606,11,47.8,10,22,41,0,25.5,72.4,78.1,50.3,True,
2026-04-11,P118,PEN06,122,63.74,83.5,1050.6,0.21,0.524,13,52.5,8,19,39,1,24.0,73.5,86.2,53.0,True,
2026-03-01,P119,PEN07,89,40.3,88.2,929.3,0.176,0.59,12,41.8,8,17,31,0,23.6,70.9,92.5,42.7,True,
2026-03-02,P119,PEN07,90,40.52,95.9,1049.0,0.182,0.591,10,46.5,9,12,36,0,23.0,71.0,94.1,48.1,True,
2026-03-03,P119,PEN07,91,41.2,93.5,799.6,0.142,0.527,10,47.7,5,14,37,0,24.4,71.9,91.9,50.2,True,
2026-03-04,P119,PEN07,92,41.5,95.3,1149.4,0.201,0.569,11,49.5,10,18,30,0,24.6,69.8,93.0,52.4,True,
2026-03-05,P119,PEN07,93,42.09,97.2,1162.0,0.199,0.585,12,48.1,12,19,39,0,24.9,71.2,85.4,50.9,True,
2026-03-06,P119,PEN07,94,41.87,105.8,1170.1,0.184,0.585,12,48.1,7,16,30,1,25.0,66.5,88.9,51.0,True,
2026-03-07,P119,PEN07,95,43.42,90.8,1106.6,0.203,0.561,9,41.1,7,22,30,0,26.0,72.2,91.5,46.3,True,
2026-03-08,P119,PEN07,96,44.73,81.9,1099.4,0.224,0.626,9,45.9,9,17,19,0,25.0,70.9,91.3,43.7,True,
2026-03-09,P119,PEN07,97,43.91,89.2,907.8,0.17,0.529,12,42.6,9,11,23,0,25.8,71.3,93.8,47.1,True,
2026-03-10,P119,PEN07,98,45.27,81.5,892.0,0.182,0.555,12,50.4,8,12,34,2,26.6,61.7,86.9,46.3,True,
2026-03-11,P119,PEN07,99,46.2,97.0,878.7,0.151,0.61,12,42.0,7,18,33,0,25.5,64.3,95.9,42.4,True,
2026-03-12,P119,PEN07,100,47.8,81.1,816.0,0.168,0.478,11,43.9,8,13,34,0,26.1,54.9,84.2,49.1,True,
2026-03-13,P119,PEN07,101,47.97,104.4,940.0,0.15,0.586,11,37.5,7,19,27,0,25.1,58.6,96.6,42.9,True,
2026-03-14,P119,PEN07,102,48.88,103.1,819.5,0.132,0.581,10,39.6,10,22,40,0,25.3,58.9,94.8,43.2,True,
2026-03-15,P119,PEN07,103,49.68,96.9,1140.5,0.196,0.573,9,41.2,8,21,31,0,22.7,57.0,89.4,47.0,True,
2026-03-16,P119,PEN07,104,49.77,96.6,889.3,0.153,0.631,10,46.7,8,16,36,0,24.7,56.5,92.6,44.1,True,
2026-03-17,P119,PEN07,105,49.95,111.7,881.5,0.132,0.603,10,37.7,5,18,34,0,23.0,60.0,100.0,42.5,True,
2026-03-18,P119,PEN07,106,52.57,91.5,964.9,0.176,0.537,10,53.2,8,23,30,0,24.5,51.1,96.2,54.5,True,
2026-03-19,P119,PEN07,107,52.77,106.8,1062.1,0.166,0.63,9,41.5,9,17,36,0,21.7,55.6,95.8,44.2,True,
2026-03-20,P119,PEN07,108,53.45,82.9,1068.0,0.215,0.562,9,35.9,9,19,39,1,22.6,51.1,91.4,39.9,True,
2026-03-21,P119,PEN07,109,54.03,95.6,1071.6,0.187,0.61,9,36.7,7,25,25,0,22.0,52.2,89.7,40.8,True,
2026-03-22,P119,PEN07,110,53.92,97.3,1072.8,0.184,0.597,11,47.1,6,19,29,1,20.7,54.9,84.4,47.2,True,
2026-03-23,P119,PEN07,111,55.86,87.2,1144.3,0.219,0.575,12,36.1,9,19,42,0,20.2,52.4,97.0,42.0,True,
2026-03-24,P119,PEN07,112,55.83,91.3,817.0,0.149,0.582,10,47.0,8,18,27,0,20.3,53.3,95.1,46.0,True,
2026-03-25,P119,PEN07,113,56.16,87.3,877.6,0.168,0.609,11,47.0,6,25,29,0,20.1,55.1,89.1,44.2,True,
2026-03-26,P119,PEN07,114,58.55,96.0,907.4,0.158,0.651,11,47.0,8,21,37,1,19.4,64.2,94.4,41.7,True,
2026-03-27,P119,PEN07,115,58.06,84.8,1297.9,0.255,0.501,11,54.6,7,20,41,0,19.9,55.1,100.0,60.0,True,
2026-03-28,P119,PEN07,116,59.72,87.8,762.7,0.145,0.542,12,46.4,6,19,35,0,19.7,59.5,93.1,47.1,True,
2026-03-29,P119,PEN07,117,59.5,94.4,702.3,0.124,0.561,11,58.0,7,14,34,1,20.0,58.3,92.5,52.5,True,
2026-03-30,P119,PEN07,118,60.04,88.6,1130.4,0.213,0.639,10,37.8,10,24,32,1,20.4,60.4,96.7,37.6,True,
2026-03-31,P119,PEN07,119,61.22,95.6,1214.5,0.212,0.604,13,36.8,8,24,25,2,21.7,58.4,86.2,39.8,True,
2026-04-01,P119,PEN07,120,62.42,94.5,1089.6,0.192,0.603,13,53.0,9,12,32,0,20.9,62.1,94.9,51.7,True,
2026-04-02,P119,PEN07,121,62.87,93.0,935.7,0.168,0.591,9,33.8,10,10,30,0,22.1,68.0,100.0,38.2,True,
2026-04-03,P119,PEN07,122,63.46,,1003.2,0.172,0.596,11,38.2,7,16,33,0,21.8,66.4,97.2,42.2,True,
2026-04-04,P119,PEN07,123,62.92,87.4,1038.0,0.198,0.519,11,39.1,8,21,41,1,23.3,68.7,100.0,45.1,True,
2026-04-05,P119,PEN07,124,65.13,90.0,932.6,0.173,0.568,10,46.6,10,19,32,0,23.4,71.5,89.0,47.6,True,
2026-04-06,P119,PEN07,125,66.0,104.3,1123.4,0.179,0.628,8,,7,21,31,0,23.7,71.7,97.0,45.0,True,
2026-04-07,P119,PEN07,126,66.69,86.7,1050.4,0.202,0.61,9,51.7,8,19,27,0,24.0,70.2,93.9,48.8,True,
2026-04-08,P119,PEN07,127,66.67,98.4,909.5,0.154,0.575,11,51.5,6,20,41,0,25.4,72.2,96.5,51.4,True,
2026-04-09,P119,PEN07,128,67.24,88.6,961.8,0.181,0.559,9,41.0,7,21,34,0,25.2,65.8,91.3,44.6,True,
2026-04-10,P119,PEN07,129,67.9,81.6,832.9,0.17,0.583,11,54.6,10,23,33,0,26.9,69.5,100.0,49.5,True,
2026-04-11,P119,PEN07,130,69.18,72.4,978.4,0.225,0.58,10,38.2,8,24,29,1,25.9,65.1,90.8,37.6,True,
2026-03-01,P120,PEN08,82,47.56,75.2,643.0,0.143,0.545,10,43.5,9,9,33,0,23.9,72.3,84.5,41.8,True,
2026-03-02,P120,PEN08,83,48.61,80.1,936.4,0.195,0.629,12,42.9,8,28,34,0,24.3,70.2,97.3,39.7,True,
2026-03-03,P120,PEN08,84,48.89,91.6,1131.9,0.206,0.612,11,50.2,8,20,34,0,25.4,70.2,93.5,49.4,True,
2026-03-04,P120,PEN08,85,49.4,84.1,991.8,0.197,0.614,10,37.3,7,14,39,1,26.5,63.5,90.3,36.8,True,
2026-03-05,P120,PEN08,86,50.84,97.5,903.9,0.155,0.619,9,49.7,9,22,34,0,26.0,72.5,87.3,47.2,True,
2026-03-06,P120,PEN08,87,51.49,81.8,1008.7,0.205,0.595,10,41.0,8,26,27,1,26.1,59.1,91.1,40.2,True,
2026-03-07,P120,PEN08,88,52.19,92.5,825.9,0.149,0.57,8,38.4,8,17,38,0,26.8,66.3,100.0,41.5,True,
2026-03-08,P120,PEN08,89,52.58,86.3,,0.18,0.541,7,46.1,8,13,25,0,28.6,68.0,81.9,48.5,True,
2026-03-09,P120,PEN08,90,53.37,84.2,1020.8,0.202,0.566,13,36.7,7,19,29,0,29.0,63.3,99.4,41.3,True,
2026-03-10,P120,PEN08,91,54.33,103.7,955.5,0.154,0.545,10,41.7,7,18,21,1,28.4,64.1,100.0,46.9,True,
2026-03-11,P120,PEN08,92,55.35,76.3,956.2,0.209,0.637,10,47.9,9,20,30,1,27.1,57.6,96.3,40.6,True,
2026-03-12,P120,PEN08,93,55.66,85.8,998.5,0.194,0.61,11,44.0,5,20,35,1,27.1,61.7,93.3,41.7,True,
2026-03-13,P120,PEN08,94,56.1,87.9,945.4,0.179,0.641,11,42.4,8,21,36,0,26.1,57.5,92.1,39.9,True,
2026-03-14,P120,PEN08,95,55.71,96.7,1000.4,0.172,0.576,12,44.5,8,21,30,0,26.7,56.7,88.5,47.5,True,
2026-03-15,P120,PEN08,96,56.89,84.8,959.6,0.189,0.531,11,49.8,8,24,31,1,25.8,56.3,92.5,50.2,True,
2026-03-16,P120,PEN08,97,57.7,95.1,1111.8,0.195,0.582,11,51.6,8,18,28,0,24.6,53.5,97.0,52.5,True,
2026-03-17,P120,PEN08,98,59.0,83.8,1054.0,0.21,0.592,8,48.2,5,22,34,0,24.5,49.8,94.8,47.3,True,
2026-03-18,P120,PEN08,99,59.14,87.6,962.4,0.183,0.599,11,47.0,7,21,31,0,25.4,49.2,89.9,45.8,True,
2026-03-19,P120,PEN08,100,60.63,93.7,912.3,0.162,0.592,11,44.8,8,16,38,0,24.2,51.3,95.9,45.2,True,
2026-03-20,P120,PEN08,101,61.32,84.1,922.0,0.183,0.557,10,44.3,8,15,31,0,23.8,54.3,100.0,45.8,True,
2026-03-21,P120,PEN08,102,61.85,90.6,939.4,0.173,0.651,9,41.2,8,11,36,0,23.1,50.1,100.0,38.9,True,
2026-03-22,P120,PEN08,103,62.55,81.7,1063.8,0.217,0.59,10,42.0,9,20,34,0,23.1,59.6,92.0,43.1,True,
2026-03-23,P120,PEN08,104,62.78,89.3,836.4,0.156,0.595,11,38.7,8,20,24,0,21.7,53.9,91.6,39.6,True,
2026-03-24,P120,PEN08,105,63.98,79.4,716.5,0.15,0.621,11,41.5,8,16,32,0,21.8,54.5,93.2,37.0,True,
2026-03-25,P120,PEN08,106,65.26,91.1,1114.6,0.204,0.588,9,41.9,8,16,30,0,21.2,54.4,99.5,45.2,True,
2026-03-26,P120,PEN08,107,65.64,86.1,991.4,0.192,0.52,9,44.4,9,12,33,0,22.0,54.3,90.9,49.2,True,
2026-03-27,P120,PEN08,108,66.01,78.9,825.4,0.174,0.567,11,48.9,8,13,29,0,22.5,64.9,96.6,46.3,True,
2026-03-28,P120,PEN08,109,66.52,82.0,844.7,0.172,0.551,10,33.8,10,17,28,0,22.3,60.2,94.3,38.2,True,
2026-03-29,P120,PEN08,110,67.47,75.2,927.2,0.206,0.534,8,42.8,7,16,43,1,21.1,55.5,100.0,43.5,True,
2026-03-30,P120,PEN08,111,69.06,86.6,906.6,0.175,0.58,8,38.6,7,19,28,1,22.2,64.0,94.2,39.4,True,
2026-03-31,P120,PEN08,112,69.32,96.2,1044.3,0.181,0.552,12,39.2,7,17,35,0,21.4,61.4,100.0,45.9,True,
2026-04-01,P120,PEN08,113,69.82,77.7,711.5,0.153,0.638,10,36.6,9,19,24,3,23.8,65.6,86.1,28.1,True,
2026-04-02,P120,PEN08,114,70.43,82.8,916.6,0.184,0.631,10,40.6,8,14,29,0,23.4,66.2,82.7,38.3,True,
2026-04-03,P120,PEN08,115,71.75,108.7,852.8,0.131,0.602,11,40.4,9,21,33,1,24.5,65.3,80.3,42.2,True,
2026-04-04,P120,PEN08,116,72.53,71.0,878.2,0.206,0.599,11,38.2,7,14,32,0,24.2,65.3,96.0,36.5,True,
2026-04-05,P120,PEN08,117,72.28,80.7,893.8,0.185,0.575,10,40.0,9,17,29,2,24.3,74.5,100.0,38.1,True,
2026-04-06,P120,PEN08,118,72.9,94.0,771.4,0.137,0.596,11,47.6,9,16,28,0,25.6,68.5,95.9,45.5,True,
2026-04-07,P120,PEN08,119,74.25,59.5,953.5,0.267,0.59,10,29.3,4,17,42,1,26.4,73.8,91.9,28.9,True,
2026-04-08,P120,PEN08,120,74.69,78.4,971.1,0.206,0.583,11,41.5,9,19,32,1,27.1,67.6,95.7,40.4,True,
2026-04-09,P120,PEN08,121,75.19,90.5,780.3,0.144,0.567,12,41.6,7,8,36,0,26.6,71.5,100.0,43.0,True,
2026-04-10,P120,PEN08,122,76.36,86.0,885.0,0.172,0.596,12,45.9,8,21,27,0,28.6,71.7,100.0,44.2,True,
2026-04-11,P120,PEN08,123,76.77,88.2,1248.4,0.236,0.609,11,45.5,9,22,29,0,26.7,75.2,100.0,47.1,True,
2026-03-21,P076,PEN04,106,51.92,74.6,765.7,0.171,0.609,11,35.5,9,14,30,0,22.4,54.5,95.2,33.6,True,
2026-04-04,P036,PEN04,114,70.05,62.3,650.2,0.174,0.59,7,33.5,6,16,24,0,23.6,71.4,95.9,30.3,True,
2026-04-07,P063,PEN07,120,76.76,48.7,424.1,0.145,0.665,6,24.7,6,16,26,0,22.7,67.5,99.8,15.4,True,
2026-03-29,P116,PEN04,109,57.57,76.1,654.6,0.143,0.613,8,42.8,6,23,36,0,21.1,61.4,90.0,37.2,True,
2026-04-10,P120,PEN08,122,76.36,86.0,885.0,0.172,0.596,12,45.9,8,21,27,0,28.6,71.7,100.0,44.2,True,
